
> prisma@31.3.4 build /home/runner/work/language-tools/language-tools/packages/vscode
> node esbuild.mjs --production

Cleaning dist directory...
Building extension...

  dist/extension.js  1.4mb ⚠️

⚡ Done in 273ms
Extension bundle analysis:

  dist/extension.js                                                                                                                                                                                          1.4mb  100.0%
   ├ ../../node_modules/.pnpm/@electric-sql+pglite@0.3.2/node_modules/@electric-sql/pglite/dist/index.cjs                                                                                                  577.9kb   40.9%
   ├ ../../node_modules/.pnpm/valibot@1.1.0_typescript@5.7.3/node_modules/valibot/dist/index.cjs                                                                                                            77.3kb    5.5%
   ├ ../../node_modules/.pnpm/zod@3.24.3/node_modules/zod/lib/types.js                                                                                                                                      58.1kb    4.1%
   ├ ../../node_modules/.pnpm/vscode-languageclient@7.0.0/node_modules/vscode-languageclient/lib/common/client.js                                                                                           55.7kb    3.9%
   ├ ../../node_modules/.pnpm/vscode-languageserver-types@3.16.0/node_modules/vscode-languageserver-types/lib/umd/main.js                                                                                   24.4kb    1.7%
   ├ ../../node_modules/.pnpm/checkpoint-client@1.1.33/node_modules/checkpoint-client/dist/index.js                                                                                                         19.5kb    1.4%
   ├ ../../node_modules/.pnpm/@electric-sql+pglite-tools@0.2.7_@electric-sql+pglite@0.3.2/node_modules/@electric-sql/pglite-tools/dist/pg_dump.cjs                                                          18.8kb    1.3%
   ├ ../../node_modules/.pnpm/vscode-languageserver-protocol@3.16.0/node_modules/vscode-languageserver-protocol/lib/common/protocol.js                                                                      16.0kb    1.1%
   ├ ../../node_modules/.pnpm/vscode-jsonrpc@6.0.0/node_modules/vscode-jsonrpc/lib/common/connection.js                                                                                                     15.5kb    1.1%
   ├ ../../node_modules/.pnpm/postgres@3.4.7/node_modules/postgres/cjs/src/connection.js                                                                                                                    14.6kb    1.0%
   ├ ../../node_modules/.pnpm/@prisma+dev@0.11.1_typescript@5.7.3/node_modules/@prisma/dev/dist/state.cjs                                                                                                   13.6kb    1.0%
   ├ ../../node_modules/.pnpm/vscode-languageclient@7.0.0/node_modules/vscode-languageclient/lib/common/protocolConverter.js                                                                                13.3kb    0.9%
   ├ ../../node_modules/.pnpm/minimatch@6.2.0/node_modules/minimatch/dist/cjs/index.js                                                                                                                      11.2kb    0.8%
   ├ src/plugins/prisma-postgres-manager/PrismaPostgresRepository.ts                                                                                                                                        10.4kb    0.7%
   ├ ../../node_modules/.pnpm/chokidar@4.0.3/node_modules/chokidar/index.js                                                                                                                                 10.0kb    0.7%
   ├ ../../node_modules/.pnpm/vscode-languageclient@7.0.0/node_modules/vscode-languageclient/lib/common/codeConverter.js                                                                                     9.9kb    0.7%
   ├ ../../node_modules/.pnpm/vscode-languageclient@7.0.0/node_modules/vscode-languageclient/lib/node/main.js                                                                                                8.9kb    0.6%
   ├ ../../node_modules/.pnpm/postgres@3.4.7/node_modules/postgres/cjs/src/index.js                                                                                                                          8.9kb    0.6%
   ├ ../../node_modules/.pnpm/pathe@2.0.3/node_modules/pathe/dist/shared/pathe.BSlhyZSM.cjs                                                                                                                  8.8kb    0.6%
   ├ ../../node_modules/.pnpm/@electric-sql+pglite-socket@0.0.6_@electric-sql+pglite@0.3.2/node_modules/@electric-sql/pglite-socket/dist/chunk-ZIJ7SYOQ.js                                                   8.6kb    0.6%
   ├ ../../node_modules/.pnpm/chokidar@4.0.3/node_modules/chokidar/handler.js                                                                                                                                8.5kb    0.6%
   ├ ../../node_modules/.pnpm/minimatch@3.1.2/node_modules/minimatch/minimatch.js                                                                                                                            7.7kb    0.5%
   ├ ../../node_modules/.pnpm/@hono+node-server@1.14.2_hono@4.7.10/node_modules/@hono/node-server/dist/index.js                                                                                              7.3kb    0.5%
   ├ ../../node_modules/.pnpm/openapi-fetch@0.14.0/node_modules/openapi-fetch/dist/index.cjs                                                                                                                 7.2kb    0.5%
   ├ ../../node_modules/.pnpm/watcher@1.2.0/node_modules/watcher/dist/watcher.js                                                                                                                             7.1kb    0.5%
   ├ ../../node_modules/.pnpm/vscode-jsonrpc@6.0.0/node_modules/vscode-jsonrpc/lib/common/api.js                                                                                                             6.2kb    0.4%
   ├ ../../node_modules/.pnpm/postgres@3.4.7/node_modules/postgres/cjs/src/types.js                                                                                                                          6.1kb    0.4%
   ├ ../../node_modules/.pnpm/@prisma+management-api-sdk@0.2.0/node_modules/@prisma/management-api-sdk/dist/index.cjs                                                                                        5.6kb    0.4%
   ├ ../../node_modules/.pnpm/@prisma+dev@0.11.1_typescript@5.7.3/node_modules/@prisma/dev/dist/db.cjs                                                                                                       5.5kb    0.4%
   ├ ../../node_modules/.pnpm/vscode-languageclient@7.0.0/node_modules/vscode-languageclient/lib/common/fileOperations.js                                                                                    5.5kb    0.4%
   ├ ../../node_modules/.pnpm/graceful-fs@4.2.11/node_modules/graceful-fs/graceful-fs.js                                                                                                                     5.3kb    0.4%
   ├ ../../node_modules/.pnpm/semver@7.6.3/node_modules/semver/classes/range.js                                                                                                                              5.2kb    0.4%
   ├ ../../node_modules/.pnpm/watcher@1.2.0/node_modules/watcher/dist/watcher_handler.js                                                                                                                     4.8kb    0.3%
   ├ ../../node_modules/.pnpm/vscode-jsonrpc@6.0.0/node_modules/vscode-jsonrpc/lib/common/linkedMap.js                                                                                                       4.6kb    0.3%
   ├ ../../node_modules/.pnpm/std-env@3.9.0/node_modules/std-env/dist/index.cjs                                                                                                                              4.5kb    0.3%
   ├ src/plugins/prisma-language-server/index.ts                                                                                                                                                             4.5kb    0.3%
   ├ ../../node_modules/.pnpm/remeda@2.21.3/node_modules/remeda/dist/index.cjs                                                                                                                               4.3kb    0.3%
   ├ ../../node_modules/.pnpm/readdirp@4.1.2/node_modules/readdirp/index.js                                                                                                                                  4.2kb    0.3%
   ├ ../../node_modules/.pnpm/postgres@3.4.7/node_modules/postgres/cjs/src/subscribe.js                                                                                                                      4.1kb    0.3%
   ├ ../../node_modules/.pnpm/vscode-languageclient@7.0.0/node_modules/vscode-languageclient/lib/common/semanticTokens.js                                                                                    4.0kb    0.3%
   ├ ../../node_modules/.pnpm/vscode-jsonrpc@6.0.0/node_modules/vscode-jsonrpc/lib/common/messages.js                                                                                                        4.0kb    0.3%
   ├ ../../node_modules/.pnpm/vscode-jsonrpc@6.0.0/node_modules/vscode-jsonrpc/lib/node/main.js                                                                                                              3.9kb    0.3%
   ├ ../../node_modules/.pnpm/human-signals@2.1.0/node_modules/human-signals/build/src/core.js                                                                                                               3.9kb    0.3%
   ├ ../../node_modules/.pnpm/ci-info@4.0.0/node_modules/ci-info/vendors.json                                                                                                                                3.8kb    0.3%
   ├ ../../node_modules/.pnpm/graceful-fs@4.2.11/node_modules/graceful-fs/polyfills.js                                                                                                                       3.8kb    0.3%
   ├ ../../node_modules/.pnpm/hono@4.7.10/node_modules/hono/dist/cjs/context.js                                                                                                                              3.7kb    0.3%
   ├ ../../node_modules/.pnpm/semver@7.6.3/node_modules/semver/classes/semver.js                                                                                                                             3.7kb    0.3%
   ├ ../../node_modules/.pnpm/hono@4.7.10/node_modules/hono/dist/cjs/hono-base.js                                                                                                                            3.6kb    0.3%
   ├ ../../node_modules/.pnpm/vscode-jsonrpc@6.0.0/node_modules/vscode-jsonrpc/lib/common/messageReader.js                                                                                                   3.6kb    0.3%
   ├ ../../node_modules/.pnpm/semver@7.6.3/node_modules/semver/internal/re.js                                                                                                                                3.5kb    0.2%
   ├ ../../node_modules/.pnpm/get-port-please@3.1.2/node_modules/get-port-please/dist/index.cjs                                                                                                              3.3kb    0.2%
   ├ ../../node_modules/.pnpm/hono@4.7.10/node_modules/hono/dist/cjs/router/reg-exp-router/router.js                                                                                                         3.3kb    0.2%
   ├ src/plugins/prisma-postgres-manager/PrismaDevRepository.ts                                                                                                                                              3.2kb    0.2%
   ├ ../../node_modules/.pnpm/zod@3.24.3/node_modules/zod/lib/locales/en.js                                                                                                                                  3.2kb    0.2%
   ├ ../../node_modules/.pnpm/proper-lockfile@4.1.2/node_modules/proper-lockfile/lib/lockfile.js                                                                                                             3.2kb    0.2%
   ├ ../../node_modules/.pnpm/hono@4.7.10/node_modules/hono/dist/cjs/utils/url.js                                                                                                                            3.2kb    0.2%
   ├ ../../node_modules/.pnpm/execa@5.1.1/node_modules/execa/index.js                                                                                                                                        3.2kb    0.2%
   ├ src/plugins/prisma-postgres-manager/index.ts                                                                                                                                                            3.1kb    0.2%
   ├ ../../node_modules/.pnpm/grammex@3.1.12/node_modules/grammex/dist/index.js                                                                                                                              3.1kb    0.2%
   ├ ../../node_modules/.pnpm/hono@4.7.10/node_modules/hono/dist/cjs/utils/cookie.js                                                                                                                         3.1kb    0.2%
   ├ src/plugins/prisma-studio/commands/launch/startStudioServer.ts                                                                                                                                          3.0kb    0.2%
   ├ ../../node_modules/.pnpm/@prisma+studio-core-licensed@0.8.2_@types+react@19.2.7_react-dom@19.2.1_react@19.2.1__react@19.2.1/node_modules/@prisma/studio-core-licensed/dist/data/accelerate/index.cjs    2.8kb    0.2%
   ├ src/plugins/prisma-postgres-manager/PrismaPostgresTreeDataProvider.ts                                                                                                                                   2.7kb    0.2%
   ├ ../../node_modules/.pnpm/hono@4.7.10/node_modules/hono/dist/cjs/client/client.js                                                                                                                        2.7kb    0.2%
   ├ ../../node_modules/.pnpm/hono@4.7.10/node_modules/hono/dist/cjs/router/trie-router/node.js                                                                                                              2.4kb    0.2%
   ├ ../../node_modules/.pnpm/@prisma+ppg@0.5.2/node_modules/@prisma/ppg/dist/index.cjs                                                                                                                      2.4kb    0.2%
   ├ ../../node_modules/.pnpm/vscode-languageserver-protocol@3.16.0/node_modules/vscode-languageserver-protocol/lib/common/protocol.semanticTokens.js                                                        2.4kb    0.2%
   ├ ../../node_modules/.pnpm/vscode-jsonrpc@6.0.0/node_modules/vscode-jsonrpc/lib/node/ril.js                                                                                                               2.4kb    0.2%
   ├ ../../node_modules/.pnpm/retry@0.12.0/node_modules/retry/lib/retry_operation.js                                                                                                                         2.2kb    0.2%
   ├ ../../node_modules/.pnpm/postgres@3.4.7/node_modules/postgres/cjs/src/query.js                                                                                                                          2.2kb    0.2%
   ├ ../../node_modules/.pnpm/vscode-languageclient@7.0.0/node_modules/vscode-languageclient/lib/common/workspaceFolders.js                                                                                  2.2kb    0.2%
   ├ ../../node_modules/.pnpm/vscode-jsonrpc@6.0.0/node_modules/vscode-jsonrpc/lib/common/messageWriter.js                                                                                                   2.1kb    0.1%
   ├ ../../node_modules/.pnpm/semver@7.6.3/node_modules/semver/ranges/subset.js                                                                                                                              2.1kb    0.1%
   ├ ../../node_modules/.pnpm/atomically@1.7.0/node_modules/atomically/dist/utils/fs.js                                                                                                                      2.1kb    0.1%
   ├ ../../node_modules/.pnpm/brace-expansion@2.0.2/node_modules/brace-expansion/index.js                                                                                                                    2.1kb    0.1%
   ├ ../../node_modules/.pnpm/xdg-portable@10.6.0/node_modules/xdg-portable/dist/cjs/lib/XDG.js                                                                                                              2.1kb    0.1%
   ├ ../../node_modules/.pnpm/zod@3.24.3/node_modules/zod/lib/helpers/util.js                                                                                                                                2.1kb    0.1%
   ├ ../../node_modules/.pnpm/signal-exit@3.0.7/node_modules/signal-exit/index.js                                                                                                                            2.1kb    0.1%
   ├ ../../node_modules/.pnpm/brace-expansion@1.1.12/node_modules/brace-expansion/index.js                                                                                                                   2.0kb    0.1%
   ├ ../../node_modules/.pnpm/vscode-languageclient@7.0.0/node_modules/vscode-languageclient/lib/common/callHierarchy.js                                                                                     2.0kb    0.1%
   ├ src/plugins/prisma-postgres-manager/ai-tools/PDPCreatePPGTool.ts                                                                                                                                        2.0kb    0.1%
   ├ ../../node_modules/.pnpm/zod@3.24.3/node_modules/zod/lib/helpers/parseUtil.js                                                                                                                           2.0kb    0.1%
   ├ src/util.ts                                                                                                                                                                                             2.0kb    0.1%
   ├ ../../node_modules/.pnpm/watcher@1.2.0/node_modules/watcher/dist/watcher_locker.js                                                                                                                      2.0kb    0.1%
   ├ ../../node_modules/.pnpm/vscode-languageclient@7.0.0/node_modules/vscode-languageclient/lib/common/colorProvider.js                                                                                     2.0kb    0.1%
   ├ src/plugins/prisma-postgres-manager/commands/createRemoteDatabase.ts                                                                                                                                    2.0kb    0.1%
   ├ src/plugins/prisma-studio/commands/launch/getStudioPageHtml.ts                                                                                                                                          1.9kb    0.1%
   ├ ../../node_modules/.pnpm/hono@4.7.10/node_modules/hono/dist/cjs/request.js                                                                                                                              1.9kb    0.1%
   ├ ../../node_modules/.pnpm/@prisma+studio-core-licensed@0.8.2_@types+react@19.2.7_react-dom@19.2.1_react@19.2.1__react@19.2.1/node_modules/@prisma/studio-core-licensed/dist/data/bff/index.cjs           1.9kb    0.1%
   ├ ../../node_modules/.pnpm/@prisma+credentials-store@7.1.0/node_modules/@prisma/credentials-store/dist/index.js                                                                                           1.9kb    0.1%
   ├ ../../node_modules/.pnpm/hono@4.7.10/node_modules/hono/dist/cjs/utils/html.js                                                                                                                           1.9kb    0.1%
   ├ ../../node_modules/.pnpm/@prisma+studio-core-licensed@0.8.2_@types+react@19.2.7_react-dom@19.2.1_react@19.2.1__react@19.2.1/node_modules/@prisma/studio-core-licensed/dist/data/postgresjs/index.cjs    1.9kb    0.1%
   ├ ../../node_modules/.pnpm/zod@3.24.3/node_modules/zod/lib/ZodError.js                                                                                                                                    1.8kb    0.1%
   ├ ../../node_modules/.pnpm/vscode-jsonrpc@6.0.0/node_modules/vscode-jsonrpc/lib/common/messageBuffer.js                                                                                                   1.8kb    0.1%
   ├ ../../node_modules/.pnpm/vscode-jsonrpc@6.0.0/node_modules/vscode-jsonrpc/lib/common/events.js                                                                                                          1.7kb    0.1%
   ├ ../../node_modules/.pnpm/semver@7.6.3/node_modules/semver/classes/comparator.js                                                                                                                         1.7kb    0.1%
   ├ src/plugins/prisma-postgres-manager/ConnectionStringStorage.ts                                                                                                                                          1.7kb    0.1%
   ├ ../../node_modules/.pnpm/hono@4.7.10/node_modules/hono/dist/cjs/router/reg-exp-router/node.js                                                                                                           1.7kb    0.1%
   ├ src/prisma6Handling.ts                                                                                                                                                                                  1.7kb    0.1%
   ├ src/plugins/ai-tools/index.ts                                                                                                                                                                           1.7kb    0.1%
   ├ ../../node_modules/.pnpm/hono@4.7.10/node_modules/hono/dist/cjs/middleware/cors/index.js                                                                                                                1.7kb    0.1%
   ├ src/plugins/prisma-postgres-manager/commands/deployPrismaDevInstance.ts                                                                                                                                 1.6kb    0.1%
   ├ ../../node_modules/.pnpm/os-paths@7.4.0/node_modules/os-paths/dist/cjs/lib/OSPaths.js                                                                                                                   1.6kb    0.1%
   ├ ../../node_modules/.pnpm/tiny-readdir@1.5.0/node_modules/tiny-readdir/dist/index.js                                                                                                                     1.6kb    0.1%
   ├ ../../node_modules/.pnpm/vscode-languageclient@7.0.0/node_modules/vscode-languageclient/lib/common/commonClient.js                                                                                      1.6kb    0.1%
   ├ ../../node_modules/.pnpm/watcher@1.2.0/node_modules/watcher/dist/watcher_poller.js                                                                                                                      1.5kb    0.1%
   ├ ../../node_modules/.pnpm/graceful-fs@4.2.11/node_modules/graceful-fs/legacy-streams.js                                                                                                                  1.5kb    0.1%
   ├ src/CodeLensProvider.ts                                                                                                                                                                                 1.5kb    0.1%
   ├ ../../node_modules/.pnpm/which@2.0.2/node_modules/which/which.js                                                                                                                                        1.4kb    0.1%
   ├ ../../node_modules/.pnpm/vscode-languageclient@7.0.0/node_modules/vscode-languageclient/lib/common/foldingRange.js                                                                                      1.4kb    0.1%
   ├ ../../node_modules/.pnpm/vscode-languageclient@7.0.0/node_modules/vscode-languageclient/lib/common/progressPart.js                                                                                      1.4kb    0.1%
   ├ ../../node_modules/.pnpm/zeptomatch@2.0.2/node_modules/zeptomatch/dist/convert/grammar.js                                                                                                               1.4kb    0.1%
   ├ ../../node_modules/.pnpm/vscode-languageserver-protocol@3.16.0/node_modules/vscode-languageserver-protocol/lib/common/protocol.fileOperations.js                                                        1.4kb    0.1%
   ├ ../../node_modules/.pnpm/hono@4.7.10/node_modules/hono/dist/cjs/client/utils.js                                                                                                                         1.4kb    0.1%
   ├ ../../node_modules/.pnpm/vscode-languageclient@7.0.0/node_modules/vscode-languageclient/lib/common/utils/uuid.js                                                                                        1.3kb    0.1%
   ├ ../../node_modules/.pnpm/vscode-jsonrpc@6.0.0/node_modules/vscode-jsonrpc/lib/common/cancellation.js                                                                                                    1.3kb    0.1%
   ├ ../../node_modules/.pnpm/hono@4.7.10/node_modules/hono/dist/cjs/utils/body.js                                                                                                                           1.3kb    0.1%
   ├ ../../node_modules/.pnpm/xdg-app-paths@8.3.0/node_modules/xdg-app-paths/dist/cjs/lib/XDGAppPaths.js                                                                                                     1.3kb    0.1%
   ├ ../../node_modules/.pnpm/execa@5.1.1/node_modules/execa/lib/kill.js                                                                                                                                     1.3kb    0.1%
   ├ ../../node_modules/.pnpm/vscode-languageclient@7.0.0/node_modules/vscode-languageclient/lib/common/configuration.js                                                                                     1.3kb    0.1%
   ├ ../../node_modules/.pnpm/postgres@3.4.7/node_modules/postgres/cjs/src/large.js                                                                                                                          1.3kb    0.1%
   ├ src/plugins/prisma-postgres-manager/commands/launchStudio.ts                                                                                                                                            1.2kb    0.1%
   ├ ../../node_modules/.pnpm/get-port@5.1.1/node_modules/get-port/index.js                                                                                                                                  1.2kb    0.1%
   ├ ../../node_modules/.pnpm/hono@4.7.10/node_modules/hono/dist/cjs/router/smart-router/router.js                                                                                                           1.2kb    0.1%
   ├ ../../node_modules/.pnpm/pathe@2.0.3/node_modules/pathe/dist/utils.cjs                                                                                                                                  1.2kb    0.1%
   ├ ../../node_modules/.pnpm/watcher@1.2.0/node_modules/watcher/dist/utils.js                                                                                                                               1.1kb    0.1%
   ├ ../../node_modules/.pnpm/hono@4.7.10/node_modules/hono/dist/cjs/router/reg-exp-router/trie.js                                                                                                           1.1kb    0.1%
   ├ ../../node_modules/.pnpm/vscode-languageclient@7.0.0/node_modules/vscode-languageclient/lib/common/selectionRange.js                                                                                    1.1kb    0.1%
   ├ ../../node_modules/.pnpm/retry@0.12.0/node_modules/retry/lib/retry.js                                                                                                                                   1.1kb    0.1%
   ├ ../../node_modules/.pnpm/vscode-languageclient@7.0.0/node_modules/vscode-languageclient/lib/common/typeDefinition.js                                                                                    1.1kb    0.1%
   ├ ../../node_modules/.pnpm/env-paths@2.2.1/node_modules/env-paths/index.js                                                                                                                                1.1kb    0.1%
   ├ ../../node_modules/.pnpm/execa@5.1.1/node_modules/execa/lib/error.js                                                                                                                                    1.1kb    0.1%
   ├ ../../node_modules/.pnpm/xdg-app-paths@8.3.0/node_modules/xdg-app-paths/dist/cjs/platform-adapters/node.js                                                                                              1.1kb    0.1%
   ├ ../../node_modules/.pnpm/vscode-languageclient@7.0.0/node_modules/vscode-languageclient/lib/common/linkedEditingRange.js                                                                                1.1kb    0.1%
   ├ ../../node_modules/.pnpm/remeda@2.21.3/node_modules/remeda/dist/chunk-PKGCBR7D.cjs                                                                                                                      1.1kb    0.1%
   ├ ../../node_modules/.pnpm/remeda@2.21.3/node_modules/remeda/dist/chunk-X6ZUI5VV.cjs                                                                                                                      1.1kb    0.1%
   ├ ../../node_modules/.pnpm/vscode-languageclient@7.0.0/node_modules/vscode-languageclient/lib/common/utils/async.js                                                                                       1.0kb    0.1%
   ├ src/plugins/prisma-postgres-manager/utils/ensureLoggedIn.ts                                                                                                                                             1.0kb    0.1%
   ├ ../../node_modules/.pnpm/vscode-languageclient@7.0.0/node_modules/vscode-languageclient/lib/common/implementation.js                                                                                    1.0kb    0.1%
   ├ ../../node_modules/.pnpm/vscode-languageclient@7.0.0/node_modules/vscode-languageclient/lib/common/declaration.js                                                                                       1.0kb    0.1%
   ├ ../../node_modules/.pnpm/remeda@2.21.3/node_modules/remeda/dist/chunk-D5PQ5W4L.cjs                                                                                                                     1022b     0.1%
   ├ ../../node_modules/.pnpm/execa@5.1.1/node_modules/execa/lib/stream.js                                                                                                                                  1016b     0.1%
   ├ ../../node_modules/.pnpm/remeda@2.21.3/node_modules/remeda/dist/chunk-S2RLV6Q3.cjs                                                                                                                     1004b     0.1%
   ├ ../../node_modules/.pnpm/ripstat@1.1.1/node_modules/ripstat/dist/stats.js                                                                                                                               973b     0.1%
   ├ ../../node_modules/.pnpm/semver@7.6.3/node_modules/semver/index.js                                                                                                                                      959b     0.1%
   ├ ../../node_modules/.pnpm/vscode-jsonrpc@6.0.0/node_modules/vscode-jsonrpc/lib/common/semaphore.js                                                                                                       952b     0.1%
   ├ ../../node_modules/.pnpm/ci-info@4.0.0/node_modules/ci-info/index.js                                                                                                                                    927b     0.1%
   ├ src/plugins/prisma-postgres-manager/commands/getRemoteDatabaseConnectionString.ts                                                                                                                       920b     0.1%
   ├ ../../node_modules/.pnpm/zod@3.24.3/node_modules/zod/lib/index.js                                                                                                                                       919b     0.1%
   ├ ../../node_modules/.pnpm/human-signals@2.1.0/node_modules/human-signals/build/src/main.js                                                                                                               907b     0.1%
   ├ ../../node_modules/.pnpm/hono@4.7.10/node_modules/hono/dist/cjs/compose.js                                                                                                                              904b     0.1%
   ├ src/telemetryReporter.ts                                                                                                                                                                                880b     0.1%
   ├ ../../node_modules/.pnpm/vscode-languageclient@7.0.0/node_modules/vscode-languageclient/lib/common/utils/is.js                                                                                          874b     0.1%
   ├ ../../node_modules/.pnpm/remeda@2.21.3/node_modules/remeda/dist/chunk-5IKF76SM.cjs                                                                                                                      870b     0.1%
   ├ ../../node_modules/.pnpm/cross-spawn@7.0.6/node_modules/cross-spawn/lib/parse.js                                                                                                                        868b     0.1%
   ├ src/plugins/prisma-postgres-manager/PrismaDevTreeDataProvider.ts                                                                                                                                        860b     0.1%
   ├ ../../node_modules/.pnpm/remeda@2.21.3/node_modules/remeda/dist/chunk-UU7GYPY2.cjs                                                                                                                      855b     0.1%
   ├ ../../node_modules/.pnpm/xdg-portable@10.6.0/node_modules/xdg-portable/dist/cjs/platform-adapters/node.js                                                                                               854b     0.1%
   ├ ../../node_modules/.pnpm/postgres@3.4.7/node_modules/postgres/cjs/src/bytes.js                                                                                                                          849b     0.1%
   ├ src/plugins/prisma-studio/commands/launch/openNewStudioTab.ts                                                                                                                                           841b     0.1%
   ├ ../../node_modules/.pnpm/atomically@1.7.0/node_modules/atomically/dist/consts.js                                                                                                                        827b     0.1%
   ├ ../../node_modules/.pnpm/vscode-languageserver-protocol@3.16.0/node_modules/vscode-languageserver-protocol/lib/common/api.js                                                                            827b     0.1%
   ├ src/plugins/prisma-postgres-manager/commands/login.ts                                                                                                                                                   816b     0.1%
   ├ src/plugins/prisma-postgres-manager/WorkspaceTokenStorage.ts                                                                                                                                            808b     0.1%
   ├ ../../node_modules/.pnpm/atomically@1.7.0/node_modules/atomically/dist/utils/retryify_queue.js                                                                                                          805b     0.1%
   ├ ../../node_modules/.pnpm/hono@4.7.10/node_modules/hono/dist/cjs/router.js                                                                                                                               792b     0.1%
   ├ ../../node_modules/.pnpm/remeda@2.21.3/node_modules/remeda/dist/chunk-T5ZJWHFN.cjs                                                                                                                      779b     0.1%
   ├ ../../node_modules/.pnpm/hono@4.7.10/node_modules/hono/dist/cjs/router/trie-router/router.js                                                                                                            773b     0.1%
   ├ ../../node_modules/.pnpm/os-paths@7.4.0/node_modules/os-paths/dist/cjs/platform-adapters/node.js                                                                                                        769b     0.1%
   ├ ../../node_modules/.pnpm/postgres@3.4.7/node_modules/postgres/cjs/src/errors.js                                                                                                                         765b     0.1%
   ├ ../../node_modules/.pnpm/get-stream@6.0.1/node_modules/get-stream/index.js                                                                                                                              762b     0.1%
   ├ ../../node_modules/.pnpm/vscode-languageserver-protocol@3.16.0/node_modules/vscode-languageserver-protocol/lib/common/protocol.callHierarchy.js                                                         760b     0.1%
   ├ ../../node_modules/.pnpm/vscode-languageserver-protocol@3.16.0/node_modules/vscode-languageserver-protocol/lib/common/utils/is.js                                                                       754b     0.1%
   ├ ../../node_modules/.pnpm/ripstat@1.1.1/node_modules/ripstat/dist/index.js                                                                                                                               729b     0.1%
   ├ ../../node_modules/.pnpm/proper-lockfile@4.1.2/node_modules/proper-lockfile/lib/adapter.js                                                                                                              728b     0.1%
   ├ ../../node_modules/.pnpm/vscode-languageserver-protocol@3.16.0/node_modules/vscode-languageserver-protocol/lib/common/messages.js                                                                       721b     0.0%
   ├ src/plugins/prisma-postgres-manager/commands/createProjectInclDatabase.ts                                                                                                                               716b     0.0%
   ├ ../../node_modules/.pnpm/pathe@2.0.3/node_modules/pathe/dist/index.cjs                                                                                                                                  711b     0.0%
   ├ ../../node_modules/.pnpm/grammex@3.1.12/node_modules/grammex/dist/utils.js                                                                                                                              707b     0.0%
   ├ ../../node_modules/.pnpm/semver@7.6.3/node_modules/semver/functions/coerce.js                                                                                                                           702b     0.0%
   ├ ../../node_modules/.pnpm/watcher@1.2.0/node_modules/watcher/dist/constants.js                                                                                                                           695b     0.0%
   ├ ../../node_modules/.pnpm/hono@4.7.10/node_modules/hono/dist/cjs/hono.js                                                                                                                                 692b     0.0%
   ├ ../../node_modules/.pnpm/semver@7.6.3/node_modules/semver/ranges/outside.js                                                                                                                             684b     0.0%
   ├ ../../node_modules/.pnpm/execa@5.1.1/node_modules/execa/lib/stdio.js                                                                                                                                    683b     0.0%
   ├ ../../node_modules/.pnpm/vscode-languageserver-protocol@3.16.0/node_modules/vscode-languageserver-protocol/lib/common/protocol.progress.js                                                              678b     0.0%
   ├ ../../node_modules/.pnpm/remeda@2.21.3/node_modules/remeda/dist/chunk-NA3WZ7D3.cjs                                                                                                                      639b     0.0%
   ├ ../../node_modules/.pnpm/atomically@1.7.0/node_modules/atomically/dist/utils/retryify.js                                                                                                                635b     0.0%
   ├ ../../node_modules/.pnpm/remeda@2.21.3/node_modules/remeda/dist/chunk-V7ZPCN44.cjs                                                                                                                      633b     0.0%
   ├ ../../node_modules/.pnpm/cross-spawn@7.0.6/node_modules/cross-spawn/lib/enoent.js                                                                                                                       624b     0.0%
   ├ ../../node_modules/.pnpm/ripstat@1.1.1/node_modules/ripstat/dist/consts.js                                                                                                                              621b     0.0%
   ├ ../../node_modules/.pnpm/balanced-match@1.0.2/node_modules/balanced-match/index.js                                                                                                                      618b     0.0%
   ├ ../../node_modules/.pnpm/vscode-languageclient@7.0.0/node_modules/vscode-languageclient/lib/common/progress.js                                                                                          615b     0.0%
   ├ ../../node_modules/.pnpm/vscode-languageclient@7.0.0/node_modules/vscode-languageclient/lib/node/processes.js                                                                                           593b     0.0%
   ├ ../../node_modules/.pnpm/zod@3.24.3/node_modules/zod/lib/external.js                                                                                                                                    591b     0.0%
   ├ src/plugins/prisma-postgres-manager/shared-ui/connectionStringMessage.ts                                                                                                                                589b     0.0%
   ├ ../../node_modules/.pnpm/aborter@1.1.0/node_modules/aborter/dist/signal.js                                                                                                                              584b     0.0%
   ├ ../../node_modules/.pnpm/remeda@2.21.3/node_modules/remeda/dist/chunk-MPU7HW5R.cjs                                                                                                                      582b     0.0%
   ├ ../../node_modules/.pnpm/vscode-jsonrpc@6.0.0/node_modules/vscode-jsonrpc/lib/common/is.js                                                                                                              582b     0.0%
   ├ ../../node_modules/.pnpm/vscode-languageserver-protocol@3.16.0/node_modules/vscode-languageserver-protocol/lib/node/main.js                                                                             574b     0.0%
   ├ ../../node_modules/.pnpm/vscode-languageserver-protocol@3.16.0/node_modules/vscode-languageserver-protocol/lib/common/protocol.moniker.js                                                               568b     0.0%
   ├ ../../node_modules/.pnpm/remeda@2.21.3/node_modules/remeda/dist/chunk-75BBMK4S.cjs                                                                                                                      567b     0.0%
   ├ ../../node_modules/.pnpm/remeda@2.21.3/node_modules/remeda/dist/chunk-HGUAQQNV.cjs                                                                                                                      567b     0.0%
   ├ ../../node_modules/.pnpm/onetime@5.1.2/node_modules/onetime/index.js                                                                                                                                    566b     0.0%
   ├ ../../node_modules/.pnpm/remeda@2.21.3/node_modules/remeda/dist/chunk-6HYXG26Y.cjs                                                                                                                      558b     0.0%
   ├ ../../node_modules/.pnpm/semver@7.6.3/node_modules/semver/ranges/min-version.js                                                                                                                         555b     0.0%
   ├ ../../node_modules/.pnpm/remeda@2.21.3/node_modules/remeda/dist/chunk-G5SRK664.cjs                                                                                                                      552b     0.0%
   ├ ../../node_modules/.pnpm/isexe@2.0.0/node_modules/isexe/index.js                                                                                                                                        551b     0.0%
   ├ ../../node_modules/.pnpm/proper-lockfile@4.1.2/node_modules/proper-lockfile/index.js                                                                                                                    550b     0.0%
   ├ ../../node_modules/.pnpm/hono@4.7.10/node_modules/hono/dist/cjs/utils/constants.js                                                                                                                      540b     0.0%
   ├ src/plugins/prisma-postgres-manager/commands/deleteRemoteDatabase.ts                                                                                                                                    537b     0.0%
   ├ ../../node_modules/.pnpm/remeda@2.21.3/node_modules/remeda/dist/chunk-JQ3GECEZ.cjs                                                                                                                      536b     0.0%
   ├ ../../node_modules/.pnpm/hono@4.7.10/node_modules/hono/dist/cjs/router/reg-exp-router/index.js                                                                                                          533b     0.0%
   ├ ../../node_modules/.pnpm/hono@4.7.10/node_modules/hono/dist/cjs/router/smart-router/index.js                                                                                                            531b     0.0%
   ├ ../../node_modules/.pnpm/hono@4.7.10/node_modules/hono/dist/cjs/router/trie-router/index.js                                                                                                             529b     0.0%
   ├ ../../node_modules/.pnpm/merge-stream@2.0.0/node_modules/merge-stream/index.js                                                                                                                          525b     0.0%
   ├ ../../node_modules/.pnpm/promise-concurrency-limiter@1.0.0/node_modules/promise-concurrency-limiter/dist/index.js                                                                                       521b     0.0%
   ├ ../../node_modules/.pnpm/semver@7.6.3/node_modules/semver/functions/cmp.js                                                                                                                              520b     0.0%
   ├ ../../node_modules/.pnpm/hono@4.7.10/node_modules/hono/dist/cjs/index.js                                                                                                                                517b     0.0%
   ├ ../../node_modules/.pnpm/remeda@2.21.3/node_modules/remeda/dist/chunk-ZWNBJWUK.cjs                                                                                                                      514b     0.0%
   ├ ../../node_modules/.pnpm/hono@4.7.10/node_modules/hono/dist/cjs/client/index.js                                                                                                                         513b     0.0%
   ├ ../../node_modules/.pnpm/execa@5.1.1/node_modules/execa/lib/promise.js                                                                                                                                  512b     0.0%
   ├ ../../node_modules/.pnpm/vscode-languageserver-protocol@3.16.0/node_modules/vscode-languageserver-protocol/lib/common/protocol.workspaceFolders.js                                                      505b     0.0%
   ├ src/plugins/prisma-postgres-manager/commands/deleteProject.ts                                                                                                                                           505b     0.0%
   ├ ../../node_modules/.pnpm/npm-run-path@4.0.1/node_modules/npm-run-path/index.js                                                                                                                          502b     0.0%
   ├ ../../node_modules/.pnpm/proper-lockfile@4.1.2/node_modules/proper-lockfile/lib/mtime-precision.js                                                                                                      499b     0.0%
   ├ ../../node_modules/.pnpm/isexe@2.0.0/node_modules/isexe/mode.js                                                                                                                                         496b     0.0%
   ├ ../../node_modules/.pnpm/watcher@1.2.0/node_modules/watcher/dist/watcher_locks_resolver.js                                                                                                              493b     0.0%
   ├ ../../node_modules/.pnpm/isexe@2.0.0/node_modules/isexe/windows.js                                                                                                                                      489b     0.0%
   ├ ../../node_modules/.pnpm/remeda@2.21.3/node_modules/remeda/dist/chunk-D6RGFPIY.cjs                                                                                                                      485b     0.0%
   ├ ../../node_modules/.pnpm/cross-spawn@7.0.6/node_modules/cross-spawn/lib/util/resolveCommand.js                                                                                                          479b     0.0%
   ├ ../../node_modules/.pnpm/remeda@2.21.3/node_modules/remeda/dist/chunk-PUTECPK2.cjs                                                                                                                      478b     0.0%
   ├ ../../node_modules/.pnpm/watcher@1.2.0/node_modules/watcher/dist/watcher_stats.js                                                                                                                       466b     0.0%
   ├ ../../node_modules/.pnpm/remeda@2.21.3/node_modules/remeda/dist/chunk-S27VPZ5W.cjs                                                                                                                      464b     0.0%
   ├ ../../node_modules/.pnpm/vscode-languageclient@7.0.0/node_modules/vscode-languageclient/lib/common/protocolDiagnostic.js                                                                                464b     0.0%
   ├ ../../node_modules/.pnpm/vscode-languageserver-protocol@3.16.0/node_modules/vscode-languageserver-protocol/lib/common/protocol.colorProvider.js                                                         464b     0.0%
   ├ ../../node_modules/.pnpm/execa@5.1.1/node_modules/execa/lib/command.js                                                                                                                                  462b     0.0%
   ├ ../../node_modules/.pnpm/debounce@1.2.1/node_modules/debounce/index.js                                                                                                                                  453b     0.0%
   ├ ../../node_modules/.pnpm/human-signals@2.1.0/node_modules/human-signals/build/src/signals.js                                                                                                            450b     0.0%
   ├ ../../node_modules/.pnpm/vscode-languageclient@7.0.0/node_modules/vscode-languageclient/lib/common/api.js                                                                                               444b     0.0%
   ├ src/hashes.ts                                                                                                                                                                                           443b     0.0%
   ├ ../../node_modules/.pnpm/semver@7.6.3/node_modules/semver/ranges/simplify.js                                                                                                                            432b     0.0%
   ├ ../../node_modules/.pnpm/vscode-languageserver-protocol@3.16.0/node_modules/vscode-languageserver-protocol/lib/common/protocol.foldingRange.js                                                          426b     0.0%
   ├ ../../node_modules/.pnpm/is-stream@2.0.1/node_modules/is-stream/index.js                                                                                                                                424b     0.0%
   ├ ../../node_modules/.pnpm/cross-spawn@7.0.6/node_modules/cross-spawn/index.js                                                                                                                            423b     0.0%
   ├ ../../node_modules/.pnpm/remeda@2.21.3/node_modules/remeda/dist/chunk-SW75WWHG.cjs                                                                                                                      422b     0.0%
   ├ ../../node_modules/.pnpm/remeda@2.21.3/node_modules/remeda/dist/chunk-TU6MSHCK.cjs                                                                                                                      422b     0.0%
   ├ ../../node_modules/.pnpm/remeda@2.21.3/node_modules/remeda/dist/chunk-XDKRAYSB.cjs                                                                                                                      406b     0.0%
   ├ ../../node_modules/.pnpm/atomically@1.7.0/node_modules/atomically/dist/utils/fs_handlers.js                                                                                                             405b     0.0%
   ├ ../../node_modules/.pnpm/semver@7.6.3/node_modules/semver/functions/diff.js                                                                                                                             405b     0.0%
   ├ ../../node_modules/.pnpm/zeptomatch@2.0.2/node_modules/zeptomatch/dist/range.js                                                                                                                         400b     0.0%
   ├ ../../node_modules/.pnpm/remeda@2.21.3/node_modules/remeda/dist/chunk-MS64TI7P.cjs                                                                                                                      397b     0.0%
   ├ ../../node_modules/.pnpm/remeda@2.21.3/node_modules/remeda/dist/chunk-7UMON52X.cjs                                                                                                                      396b     0.0%
   ├ ../../node_modules/.pnpm/remeda@2.21.3/node_modules/remeda/dist/chunk-AT5TIXX7.cjs                                                                                                                      396b     0.0%
   ├ ../../node_modules/.pnpm/get-stream@6.0.1/node_modules/get-stream/buffer-stream.js                                                                                                                      393b     0.0%
   ├ ../../node_modules/.pnpm/human-signals@2.1.0/node_modules/human-signals/build/src/realtime.js                                                                                                           388b     0.0%
   ├ ../../node_modules/.pnpm/graceful-fs@4.2.11/node_modules/graceful-fs/clone.js                                                                                                                           375b     0.0%
   ├ ../../node_modules/.pnpm/semver@7.6.3/node_modules/semver/internal/lrucache.js                                                                                                                          369b     0.0%
   ├ ../../node_modules/.pnpm/zod@3.24.3/node_modules/zod/lib/errors.js                                                                                                                                      366b     0.0%
   ├ src/plugins/prisma-studio/commands/launch.ts                                                                                                                                                            365b     0.0%
   ├ src/plugins/prisma-postgres-manager/ai-tools/PDPAuthLoginTool.ts                                                                                                                                        360b     0.0%
   ├ src/plugins/prisma-postgres-manager/shared-ui/handleCommandError.ts                                                                                                                                     357b     0.0%
   ├ ../../node_modules/.pnpm/semver@7.6.3/node_modules/semver/internal/constants.js                                                                                                                         351b     0.0%
   ├ ../../node_modules/.pnpm/atomically@1.7.0/node_modules/atomically/dist/utils/attemptify.js                                                                                                              347b     0.0%
   ├ ../../node_modules/.pnpm/remeda@2.21.3/node_modules/remeda/dist/chunk-ZUF6ZE7Y.cjs                                                                                                                      343b     0.0%
   ├ ../../node_modules/.pnpm/remeda@2.21.3/node_modules/remeda/dist/chunk-GXKVKQM5.cjs                                                                                                                      340b     0.0%
   ├ ../../node_modules/.pnpm/remeda@2.21.3/node_modules/remeda/dist/chunk-M3L4UK5T.cjs                                                                                                                      337b     0.0%
   ├ ../../node_modules/.pnpm/remeda@2.21.3/node_modules/remeda/dist/chunk-QI5QULXZ.cjs                                                                                                                      336b     0.0%
   ├ ../../node_modules/.pnpm/cross-spawn@7.0.6/node_modules/cross-spawn/lib/util/escape.js                                                                                                                  333b     0.0%
   ├ ../../node_modules/.pnpm/remeda@2.21.3/node_modules/remeda/dist/chunk-5GCNM4TP.cjs                                                                                                                      331b     0.0%
   ├ ../../node_modules/.pnpm/are-shallow-equal@1.1.1/node_modules/are-shallow-equal/dist/index.js                                                                                                           328b     0.0%
   ├ ../../node_modules/.pnpm/vscode-jsonrpc@6.0.0/node_modules/vscode-jsonrpc/lib/common/ral.js                                                                                                             327b     0.0%
   ├ ../../node_modules/.pnpm/remeda@2.21.3/node_modules/remeda/dist/chunk-PMK67E5C.cjs                                                                                                                      326b     0.0%
   ├ ../../node_modules/.pnpm/remeda@2.21.3/node_modules/remeda/dist/chunk-TC3VTSJG.cjs                                                                                                                      323b     0.0%
   ├ ../../node_modules/.pnpm/remeda@2.21.3/node_modules/remeda/dist/chunk-SLOORCZQ.cjs                                                                                                                      321b     0.0%
   ├ ../../node_modules/.pnpm/remeda@2.21.3/node_modules/remeda/dist/chunk-AVEYWMCA.cjs                                                                                                                      319b     0.0%
   ├ ../../node_modules/.pnpm/remeda@2.21.3/node_modules/remeda/dist/chunk-QQMER7RH.cjs                                                                                                                      315b     0.0%
   ├ ../../node_modules/.pnpm/postgres@3.4.7/node_modules/postgres/cjs/src/result.js                                                                                                                         314b     0.0%
   ├ ../../node_modules/.pnpm/remeda@2.21.3/node_modules/remeda/dist/chunk-NWHBKSHO.cjs                                                                                                                      313b     0.0%
   ├ src/plugins/prisma-postgres-manager/shared-ui/pickWorkspace.ts                                                                                                                                          309b     0.0%
   ├ ../../node_modules/.pnpm/remeda@2.21.3/node_modules/remeda/dist/chunk-IL2RUYYC.cjs                                                                                                                      308b     0.0%
   ├ ../../node_modules/.pnpm/signal-exit@3.0.7/node_modules/signal-exit/signals.js                                                                                                                          304b     0.0%
   ├ src/denyListColorThemes.ts                                                                                                                                                                              304b     0.0%
   ├ src/extension.ts                                                                                                                                                                                        301b     0.0%
   ├ ../../node_modules/.pnpm/vscode-languageserver-protocol@3.16.0/node_modules/vscode-languageserver-protocol/lib/common/protocol.linkedEditingRange.js                                                    300b     0.0%
   ├ ../../node_modules/.pnpm/remeda@2.21.3/node_modules/remeda/dist/chunk-34GN6B7T.cjs                                                                                                                      299b     0.0%
   ├ src/plugins/prisma-postgres-manager/shared-ui/pickRegion.ts                                                                                                                                             298b     0.0%
   ├ ../../node_modules/.pnpm/remeda@2.21.3/node_modules/remeda/dist/chunk-3P4UBBB3.cjs                                                                                                                      297b     0.0%
   ├ ../../node_modules/.pnpm/remeda@2.21.3/node_modules/remeda/dist/chunk-4RYR4IWG.cjs                                                                                                                      294b     0.0%
   ├ ../../node_modules/.pnpm/remeda@2.21.3/node_modules/remeda/dist/chunk-REQVD4AZ.cjs                                                                                                                      292b     0.0%
   ├ ../../node_modules/.pnpm/remeda@2.21.3/node_modules/remeda/dist/chunk-4ZTNVSXT.cjs                                                                                                                      289b     0.0%
   ├ ../../node_modules/.pnpm/remeda@2.21.3/node_modules/remeda/dist/chunk-3KRG5UMC.cjs                                                                                                                      288b     0.0%
   ├ ../../node_modules/.pnpm/vscode-languageserver-protocol@3.16.0/node_modules/vscode-languageserver-protocol/lib/common/protocol.implementation.js                                                        284b     0.0%
   ├ ../../node_modules/.pnpm/vscode-languageserver-protocol@3.16.0/node_modules/vscode-languageserver-protocol/lib/common/protocol.selectionRange.js                                                        284b     0.0%
   ├ ../../node_modules/.pnpm/vscode-languageserver-protocol@3.16.0/node_modules/vscode-languageserver-protocol/lib/common/protocol.typeDefinition.js                                                        284b     0.0%
   ├ ../../node_modules/.pnpm/remeda@2.21.3/node_modules/remeda/dist/chunk-JGID4GKC.cjs                                                                                                                      282b     0.0%
   ├ ../../node_modules/.pnpm/remeda@2.21.3/node_modules/remeda/dist/chunk-Q73CVJTE.cjs                                                                                                                      282b     0.0%
   ├ ../../node_modules/.pnpm/remeda@2.21.3/node_modules/remeda/dist/chunk-LWCQ4FPF.cjs                                                                                                                      281b     0.0%
   ├ ../../node_modules/.pnpm/postgres@3.4.7/node_modules/postgres/cjs/src/queue.js                                                                                                                          279b     0.0%
   ├ ../../node_modules/.pnpm/remeda@2.21.3/node_modules/remeda/dist/chunk-W4VRKAAE.cjs                                                                                                                      277b     0.0%
   ├ ../../node_modules/.pnpm/remeda@2.21.3/node_modules/remeda/dist/chunk-Y57634DZ.cjs                                                                                                                      277b     0.0%
   ├ ../../node_modules/.pnpm/vscode-languageserver-protocol@3.16.0/node_modules/vscode-languageserver-protocol/lib/common/connection.js                                                                     277b     0.0%
   ├ ../../node_modules/.pnpm/remeda@2.21.3/node_modules/remeda/dist/chunk-QW3EAVEA.cjs                                                                                                                      272b     0.0%
   ├ ../../node_modules/.pnpm/vscode-languageserver-protocol@3.16.0/node_modules/vscode-languageserver-protocol/lib/common/protocol.declaration.js                                                           272b     0.0%
   ├ ../../node_modules/.pnpm/vscode-languageserver-protocol@3.16.0/node_modules/vscode-languageserver-protocol/lib/common/protocol.showDocument.js                                                          270b     0.0%
   ├ ../../node_modules/.pnpm/aborter@1.1.0/node_modules/aborter/dist/controller.js                                                                                                                          268b     0.0%
   ├ ../../node_modules/.pnpm/remeda@2.21.3/node_modules/remeda/dist/chunk-I2ERW5YG.cjs                                                                                                                      268b     0.0%
   ├ ../../node_modules/.pnpm/vscode-languageserver-protocol@3.16.0/node_modules/vscode-languageserver-protocol/lib/common/protocol.configuration.js                                                         259b     0.0%
   ├ ../../node_modules/.pnpm/remeda@2.21.3/node_modules/remeda/dist/chunk-BZYOHWWL.cjs                                                                                                                      256b     0.0%
   ├ ../../node_modules/.pnpm/remeda@2.21.3/node_modules/remeda/dist/chunk-S5DQCGKC.cjs                                                                                                                      255b     0.0%
   ├ ../../node_modules/.pnpm/remeda@2.21.3/node_modules/remeda/dist/chunk-YC27MA32.cjs                                                                                                                      255b     0.0%
   ├ ../../node_modules/.pnpm/remeda@2.21.3/node_modules/remeda/dist/chunk-LMJNK5LK.cjs                                                                                                                      254b     0.0%
   ├ ../../node_modules/.pnpm/remeda@2.21.3/node_modules/remeda/dist/chunk-NWRHIARR.cjs                                                                                                                      254b     0.0%
   ├ ../../node_modules/.pnpm/remeda@2.21.3/node_modules/remeda/dist/chunk-ELFDWEMP.cjs                                                                                                                      253b     0.0%
   ├ ../../node_modules/.pnpm/remeda@2.21.3/node_modules/remeda/dist/chunk-NMUYSTVE.cjs                                                                                                                      251b     0.0%
   ├ ../../node_modules/.pnpm/remeda@2.21.3/node_modules/remeda/dist/chunk-VWDVR6US.cjs                                                                                                                      251b     0.0%
   ├ ../../node_modules/.pnpm/remeda@2.21.3/node_modules/remeda/dist/chunk-ZCC7WYCP.cjs                                                                                                                      250b     0.0%
   ├ ../../node_modules/.pnpm/remeda@2.21.3/node_modules/remeda/dist/chunk-DAYTD43R.cjs                                                                                                                      249b     0.0%
   ├ ../../node_modules/.pnpm/remeda@2.21.3/node_modules/remeda/dist/chunk-UFTJUNC6.cjs                                                                                                                      248b     0.0%
   ├ ../../node_modules/.pnpm/remeda@2.21.3/node_modules/remeda/dist/chunk-2XXIQJTR.cjs                                                                                                                      247b     0.0%
   ├ ../../node_modules/.pnpm/remeda@2.21.3/node_modules/remeda/dist/chunk-4VC3MPGE.cjs                                                                                                                      247b     0.0%
   ├ ../../node_modules/.pnpm/remeda@2.21.3/node_modules/remeda/dist/chunk-DJB2I5PQ.cjs                                                                                                                      247b     0.0%
   ├ ../../node_modules/.pnpm/remeda@2.21.3/node_modules/remeda/dist/chunk-GLIRDO34.cjs                                                                                                                      245b     0.0%
   ├ ../../node_modules/.pnpm/remeda@2.21.3/node_modules/remeda/dist/chunk-IHCR2VP6.cjs                                                                                                                      244b     0.0%
   ├ ../../node_modules/.pnpm/remeda@2.21.3/node_modules/remeda/dist/chunk-VLG4DYAM.cjs                                                                                                                      244b     0.0%
   ├ ../../node_modules/.pnpm/zod@3.24.3/node_modules/zod/lib/helpers/errorUtil.js                                                                                                                           244b     0.0%
   ├ ../../node_modules/.pnpm/remeda@2.21.3/node_modules/remeda/dist/chunk-O65NE3GF.cjs                                                                                                                      243b     0.0%
   ├ ../../node_modules/.pnpm/remeda@2.21.3/node_modules/remeda/dist/chunk-2AIJNCMM.cjs                                                                                                                      241b     0.0%
   ├ ../../node_modules/.pnpm/remeda@2.21.3/node_modules/remeda/dist/chunk-AAZFKWGU.cjs                                                                                                                      240b     0.0%
   ├ ../../node_modules/.pnpm/remeda@2.21.3/node_modules/remeda/dist/chunk-BM6SI2YX.cjs                                                                                                                      238b     0.0%
   ├ ../../node_modules/.pnpm/remeda@2.21.3/node_modules/remeda/dist/chunk-FLTTBUCJ.cjs                                                                                                                      237b     0.0%
   ├ ../../node_modules/.pnpm/zeptomatch@2.0.2/node_modules/zeptomatch/dist/normalize/grammar.js                                                                                                             237b     0.0%
   ├ ../../node_modules/.pnpm/concat-map@0.0.1/node_modules/concat-map/index.js                                                                                                                              235b     0.0%
   ├ ../../node_modules/.pnpm/remeda@2.21.3/node_modules/remeda/dist/chunk-NXZVXNHW.cjs                                                                                                                      235b     0.0%
   ├ ../../node_modules/.pnpm/path-key@3.1.1/node_modules/path-key/index.js                                                                                                                                  234b     0.0%
   ├ ../../node_modules/.pnpm/string-indexes@1.0.0/node_modules/string-indexes/dist/index.js                                                                                                                 234b     0.0%
   ├ ../../node_modules/.pnpm/remeda@2.21.3/node_modules/remeda/dist/chunk-BEDWAHNW.cjs                                                                                                                      233b     0.0%
   ├ ../../node_modules/.pnpm/remeda@2.21.3/node_modules/remeda/dist/chunk-W63E7QOP.cjs                                                                                                                      233b     0.0%
   ├ ../../node_modules/.pnpm/remeda@2.21.3/node_modules/remeda/dist/chunk-ZO625H7X.cjs                                                                                                                      233b     0.0%
   ├ ../../node_modules/.pnpm/remeda@2.21.3/node_modules/remeda/dist/chunk-Q22Q5SA4.cjs                                                                                                                      232b     0.0%
   ├ ../../node_modules/.pnpm/remeda@2.21.3/node_modules/remeda/dist/chunk-4VTDZAPE.cjs                                                                                                                      231b     0.0%
   ├ ../../node_modules/.pnpm/remeda@2.21.3/node_modules/remeda/dist/chunk-6KOQ7JDR.cjs                                                                                                                      230b     0.0%
   ├ ../../node_modules/.pnpm/remeda@2.21.3/node_modules/remeda/dist/chunk-ECAJZUL7.cjs                                                                                                                      230b     0.0%
   ├ ../../node_modules/.pnpm/remeda@2.21.3/node_modules/remeda/dist/chunk-J6HTDNZE.cjs                                                                                                                      230b     0.0%
   ├ ../../node_modules/.pnpm/vscode-languageclient@7.0.0/node_modules/vscode-languageclient/lib/common/protocolCallHierarchyItem.js                                                                         230b     0.0%
   ├ ../../node_modules/.pnpm/remeda@2.21.3/node_modules/remeda/dist/chunk-HM6HSJEM.cjs                                                                                                                      229b     0.0%
   ├ ../../node_modules/.pnpm/remeda@2.21.3/node_modules/remeda/dist/chunk-YAJVPEZM.cjs                                                                                                                      226b     0.0%
   ├ ../../node_modules/.pnpm/zeptomatch@2.0.2/node_modules/zeptomatch/dist/index.js                                                                                                                         226b     0.0%
   ├ ../../node_modules/.pnpm/remeda@2.21.3/node_modules/remeda/dist/chunk-7GN7FGBW.cjs                                                                                                                      224b     0.0%
   ├ ../../node_modules/.pnpm/remeda@2.21.3/node_modules/remeda/dist/chunk-MPBCLIQU.cjs                                                                                                                      223b     0.0%
   ├ ../../node_modules/.pnpm/remeda@2.21.3/node_modules/remeda/dist/chunk-HQL5XYE7.cjs                                                                                                                      221b     0.0%
   ├ ../../node_modules/.pnpm/remeda@2.21.3/node_modules/remeda/dist/chunk-KFHB6A6I.cjs                                                                                                                      221b     0.0%
   ├ ../../node_modules/.pnpm/remeda@2.21.3/node_modules/remeda/dist/chunk-JD7CAUJN.cjs                                                                                                                      218b     0.0%
   ├ ../../node_modules/.pnpm/remeda@2.21.3/node_modules/remeda/dist/chunk-A7IM4EB6.cjs                                                                                                                      217b     0.0%
   ├ ../../node_modules/.pnpm/remeda@2.21.3/node_modules/remeda/dist/chunk-KAE62FYN.cjs                                                                                                                      217b     0.0%
   ├ ../../node_modules/.pnpm/remeda@2.21.3/node_modules/remeda/dist/chunk-WSJ5LCAC.cjs                                                                                                                      217b     0.0%
   ├ ../../node_modules/.pnpm/semver@7.6.3/node_modules/semver/internal/identifiers.js                                                                                                                       217b     0.0%
   ├ ../../node_modules/.pnpm/cross-spawn@7.0.6/node_modules/cross-spawn/lib/util/readShebang.js                                                                                                             216b     0.0%
   ├ ../../node_modules/.pnpm/remeda@2.21.3/node_modules/remeda/dist/chunk-FIQZQNX2.cjs                                                                                                                      216b     0.0%
   ├ ../../node_modules/.pnpm/remeda@2.21.3/node_modules/remeda/dist/chunk-GZH7C6SQ.cjs                                                                                                                      215b     0.0%
   ├ ../../node_modules/.pnpm/remeda@2.21.3/node_modules/remeda/dist/chunk-YGIDST3P.cjs                                                                                                                      214b     0.0%
   ├ ../../node_modules/.pnpm/remeda@2.21.3/node_modules/remeda/dist/chunk-PPE6B4RB.cjs                                                                                                                      212b     0.0%
   ├ ../../node_modules/.pnpm/semver@7.6.3/node_modules/semver/ranges/max-satisfying.js                                                                                                                      212b     0.0%
   ├ ../../node_modules/.pnpm/semver@7.6.3/node_modules/semver/ranges/min-satisfying.js                                                                                                                      211b     0.0%
   ├ ../../node_modules/.pnpm/strip-final-newline@2.0.0/node_modules/strip-final-newline/index.js                                                                                                            211b     0.0%
   ├ ../../node_modules/.pnpm/minimatch@6.2.0/node_modules/minimatch/dist/cjs/index-cjs.js                                                                                                                   206b     0.0%
   ├ ../../node_modules/.pnpm/remeda@2.21.3/node_modules/remeda/dist/chunk-DZVP2H4Z.cjs                                                                                                                      206b     0.0%
   ├ ../../node_modules/.pnpm/remeda@2.21.3/node_modules/remeda/dist/chunk-FWBEA4KI.cjs                                                                                                                      205b     0.0%
   ├ ../../node_modules/.pnpm/remeda@2.21.3/node_modules/remeda/dist/chunk-B5SN45ZR.cjs                                                                                                                      204b     0.0%
   ├ ../../node_modules/.pnpm/shebang-command@2.0.0/node_modules/shebang-command/index.js                                                                                                                    204b     0.0%
   ├ ../../node_modules/.pnpm/vscode-jsonrpc@6.0.0/node_modules/vscode-jsonrpc/lib/common/disposable.js                                                                                                      203b     0.0%
   ├ ../../node_modules/.pnpm/remeda@2.21.3/node_modules/remeda/dist/chunk-3KEUHLXU.cjs                                                                                                                      202b     0.0%
   ├ ../../node_modules/.pnpm/remeda@2.21.3/node_modules/remeda/dist/chunk-RTR4MU4F.cjs                                                                                                                      201b     0.0%
   ├ ../../node_modules/.pnpm/remeda@2.21.3/node_modules/remeda/dist/chunk-EF63VB6A.cjs                                                                                                                      199b     0.0%
   ├ ../../node_modules/.pnpm/semver@7.6.3/node_modules/semver/internal/debug.js                                                                                                                             193b     0.0%
   ├ ../../node_modules/.pnpm/mimic-fn@2.1.0/node_modules/mimic-fn/index.js                                                                                                                                  192b     0.0%
   ├ ../../node_modules/.pnpm/semver@7.6.3/node_modules/semver/functions/inc.js                                                                                                                              192b     0.0%
   ├ ../../node_modules/.pnpm/remeda@2.21.3/node_modules/remeda/dist/chunk-SWRXQTAP.cjs                                                                                                                      191b     0.0%
   ├ src/plugins/prisma-studio/index.ts                                                                                                                                                                      190b     0.0%
   ├ ../../node_modules/.pnpm/remeda@2.21.3/node_modules/remeda/dist/chunk-75PBP5WG.cjs                                                                                                                      189b     0.0%
   ├ ../../node_modules/.pnpm/vscode-languageclient@7.0.0/node_modules/vscode-languageclient/lib/common/protocolCodeAction.js                                                                                189b     0.0%
   ├ ../../node_modules/.pnpm/remeda@2.21.3/node_modules/remeda/dist/chunk-2ZT6ZUHA.cjs                                                                                                                      188b     0.0%
   ├ ../../node_modules/.pnpm/remeda@2.21.3/node_modules/remeda/dist/chunk-PJ3QR7X6.cjs                                                                                                                      187b     0.0%
   ├ ../../node_modules/.pnpm/remeda@2.21.3/node_modules/remeda/dist/chunk-YH245BNS.cjs                                                                                                                      187b     0.0%
   ├ ../../node_modules/.pnpm/remeda@2.21.3/node_modules/remeda/dist/chunk-AXOG5YEI.cjs                                                                                                                      186b     0.0%
   ├ ../../node_modules/.pnpm/remeda@2.21.3/node_modules/remeda/dist/chunk-FRWAFJKG.cjs                                                                                                                      185b     0.0%
   ├ ../../node_modules/.pnpm/remeda@2.21.3/node_modules/remeda/dist/chunk-BZO7MYMJ.cjs                                                                                                                      184b     0.0%
   ├ ../../node_modules/.pnpm/remeda@2.21.3/node_modules/remeda/dist/chunk-CC5N3CBN.cjs                                                                                                                      184b     0.0%
   ├ ../../node_modules/.pnpm/remeda@2.21.3/node_modules/remeda/dist/chunk-PY6OB64J.cjs                                                                                                                      184b     0.0%
   ├ ../../node_modules/.pnpm/remeda@2.21.3/node_modules/remeda/dist/chunk-XXKZEFZR.cjs                                                                                                                      184b     0.0%
   ├ ../../node_modules/.pnpm/remeda@2.21.3/node_modules/remeda/dist/chunk-ZLH62437.cjs                                                                                                                      184b     0.0%
   ├ ../../node_modules/.pnpm/remeda@2.21.3/node_modules/remeda/dist/chunk-MBXCQU5L.cjs                                                                                                                      183b     0.0%
   ├ ../../node_modules/.pnpm/remeda@2.21.3/node_modules/remeda/dist/chunk-RVX2TFUE.cjs                                                                                                                      183b     0.0%
   ├ ../../node_modules/.pnpm/remeda@2.21.3/node_modules/remeda/dist/chunk-WYUQLEQD.cjs                                                                                                                      183b     0.0%
   ├ ../../node_modules/.pnpm/remeda@2.21.3/node_modules/remeda/dist/chunk-MJIQNGEH.cjs                                                                                                                      182b     0.0%
   ├ ../../node_modules/.pnpm/remeda@2.21.3/node_modules/remeda/dist/chunk-W2QFDLUD.cjs                                                                                                                      182b     0.0%
   ├ ../../node_modules/.pnpm/remeda@2.21.3/node_modules/remeda/dist/chunk-YU24FKMC.cjs                                                                                                                      181b     0.0%
   ├ ../../node_modules/.pnpm/remeda@2.21.3/node_modules/remeda/dist/chunk-YXZFAXXN.cjs                                                                                                                      181b     0.0%
   ├ ../../node_modules/.pnpm/vscode-languageclient@7.0.0/node_modules/vscode-languageclient/lib/common/protocolDocumentLink.js                                                                              181b     0.0%
   ├ ../../node_modules/.pnpm/remeda@2.21.3/node_modules/remeda/dist/chunk-ASMZKAYC.cjs                                                                                                                      179b     0.0%
   ├ ../../node_modules/.pnpm/remeda@2.21.3/node_modules/remeda/dist/chunk-F4ZUXSJV.cjs                                                                                                                      179b     0.0%
   ├ ../../node_modules/.pnpm/remeda@2.21.3/node_modules/remeda/dist/chunk-GNIWPLB4.cjs                                                                                                                      179b     0.0%
   ├ ../../node_modules/.pnpm/remeda@2.21.3/node_modules/remeda/dist/chunk-PXWJIMRU.cjs                                                                                                                      179b     0.0%
   ├ ../../node_modules/.pnpm/vscode-languageclient@7.0.0/node_modules/vscode-languageclient/lib/common/protocolCompletionItem.js                                                                            179b     0.0%
   ├ ../../node_modules/.pnpm/remeda@2.21.3/node_modules/remeda/dist/chunk-QN6JCLUE.cjs                                                                                                                      178b     0.0%
   ├ ../../node_modules/.pnpm/remeda@2.21.3/node_modules/remeda/dist/chunk-JGMA3PLA.cjs                                                                                                                      177b     0.0%
   ├ ../../node_modules/.pnpm/remeda@2.21.3/node_modules/remeda/dist/chunk-JIW25GCL.cjs                                                                                                                      177b     0.0%
   ├ ../../node_modules/.pnpm/remeda@2.21.3/node_modules/remeda/dist/chunk-TFN3JWPS.cjs                                                                                                                      175b     0.0%
   ├ ../../node_modules/.pnpm/vscode-languageclient@7.0.0/node_modules/vscode-languageclient/lib/common/protocolCodeLens.js                                                                                  173b     0.0%
   ├ ../../node_modules/.pnpm/remeda@2.21.3/node_modules/remeda/dist/chunk-PLI6NTFG.cjs                                                                                                                      172b     0.0%
   ├ ../../node_modules/.pnpm/remeda@2.21.3/node_modules/remeda/dist/chunk-RGCQFGZY.cjs                                                                                                                      172b     0.0%
   ├ ../../node_modules/.pnpm/remeda@2.21.3/node_modules/remeda/dist/chunk-IZG62LS3.cjs                                                                                                                      171b     0.0%
   ├ ../../node_modules/.pnpm/remeda@2.21.3/node_modules/remeda/dist/chunk-NWOOYPRM.cjs                                                                                                                      171b     0.0%
   ├ ../../node_modules/.pnpm/remeda@2.21.3/node_modules/remeda/dist/chunk-T7LMEFSB.cjs                                                                                                                      171b     0.0%
   ├ ../../node_modules/.pnpm/remeda@2.21.3/node_modules/remeda/dist/chunk-V7HWXUIZ.cjs                                                                                                                      171b     0.0%
   ├ ../../node_modules/.pnpm/remeda@2.21.3/node_modules/remeda/dist/chunk-5CCICUPX.cjs                                                                                                                      167b     0.0%
   ├ ../../node_modules/.pnpm/remeda@2.21.3/node_modules/remeda/dist/chunk-D76GQP37.cjs                                                                                                                      163b     0.0%
   ├ ../../node_modules/.pnpm/remeda@2.21.3/node_modules/remeda/dist/chunk-GN2V224U.cjs                                                                                                                      163b     0.0%
   ├ ../../node_modules/.pnpm/remeda@2.21.3/node_modules/remeda/dist/chunk-OPZFYGKS.cjs                                                                                                                      163b     0.0%
   ├ ../../node_modules/.pnpm/remeda@2.21.3/node_modules/remeda/dist/chunk-UJACFZCD.cjs                                                                                                                      162b     0.0%
   ├ ../../node_modules/.pnpm/remeda@2.21.3/node_modules/remeda/dist/chunk-JD5SR4UU.cjs                                                                                                                      160b     0.0%
   ├ ../../node_modules/.pnpm/remeda@2.21.3/node_modules/remeda/dist/chunk-BPTQUXG2.cjs                                                                                                                      156b     0.0%
   ├ ../../node_modules/.pnpm/semver@7.6.3/node_modules/semver/functions/parse.js                                                                                                                            152b     0.0%
   ├ ../../node_modules/.pnpm/remeda@2.21.3/node_modules/remeda/dist/chunk-3YTXDOFH.cjs                                                                                                                      151b     0.0%
   ├ ../../node_modules/.pnpm/remeda@2.21.3/node_modules/remeda/dist/chunk-J4ZIXB5A.cjs                                                                                                                      148b     0.0%
   ├ ../../node_modules/.pnpm/remeda@2.21.3/node_modules/remeda/dist/chunk-JRDQRETR.cjs                                                                                                                      145b     0.0%
   ├ ../../node_modules/.pnpm/remeda@2.21.3/node_modules/remeda/dist/chunk-P2BF7KOL.cjs                                                                                                                      140b     0.0%
   ├ ../../node_modules/.pnpm/remeda@2.21.3/node_modules/remeda/dist/chunk-FM7VCYVX.cjs                                                                                                                      136b     0.0%
   ├ ../../node_modules/.pnpm/remeda@2.21.3/node_modules/remeda/dist/chunk-J5SXZSYJ.cjs                                                                                                                      136b     0.0%
   ├ ../../node_modules/.pnpm/remeda@2.21.3/node_modules/remeda/dist/chunk-MRW27Y3D.cjs                                                                                                                      134b     0.0%
   ├ ../../node_modules/.pnpm/semver@7.6.3/node_modules/semver/functions/compare-build.js                                                                                                                    133b     0.0%
   ├ ../../node_modules/.pnpm/remeda@2.21.3/node_modules/remeda/dist/chunk-GU7N664V.cjs                                                                                                                      132b     0.0%
   ├ ../../node_modules/.pnpm/remeda@2.21.3/node_modules/remeda/dist/chunk-VKNW54FW.cjs                                                                                                                      132b     0.0%
   ├ ../../node_modules/.pnpm/remeda@2.21.3/node_modules/remeda/dist/chunk-WLQDZSR7.cjs                                                                                                                      132b     0.0%
   ├ ../../node_modules/.pnpm/remeda@2.21.3/node_modules/remeda/dist/chunk-EJDHVFCL.cjs                                                                                                                      131b     0.0%
   ├ ../../node_modules/.pnpm/remeda@2.21.3/node_modules/remeda/dist/chunk-BDCOMBJE.cjs                                                                                                                      130b     0.0%
   ├ ../../node_modules/.pnpm/remeda@2.21.3/node_modules/remeda/dist/chunk-BH5YMMU4.cjs                                                                                                                      130b     0.0%
   ├ ../../node_modules/.pnpm/remeda@2.21.3/node_modules/remeda/dist/chunk-GSBVKOHS.cjs                                                                                                                      130b     0.0%
   ├ ../../node_modules/.pnpm/remeda@2.21.3/node_modules/remeda/dist/chunk-IBIWGBTG.cjs                                                                                                                      130b     0.0%
   ├ ../../node_modules/.pnpm/remeda@2.21.3/node_modules/remeda/dist/chunk-MJXROIL4.cjs                                                                                                                      129b     0.0%
   ├ ../../node_modules/.pnpm/remeda@2.21.3/node_modules/remeda/dist/chunk-WIB7TSTB.cjs                                                                                                                      128b     0.0%
   ├ ../../node_modules/.pnpm/remeda@2.21.3/node_modules/remeda/dist/chunk-YVDAPTFC.cjs                                                                                                                      128b     0.0%
   ├ ../../node_modules/.pnpm/semver@7.6.3/node_modules/semver/ranges/to-comparators.js                                                                                                                      128b     0.0%
   ├ ../../node_modules/.pnpm/remeda@2.21.3/node_modules/remeda/dist/chunk-4JOSX7CP.cjs                                                                                                                      127b     0.0%
   ├ ../../node_modules/.pnpm/zeptomatch@2.0.2/node_modules/zeptomatch/dist/utils.js                                                                                                                         127b     0.0%
   ├ ../../node_modules/.pnpm/@electric-sql+pglite-socket@0.0.6_@electric-sql+pglite@0.3.2/node_modules/@electric-sql/pglite-socket/dist/index.js                                                            126b     0.0%
   ├ ../../node_modules/.pnpm/semver@7.6.3/node_modules/semver/functions/clean.js                                                                                                                            126b     0.0%
   ├ ../../node_modules/.pnpm/semver@7.6.3/node_modules/semver/internal/parse-options.js                                                                                                                     125b     0.0%
   ├ ../../node_modules/.pnpm/remeda@2.21.3/node_modules/remeda/dist/chunk-R33HN455.cjs                                                                                                                      122b     0.0%
   ├ ../../node_modules/.pnpm/semver@7.6.3/node_modules/semver/functions/prerelease.js                                                                                                                       122b     0.0%
   ├ ../../node_modules/.pnpm/remeda@2.21.3/node_modules/remeda/dist/chunk-4ENLFZNP.cjs                                                                                                                      120b     0.0%
   ├ ../../node_modules/.pnpm/remeda@2.21.3/node_modules/remeda/dist/chunk-S3XAXSFN.cjs                                                                                                                      120b     0.0%
   ├ ../../node_modules/.pnpm/remeda@2.21.3/node_modules/remeda/dist/chunk-MN45XGTO.cjs                                                                                                                      119b     0.0%
   ├ ../../node_modules/.pnpm/remeda@2.21.3/node_modules/remeda/dist/chunk-RGVDJIAT.cjs                                                                                                                      119b     0.0%
   ├ ../../node_modules/.pnpm/remeda@2.21.3/node_modules/remeda/dist/chunk-WLNQOMKL.cjs                                                                                                                      116b     0.0%
   ├ ../../node_modules/.pnpm/is-primitive@3.0.1/node_modules/is-primitive/index.js                                                                                                                          115b     0.0%
   ├ ../../node_modules/.pnpm/remeda@2.21.3/node_modules/remeda/dist/chunk-LUBEYBXD.cjs                                                                                                                      114b     0.0%
   ├ ../../node_modules/.pnpm/semver@7.6.3/node_modules/semver/ranges/valid.js                                                                                                                               113b     0.0%
   ├ ../../node_modules/.pnpm/semver@7.6.3/node_modules/semver/functions/satisfies.js                                                                                                                        112b     0.0%
   ├ ../../node_modules/.pnpm/semver@7.6.3/node_modules/semver/ranges/intersects.js                                                                                                                          108b     0.0%
   ├ ../../node_modules/.pnpm/xdg-app-paths@8.3.0/node_modules/xdg-app-paths/dist/cjs/mod.cjs.js                                                                                                             103b     0.0%
   ├ src/plugins/prisma-postgres-manager/commands/logout.ts                                                                                                                                                  100b     0.0%
   ├ ../../node_modules/.pnpm/os-paths@7.4.0/node_modules/os-paths/dist/cjs/mod.cjs.js                                                                                                                        99b     0.0%
   ├ ../../node_modules/.pnpm/semver@7.6.3/node_modules/semver/functions/valid.js                                                                                                                             98b     0.0%
   ├ ../../node_modules/.pnpm/xdg-portable@10.6.0/node_modules/xdg-portable/dist/cjs/mod.cjs.js                                                                                                               95b     0.0%
   ├ ../../node_modules/.pnpm/semver@7.6.3/node_modules/semver/functions/compare.js                                                                                                                           93b     0.0%
   ├ ../../node_modules/.pnpm/semver@7.6.3/node_modules/semver/functions/rsort.js                                                                                                                             83b     0.0%
   ├ ../../node_modules/.pnpm/semver@7.6.3/node_modules/semver/functions/sort.js                                                                                                                              83b     0.0%
   ├ ../../node_modules/.pnpm/zod@3.24.3/node_modules/zod/lib/helpers/typeAliases.js                                                                                                                          79b     0.0%
   ├ ../../node_modules/.pnpm/semver@7.6.3/node_modules/semver/functions/major.js                                                                                                                             76b     0.0%
   ├ ../../node_modules/.pnpm/semver@7.6.3/node_modules/semver/functions/minor.js                                                                                                                             76b     0.0%
   ├ ../../node_modules/.pnpm/semver@7.6.3/node_modules/semver/functions/patch.js                                                                                                                             76b     0.0%
   ├ ../../node_modules/.pnpm/semver@7.6.3/node_modules/semver/functions/eq.js                                                                                                                                74b     0.0%
   ├ ../../node_modules/.pnpm/semver@7.6.3/node_modules/semver/functions/neq.js                                                                                                                               74b     0.0%
   ├ ../../node_modules/.pnpm/semver@7.6.3/node_modules/semver/ranges/gtr.js                                                                                                                                  74b     0.0%
   ├ ../../node_modules/.pnpm/semver@7.6.3/node_modules/semver/ranges/ltr.js                                                                                                                                  74b     0.0%
   ├ ../../node_modules/.pnpm/semver@7.6.3/node_modules/semver/functions/gte.js                                                                                                                               73b     0.0%
   ├ ../../node_modules/.pnpm/semver@7.6.3/node_modules/semver/functions/lte.js                                                                                                                               73b     0.0%
   ├ ../../node_modules/.pnpm/semver@7.6.3/node_modules/semver/functions/gt.js                                                                                                                                72b     0.0%
   ├ ../../node_modules/.pnpm/semver@7.6.3/node_modules/semver/functions/lt.js                                                                                                                                72b     0.0%
   ├ ../../node_modules/.pnpm/semver@7.6.3/node_modules/semver/functions/rcompare.js                                                                                                                          70b     0.0%
   ├ ../../node_modules/.pnpm/semver@7.6.3/node_modules/semver/functions/compare-loose.js                                                                                                                     69b     0.0%
   ├ ../../node_modules/.pnpm/shebang-regex@3.0.0/node_modules/shebang-regex/index.js                                                                                                                         56b     0.0%
   ├ ../../node_modules/.pnpm/zeptomatch@2.0.2/node_modules/zeptomatch/dist/convert/parser.js                                                                                                                 52b     0.0%
   ├ ../../node_modules/.pnpm/zeptomatch@2.0.2/node_modules/zeptomatch/dist/normalize/parser.js                                                                                                               52b     0.0%
   ├ ../../node_modules/.pnpm/vscode-jsonrpc@6.0.0/node_modules/vscode-jsonrpc/node.js                                                                                                                        51b     0.0%
   ├ ../../node_modules/.pnpm/vscode-languageclient@7.0.0/node_modules/vscode-languageclient/node.js                                                                                                          51b     0.0%
   ├ ../../node_modules/.pnpm/vscode-languageserver-protocol@3.16.0/node_modules/vscode-languageserver-protocol/node.js                                                                                       51b     0.0%
   ├ src/getPackageJSON.ts                                                                                                                                                                                    46b     0.0%
   ├ ../../node_modules/.pnpm/retry@0.12.0/node_modules/retry/index.js                                                                                                                                        38b     0.0%
   └ src/plugins/index.ts                                                                                                                                                                                     29b     0.0%


Building language server...

  dist/language-server/bin.js  4.2mb ⚠️

⚡ Done in 656ms
Language server bundle analysis:

  dist/language-server/bin.js                                                                                                                                                   4.2mb  100.0%
   ├ ../../node_modules/.pnpm/jiti@2.6.1/node_modules/jiti/dist/babel.cjs                                                                                                       1.4mb   33.8%
   ├ ../../node_modules/.pnpm/node-fetch-native@1.6.7/node_modules/node-fetch-native/dist/proxy.cjs                                                                           439.3kb   10.3%
   ├ ../../node_modules/.pnpm/jiti@2.6.1/node_modules/jiti/dist/jiti.cjs                                                                                                      155.3kb    3.6%
   ├ ../../node_modules/.pnpm/node-fetch-native@1.6.7/node_modules/node-fetch-native/dist/node.cjs                                                                            111.2kb    2.6%
   ├ ../../node_modules/.pnpm/effect@3.18.4/node_modules/effect/dist/cjs/Schema.js                                                                                             88.1kb    2.1%
   ├ ../../node_modules/.pnpm/giget@2.0.0/node_modules/giget/dist/shared/giget.OCaTp9b-.mjs                                                                                    77.9kb    1.8%
   ├ ../../node_modules/.pnpm/effect@3.18.4/node_modules/effect/dist/cjs/internal/stream.js                                                                                    75.1kb    1.8%
   ├ ../../node_modules/.pnpm/effect@3.18.4/node_modules/effect/dist/cjs/internal/fiberRuntime.js                                                                              41.2kb    1.0%
   ├ ../../node_modules/.pnpm/confbox@0.2.2/node_modules/confbox/dist/yaml.mjs                                                                                                 39.3kb    0.9%
   ├ ../../node_modules/.pnpm/effect@3.18.4/node_modules/effect/dist/cjs/internal/core.js                                                                                      34.2kb    0.8%
   ├ ../../node_modules/.pnpm/effect@3.18.4/node_modules/effect/dist/cjs/SchemaAST.js                                                                                          32.5kb    0.8%
   ├ ../../node_modules/.pnpm/vscode-languageserver-types@3.17.3/node_modules/vscode-languageserver-types/lib/umd/main.js                                                      30.1kb    0.7%
   ├ ../../node_modules/.pnpm/confbox@0.2.2/node_modules/confbox/dist/json5.mjs                                                                                                27.0kb    0.6%
   ├ ../../node_modules/.pnpm/effect@3.18.4/node_modules/effect/dist/cjs/Micro.js                                                                                              23.8kb    0.6%
   ├ ../../node_modules/.pnpm/vscode-languageserver-protocol@3.17.3/node_modules/vscode-languageserver-protocol/lib/common/protocol.js                                         23.2kb    0.5%
   ├ ../../node_modules/.pnpm/effect@3.18.4/node_modules/effect/dist/cjs/internal/pubsub.js                                                                                    22.4kb    0.5%
   ├ ../../node_modules/.pnpm/effect@3.18.4/node_modules/effect/dist/cjs/internal/schedule.js                                                                                  21.0kb    0.5%
   ├ ../../node_modules/.pnpm/effect@3.18.4/node_modules/effect/dist/cjs/internal/sink.js                                                                                      20.8kb    0.5%
   ├ ../../node_modules/.pnpm/effect@3.18.4/node_modules/effect/dist/cjs/Effect.js                                                                                             20.5kb    0.5%
   ├ ../../node_modules/.pnpm/effect@3.18.4/node_modules/effect/dist/cjs/ParseResult.js                                                                                        20.3kb    0.5%
   ├ ../../node_modules/.pnpm/effect@3.18.4/node_modules/effect/dist/cjs/internal/core-effect.js                                                                               19.9kb    0.5%
   ├ ../../node_modules/.pnpm/exsolve@1.0.8/node_modules/exsolve/dist/index.mjs                                                                                                19.7kb    0.5%
   ├ ../../node_modules/.pnpm/effect@3.18.4/node_modules/effect/dist/cjs/Graph.js                                                                                              18.3kb    0.4%
   ├ ../../node_modules/.pnpm/vscode-jsonrpc@8.1.0/node_modules/vscode-jsonrpc/lib/common/connection.js                                                                        18.1kb    0.4%
   ├ ../../node_modules/.pnpm/effect@3.18.4/node_modules/effect/dist/cjs/internal/channel.js                                                                                   18.0kb    0.4%
   ├ ../../node_modules/.pnpm/effect@3.18.4/node_modules/effect/dist/cjs/internal/channel/channelExecutor.js                                                                   15.9kb    0.4%
   ├ ../../node_modules/.pnpm/effect@3.18.4/node_modules/effect/dist/cjs/Stream.js                                                                                             15.8kb    0.4%
   ├ ../../node_modules/.pnpm/vscode-languageserver@8.1.0/node_modules/vscode-languageserver/lib/common/server.js                                                              15.3kb    0.4%
   ├ ../../node_modules/.pnpm/fast-check@3.23.2/node_modules/fast-check/lib/fast-check-default.js                                                                              14.7kb    0.3%
   ├ ../language-server/src/lib/completions/completions.json                                                                                                                   14.6kb    0.3%
   ├ ../../node_modules/.pnpm/effect@3.18.4/node_modules/effect/dist/cjs/internal/dateTime.js                                                                                  14.2kb    0.3%
   ├ ../../node_modules/.pnpm/effect@3.18.4/node_modules/effect/dist/cjs/internal/redBlackTree.js                                                                              13.5kb    0.3%
   ├ ../../node_modules/.pnpm/effect@3.18.4/node_modules/effect/dist/cjs/internal/layer.js                                                                                     12.9kb    0.3%
   ├ ../../node_modules/.pnpm/effect@3.18.4/node_modules/effect/dist/cjs/Array.js                                                                                              12.6kb    0.3%
   ├ ../../node_modules/.pnpm/effect@3.18.4/node_modules/effect/dist/cjs/Arbitrary.js                                                                                          12.5kb    0.3%
   ├ ../../node_modules/.pnpm/effect@3.18.4/node_modules/effect/dist/cjs/internal/cause.js                                                                                     12.4kb    0.3%
   ├ ../../node_modules/.pnpm/fast-check@3.23.2/node_modules/fast-check/lib/arbitrary/_internals/data/GraphemeRanges.js                                                        11.8kb    0.3%
   ├ ../../node_modules/.pnpm/effect@3.18.4/node_modules/effect/dist/cjs/internal/stm/stm.js                                                                                   11.7kb    0.3%
   ├ ../../node_modules/.pnpm/vscode-uri@3.1.0/node_modules/vscode-uri/lib/umd/index.js                                                                                        11.5kb    0.3%
   ├ ../../node_modules/.pnpm/confbox@0.2.2/node_modules/confbox/dist/toml.mjs                                                                                                 11.3kb    0.3%
   ├ ../../node_modules/.pnpm/tinyexec@1.0.2/node_modules/tinyexec/dist/main.js                                                                                                10.6kb    0.2%
   ├ ../../node_modules/.pnpm/@prisma+config@7.2.0-dev.27_magicast@0.3.5/node_modules/@prisma/config/dist/index.js                                                             10.3kb    0.2%
   ├ ../../node_modules/.pnpm/effect@3.18.4/node_modules/effect/dist/cjs/Chunk.js                                                                                              10.2kb    0.2%
   ├ ../../node_modules/.pnpm/effect@3.18.4/node_modules/effect/dist/cjs/JSONSchema.js                                                                                         10.2kb    0.2%
   ├ ../../node_modules/.pnpm/chokidar@4.0.3/node_modules/chokidar/index.js                                                                                                    10.0kb    0.2%
   ├ ../../node_modules/.pnpm/confbox@0.2.2/node_modules/confbox/dist/shared/confbox.DnMsyigM.mjs                                                                               9.8kb    0.2%
   ├ ../../node_modules/.pnpm/effect@3.18.4/node_modules/effect/dist/cjs/internal/configProvider.js                                                                             9.7kb    0.2%
   ├ ../../node_modules/.pnpm/effect@3.18.4/node_modules/effect/dist/cjs/internal/queue.js                                                                                      9.6kb    0.2%
   ├ ../../node_modules/.pnpm/effect@3.18.4/node_modules/effect/dist/cjs/internal/mailbox.js                                                                                    9.3kb    0.2%
   ├ ../../node_modules/.pnpm/effect@3.18.4/node_modules/effect/dist/cjs/index.js                                                                                               9.1kb    0.2%
   ├ ../../node_modules/.pnpm/effect@3.18.4/node_modules/effect/dist/cjs/internal/effect/circular.js                                                                            9.1kb    0.2%
   ├ ../../node_modules/.pnpm/pathe@2.0.3/node_modules/pathe/dist/shared/pathe.BSlhyZSM.cjs                                                                                     8.8kb    0.2%
   ├ ../../node_modules/.pnpm/effect@3.18.4/node_modules/effect/dist/cjs/internal/stm/tMap.js                                                                                   8.8kb    0.2%
   ├ ../../node_modules/.pnpm/effect@3.18.4/node_modules/effect/dist/cjs/Duration.js                                                                                            8.5kb    0.2%
   ├ ../../node_modules/.pnpm/effect@3.18.4/node_modules/effect/dist/cjs/internal/stm/core.js                                                                                   8.5kb    0.2%
   ├ ../../node_modules/.pnpm/chokidar@4.0.3/node_modules/chokidar/handler.js                                                                                                   8.5kb    0.2%
   ├ ../../node_modules/.pnpm/effect@3.18.4/node_modules/effect/dist/cjs/internal/cache.js                                                                                      8.2kb    0.2%
   ├ ../../node_modules/.pnpm/effect@3.18.4/node_modules/effect/dist/cjs/Cron.js                                                                                                7.7kb    0.2%
   ├ ../../node_modules/.pnpm/effect@3.18.4/node_modules/effect/dist/cjs/internal/scopedCache.js                                                                                7.7kb    0.2%
   ├ ../../node_modules/.pnpm/effect@3.18.4/node_modules/effect/dist/cjs/internal/stm/tPubSub.js                                                                                7.6kb    0.2%
   ├ ../../node_modules/.pnpm/effect@3.18.4/node_modules/effect/dist/cjs/BigDecimal.js                                                                                          7.6kb    0.2%
   ├ ../../node_modules/.pnpm/vscode-jsonrpc@8.1.0/node_modules/vscode-jsonrpc/lib/common/api.js                                                                                7.4kb    0.2%
   ├ ../../node_modules/.pnpm/effect@3.18.4/node_modules/effect/dist/cjs/Iterable.js                                                                                            7.4kb    0.2%
   ├ ../../node_modules/.pnpm/fast-check@3.23.2/node_modules/fast-check/lib/utils/globals.js                                                                                    7.1kb    0.2%
   ├ ../../node_modules/.pnpm/effect@3.18.4/node_modules/effect/dist/cjs/internal/trie.js                                                                                       7.0kb    0.2%
   ├ ../../node_modules/.pnpm/effect@3.18.4/node_modules/effect/dist/cjs/internal/config.js                                                                                     6.8kb    0.2%
   ├ ../../node_modules/.pnpm/effect@3.18.4/node_modules/effect/dist/cjs/internal/pool.js                                                                                       6.8kb    0.2%
   ├ ../../node_modules/.pnpm/c12@3.1.0_magicast@0.3.5/node_modules/c12/dist/shared/c12.BXpNC6YI.mjs                                                                            6.7kb    0.2%
   ├ ../../node_modules/.pnpm/effect@3.18.4/node_modules/effect/dist/cjs/internal/runtime.js                                                                                    6.5kb    0.2%
   ├ ../../node_modules/.pnpm/effect@3.18.4/node_modules/effect/dist/cjs/List.js                                                                                                6.1kb    0.1%
   ├ ../../node_modules/.pnpm/effect@3.18.4/node_modules/effect/dist/cjs/TestClock.js                                                                                           6.1kb    0.1%
   ├ ../language-server/src/lib/completions/index.ts                                                                                                                            6.0kb    0.1%
   ├ ../../node_modules/.pnpm/effect@3.18.4/node_modules/effect/dist/cjs/internal/logger.js                                                                                     6.0kb    0.1%
   ├ ../../node_modules/.pnpm/deepmerge-ts@7.1.5/node_modules/deepmerge-ts/dist/index.cjs                                                                                       6.0kb    0.1%
   ├ ../../node_modules/.pnpm/effect@3.18.4/node_modules/effect/dist/cjs/internal/stm/tArray.js                                                                                 5.9kb    0.1%
   ├ ../../node_modules/.pnpm/effect@3.18.4/node_modules/effect/dist/cjs/Channel.js                                                                                             5.8kb    0.1%
   ├ ../../node_modules/.pnpm/effect@3.18.4/node_modules/effect/dist/cjs/internal/hashMap.js                                                                                    5.7kb    0.1%
   ├ ../../node_modules/.pnpm/effect@3.18.4/node_modules/effect/dist/cjs/STM.js                                                                                                 5.7kb    0.1%
   ├ ../../node_modules/.pnpm/effect@3.18.4/node_modules/effect/dist/cjs/internal/stm/tQueue.js                                                                                 5.7kb    0.1%
   ├ ../../node_modules/.pnpm/effect@3.18.4/node_modules/effect/dist/cjs/Sink.js                                                                                                5.5kb    0.1%
   ├ ../../node_modules/.pnpm/effect@3.18.4/node_modules/effect/dist/cjs/internal/groupBy.js                                                                                    5.4kb    0.1%
   ├ ../../node_modules/.pnpm/effect@3.18.4/node_modules/effect/dist/cjs/internal/blockedRequests.js                                                                            5.4kb    0.1%
   ├ ../../node_modules/.pnpm/effect@3.18.4/node_modules/effect/dist/cjs/DateTime.js                                                                                            5.3kb    0.1%
   ├ ../../node_modules/.pnpm/effect@3.18.4/node_modules/effect/dist/cjs/internal/metric.js                                                                                     5.3kb    0.1%
   ├ ../../node_modules/.pnpm/effect@3.18.4/node_modules/effect/dist/cjs/Layer.js                                                                                               5.2kb    0.1%
   ├ ../../node_modules/.pnpm/effect@3.18.4/node_modules/effect/dist/cjs/internal/fiber.js                                                                                      5.2kb    0.1%
   ├ ../../node_modules/.pnpm/effect@3.18.4/node_modules/effect/dist/cjs/Schedule.js                                                                                            5.1kb    0.1%
   ├ ../../node_modules/.pnpm/fast-check@3.23.2/node_modules/fast-check/lib/utils/stringify.js                                                                                  5.1kb    0.1%
   ├ ../../node_modules/.pnpm/graceful-fs@4.2.11/node_modules/graceful-fs/graceful-fs.js                                                                                        5.0kb    0.1%
   ├ ../../node_modules/.pnpm/effect@3.18.4/node_modules/effect/dist/cjs/String.js                                                                                              5.0kb    0.1%
   ├ ../../node_modules/.pnpm/effect@3.18.4/node_modules/effect/dist/cjs/internal/matcher.js                                                                                    5.0kb    0.1%
   ├ ../../node_modules/.pnpm/dotenv@16.6.1/node_modules/dotenv/lib/main.js                                                                                                     4.9kb    0.1%
   ├ ../../node_modules/.pnpm/node-fetch-native@1.6.7/node_modules/node-fetch-native/dist/chunks/multipart-parser.cjs                                                           4.9kb    0.1%
   ├ ../../node_modules/.pnpm/effect@3.18.4/node_modules/effect/dist/cjs/Option.js                                                                                              4.8kb    0.1%
   ├ ../../node_modules/.pnpm/effect@3.18.4/node_modules/effect/dist/cjs/internal/schema/errors.js                                                                              4.8kb    0.1%
   ├ ../../node_modules/.pnpm/vscode-jsonrpc@8.1.0/node_modules/vscode-jsonrpc/lib/node/main.js                                                                                 4.8kb    0.1%
   ├ ../../node_modules/.pnpm/effect@3.18.4/node_modules/effect/dist/cjs/internal/configError.js                                                                                4.7kb    0.1%
   ├ ../../node_modules/.pnpm/vscode-languageserver@8.1.0/node_modules/vscode-languageserver/lib/common/notebook.js                                                             4.7kb    0.1%
   ├ ../../node_modules/.pnpm/effect@3.18.4/node_modules/effect/dist/cjs/internal/stm/tReentrantLock.js                                                                         4.6kb    0.1%
   ├ ../../node_modules/.pnpm/effect@3.18.4/node_modules/effect/dist/cjs/FiberMap.js                                                                                            4.6kb    0.1%
   ├ ../../node_modules/.pnpm/effect@3.18.4/node_modules/effect/dist/cjs/internal/context.js                                                                                    4.5kb    0.1%
   ├ ../language-server/src/lib/completions/arguments.ts                                                                                                                        4.5kb    0.1%
   ├ ../../node_modules/.pnpm/effect@3.18.4/node_modules/effect/dist/cjs/Cause.js                                                                                               4.5kb    0.1%
   ├ ../../node_modules/.pnpm/vscode-jsonrpc@8.1.0/node_modules/vscode-jsonrpc/lib/common/linkedMap.js                                                                          4.5kb    0.1%
   ├ ../../node_modules/.pnpm/@prisma+prisma-schema-wasm@7.2.0-4.0c8ef2ce45c83248ab3df073180d5eda9e8be7a3/node_modules/@prisma/prisma-schema-wasm/src/prisma_schema_build.js    4.5kb    0.1%
   ├ ../../node_modules/.pnpm/fast-check@3.23.2/node_modules/fast-check/lib/arbitrary/_internals/helpers/TokenizeRegex.js                                                       4.5kb    0.1%
   ├ ../../node_modules/.pnpm/effect@3.18.4/node_modules/effect/dist/cjs/Record.js                                                                                              4.5kb    0.1%
   ├ ../../node_modules/.pnpm/effect@3.18.4/node_modules/effect/dist/cjs/internal/core-stream.js                                                                                4.5kb    0.1%
   ├ ../../node_modules/.pnpm/fast-check@3.23.2/node_modules/fast-check/lib/arbitrary/_internals/ArrayArbitrary.js                                                              4.4kb    0.1%
   ├ ../language-server/src/lib/code-actions/rename.ts                                                                                                                          4.4kb    0.1%
   ├ ../../node_modules/.pnpm/readdirp@4.1.2/node_modules/readdirp/index.js                                                                                                     4.2kb    0.1%
   ├ ../../node_modules/.pnpm/vscode-languageserver-textdocument@1.0.11/node_modules/vscode-languageserver-textdocument/lib/umd/main.js                                         4.2kb    0.1%
   ├ ../../node_modules/.pnpm/effect@3.18.4/node_modules/effect/dist/cjs/internal/rcMap.js                                                                                      4.1kb    0.1%
   ├ ../../node_modules/.pnpm/effect@3.18.4/node_modules/effect/dist/cjs/internal/hashMap/node.js                                                                               4.1kb    0.1%
   ├ ../../node_modules/.pnpm/effect@3.18.4/node_modules/effect/dist/cjs/MutableHashMap.js                                                                                      4.1kb    0.1%
   ├ ../../node_modules/.pnpm/@prisma+schema-files-loader@7.2.0-dev.27/node_modules/@prisma/schema-files-loader/dist/index.js                                                   4.1kb    0.1%
   ├ ../../node_modules/.pnpm/effect@3.18.4/node_modules/effect/dist/cjs/internal/metric/state.js                                                                               4.1kb    0.1%
   ├ ../../node_modules/.pnpm/vscode-languageserver-protocol@3.17.3/node_modules/vscode-languageserver-protocol/lib/common/protocol.notebook.js                                 4.1kb    0.1%
   ├ ../../node_modules/.pnpm/effect@3.18.4/node_modules/effect/dist/cjs/FiberHandle.js                                                                                         4.1kb    0.1%
   ├ ../../node_modules/.pnpm/vscode-jsonrpc@8.1.0/node_modules/vscode-jsonrpc/lib/common/messages.js                                                                           4.1kb    0.1%
   ├ ../../node_modules/.pnpm/effect@3.18.4/node_modules/effect/dist/cjs/internal/stm/tSubscriptionRef.js                                                                       4.0kb    0.1%
   ├ ../../node_modules/.pnpm/effect@3.18.4/node_modules/effect/dist/cjs/internal/metric/hook.js                                                                                4.0kb    0.1%
   ├ ../../node_modules/.pnpm/effect@3.18.4/node_modules/effect/dist/cjs/TestServices.js                                                                                        3.8kb    0.1%
   ├ ../../node_modules/.pnpm/graceful-fs@4.2.11/node_modules/graceful-fs/polyfills.js                                                                                          3.8kb    0.1%
   ├ ../../node_modules/.pnpm/effect@3.18.4/node_modules/effect/dist/cjs/FiberRef.js                                                                                            3.6kb    0.1%
   ├ ../../node_modules/.pnpm/effect@3.18.4/node_modules/effect/dist/cjs/Scheduler.js                                                                                           3.6kb    0.1%
   ├ ../../node_modules/.pnpm/vscode-jsonrpc@8.1.0/node_modules/vscode-jsonrpc/lib/common/messageReader.js                                                                      3.6kb    0.1%
   ├ ../../node_modules/.pnpm/effect@3.18.4/node_modules/effect/dist/cjs/internal/dataSource.js                                                                                 3.6kb    0.1%
   ├ ../../node_modules/.pnpm/effect@3.18.4/node_modules/effect/dist/cjs/FiberSet.js                                                                                            3.6kb    0.1%
   ├ ../../node_modules/.pnpm/fast-check@3.23.2/node_modules/fast-check/lib/arbitrary/stringMatching.js                                                                         3.6kb    0.1%
   ├ ../../node_modules/.pnpm/fast-check@3.23.2/node_modules/fast-check/lib/check/arbitrary/definition/Arbitrary.js                                                             3.6kb    0.1%
   ├ ../../node_modules/.pnpm/effect@3.18.4/node_modules/effect/dist/cjs/internal/metric/keyType.js                                                                             3.5kb    0.1%
   ├ ../../node_modules/.pnpm/effect@3.18.4/node_modules/effect/dist/cjs/Either.js                                                                                              3.5kb    0.1%
   ├ ../../node_modules/.pnpm/fast-check@3.23.2/node_modules/fast-check/lib/check/runner/utils/RunDetailsFormatter.js                                                           3.5kb    0.1%
   ├ ../../node_modules/.pnpm/fast-check@3.23.2/node_modules/fast-check/lib/arbitrary/_internals/FrequencyArbitrary.js                                                          3.5kb    0.1%
   ├ ../../node_modules/.pnpm/effect@3.18.4/node_modules/effect/dist/cjs/Utils.js                                                                                               3.5kb    0.1%
   ├ ../../node_modules/.pnpm/effect@3.18.4/node_modules/effect/dist/cjs/internal/stm/tPriorityQueue.js                                                                         3.5kb    0.1%
   ├ ../../node_modules/.pnpm/fast-check@3.23.2/node_modules/fast-check/lib/check/runner/configuration/QualifiedParameters.js                                                   3.5kb    0.1%
   ├ ../../node_modules/.pnpm/effect@3.18.4/node_modules/effect/dist/cjs/internal/fiberId.js                                                                                    3.5kb    0.1%
   ├ ../../node_modules/.pnpm/effect@3.18.4/node_modules/effect/dist/cjs/internal/keyedPool.js                                                                                  3.5kb    0.1%
   ├ ../../node_modules/.pnpm/fast-check@3.23.2/node_modules/fast-check/lib/utils/hash.js                                                                                       3.4kb    0.1%
   ├ ../../node_modules/.pnpm/effect@3.18.4/node_modules/effect/dist/cjs/internal/hashSet.js                                                                                    3.4kb    0.1%
   ├ ../../node_modules/.pnpm/effect@3.18.4/node_modules/effect/dist/cjs/internal/layer/circular.js                                                                             3.4kb    0.1%
   ├ ../language-server/src/server.ts                                                                                                                                           3.4kb    0.1%
   ├ ../../node_modules/.pnpm/effect@3.18.4/node_modules/effect/dist/cjs/internal/schedule/intervals.js                                                                         3.2kb    0.1%
   ├ ../../node_modules/.pnpm/nypm@0.6.2/node_modules/nypm/dist/shared/nypm.CLjaS_sz.mjs                                                                                        3.2kb    0.1%
   ├ ../../node_modules/.pnpm/vscode-languageserver@8.1.0/node_modules/vscode-languageserver/lib/node/files.js                                                                  3.2kb    0.1%
   ├ ../../node_modules/.pnpm/effect@3.18.4/node_modules/effect/dist/cjs/Predicate.js                                                                                           3.2kb    0.1%
   ├ ../../node_modules/.pnpm/effect@3.18.4/node_modules/effect/dist/cjs/internal/fiberRefs.js                                                                                  3.2kb    0.1%
   ├ ../../node_modules/.pnpm/effect@3.18.4/node_modules/effect/dist/cjs/internal/supervisor.js                                                                                 3.1kb    0.1%
   ├ ../../node_modules/.pnpm/effect@3.18.4/node_modules/effect/dist/cjs/internal/stm/tSet.js                                                                                   3.1kb    0.1%
   ├ ../../node_modules/.pnpm/rc9@2.1.2/node_modules/rc9/dist/index.cjs                                                                                                         3.1kb    0.1%
   ├ ../../node_modules/.pnpm/effect@3.18.4/node_modules/effect/dist/cjs/internal/channel/subexecutor.js                                                                        3.1kb    0.1%
   ├ ../../node_modules/.pnpm/effect@3.18.4/node_modules/effect/dist/cjs/Pretty.js                                                                                              3.1kb    0.1%
   ├ ../../node_modules/.pnpm/fast-check@3.23.2/node_modules/fast-check/lib/arbitrary/_internals/implementations/SchedulerImplem.js                                             3.1kb    0.1%
   ├ ../../node_modules/.pnpm/effect@3.18.4/node_modules/effect/dist/cjs/SortedSet.js                                                                                           3.0kb    0.1%
   ├ ../../node_modules/.pnpm/fast-check@3.23.2/node_modules/fast-check/lib/arbitrary/lorem.js                                                                                  3.0kb    0.1%
   ├ ../language-server/src/lib/MessageHandler.ts                                                                                                                               2.9kb    0.1%
   ├ ../../node_modules/.pnpm/confbox@0.2.2/node_modules/confbox/dist/ini.mjs                                                                                                   2.9kb    0.1%
   ├ ../../node_modules/.pnpm/effect@3.18.4/node_modules/effect/dist/cjs/internal/defaultServices.js                                                                            2.9kb    0.1%
   ├ ../../node_modules/.pnpm/vscode-languageserver@8.1.0/node_modules/vscode-languageserver/lib/node/main.js                                                                   2.8kb    0.1%
   ├ ../language-server/src/lib/completions/generator.ts                                                                                                                        2.7kb    0.1%
   ├ ../../node_modules/.pnpm/effect@3.18.4/node_modules/effect/dist/cjs/Function.js                                                                                            2.7kb    0.1%
   ├ ../../node_modules/.pnpm/effect@3.18.4/node_modules/effect/dist/cjs/internal/channel/singleProducerAsyncInput.js                                                           2.7kb    0.1%
   ├ ../../node_modules/.pnpm/fast-check@3.23.2/node_modules/fast-check/lib/arbitrary/_internals/ArrayInt64Arbitrary.js                                                         2.7kb    0.1%
   ├ ../../node_modules/.pnpm/effect@3.18.4/node_modules/effect/dist/cjs/internal/differ.js                                                                                     2.7kb    0.1%
   ├ ../../node_modules/.pnpm/effect@3.18.4/node_modules/effect/dist/cjs/internal/differ/orPatch.js                                                                             2.7kb    0.1%
   ├ ../../node_modules/.pnpm/effect@3.18.4/node_modules/effect/dist/cjs/internal/runtimeFlags.js                                                                               2.7kb    0.1%
   ├ ../../node_modules/.pnpm/effect@3.18.4/node_modules/effect/dist/cjs/Metric.js                                                                                              2.6kb    0.1%
   ├ ../../node_modules/.pnpm/fs-extra@11.3.0/node_modules/fs-extra/lib/util/stat.js                                                                                            2.6kb    0.1%
   ├ ../../node_modules/.pnpm/fast-check@3.23.2/node_modules/fast-check/lib/arbitrary/_internals/helpers/ReadRegex.js                                                           2.6kb    0.1%
   ├ ../../node_modules/.pnpm/effect@3.18.4/node_modules/effect/dist/cjs/internal/schema/util.js                                                                                2.6kb    0.1%
   ├ ../../node_modules/.pnpm/effect@3.18.4/node_modules/effect/dist/cjs/Logger.js                                                                                              2.6kb    0.1%
   ├ ../../node_modules/.pnpm/effect@3.18.4/node_modules/effect/dist/cjs/internal/take.js                                                                                       2.6kb    0.1%
   ├ ../../node_modules/.pnpm/effect@3.18.4/node_modules/effect/dist/cjs/SortedMap.js                                                                                           2.6kb    0.1%
   ├ ../../node_modules/.pnpm/effect@3.18.4/node_modules/effect/dist/cjs/BigInt.js                                                                                              2.6kb    0.1%
   ├ ../../node_modules/.pnpm/effect@3.18.4/node_modules/effect/dist/cjs/internal/query.js                                                                                      2.6kb    0.1%
   ├ ../../node_modules/.pnpm/effect@3.18.4/node_modules/effect/dist/cjs/internal/rcRef.js                                                                                      2.5kb    0.1%
   ├ ../../node_modules/.pnpm/ohash@2.0.11/node_modules/ohash/dist/shared/ohash.D__AXeF1.mjs                                                                                    2.5kb    0.1%
   ├ ../../node_modules/.pnpm/fs-extra@11.3.0/node_modules/fs-extra/lib/copy/copy-sync.js                                                                                       2.5kb    0.1%
   ├ ../../node_modules/.pnpm/fast-check@3.23.2/node_modules/fast-check/lib/check/runner/reporter/RunExecution.js                                                               2.5kb    0.1%
   ├ ../../node_modules/.pnpm/effect@3.18.4/node_modules/effect/dist/cjs/MutableList.js                                                                                         2.5kb    0.1%
   ├ ../../node_modules/.pnpm/effect@3.18.4/node_modules/effect/dist/cjs/internal/managedRuntime.js                                                                             2.5kb    0.1%
   ├ ../../node_modules/.pnpm/effect@3.18.4/node_modules/effect/dist/cjs/internal/encoding/base64.js                                                                            2.5kb    0.1%
   ├ ../../node_modules/.pnpm/effect@3.18.4/node_modules/effect/dist/cjs/LayerMap.js                                                                                            2.5kb    0.1%
   ├ ../../node_modules/.pnpm/effect@3.18.4/node_modules/effect/dist/cjs/TArray.js                                                                                              2.5kb    0.1%
   ├ ../../node_modules/.pnpm/effect@3.18.4/node_modules/effect/dist/cjs/internal/random.js                                                                                     2.5kb    0.1%
   ├ ../../node_modules/.pnpm/effect@3.18.4/node_modules/effect/dist/cjs/internal/encoding/hex.js                                                                               2.5kb    0.1%
   ├ ../../node_modules/.pnpm/vscode-jsonrpc@8.1.0/node_modules/vscode-jsonrpc/lib/node/ril.js                                                                                  2.4kb    0.1%
   ├ ../../node_modules/.pnpm/effect@3.18.4/node_modules/effect/dist/cjs/Fiber.js                                                                                               2.4kb    0.1%
   ├ ../../node_modules/.pnpm/effect@3.18.4/node_modules/effect/dist/cjs/internal/console.js                                                                                    2.4kb    0.1%
   ├ ../../node_modules/.pnpm/effect@3.18.4/node_modules/effect/dist/cjs/Number.js                                                                                              2.4kb    0.1%
   ├ ../language-server/src/lib/completions/functions.ts                                                                                                                        2.4kb    0.1%
   ├ ../../node_modules/.pnpm/effect@3.18.4/node_modules/effect/dist/cjs/RuntimeFlags.js                                                                                        2.4kb    0.1%
   ├ ../../node_modules/.pnpm/effect@3.18.4/node_modules/effect/dist/cjs/internal/redBlackTree/iterator.js                                                                      2.4kb    0.1%
   ├ ../../node_modules/.pnpm/fs-extra@11.3.0/node_modules/fs-extra/lib/copy/copy.js                                                                                            2.4kb    0.1%
   ├ ../../node_modules/.pnpm/effect@3.18.4/node_modules/effect/dist/cjs/internal/stm/tRef.js                                                                                   2.4kb    0.1%
   ├ ../../node_modules/.pnpm/effect@3.18.4/node_modules/effect/dist/cjs/internal/stm/tRandom.js                                                                                2.3kb    0.1%
   ├ ../../node_modules/.pnpm/effect@3.18.4/node_modules/effect/dist/cjs/internal/tracer.js                                                                                     2.3kb    0.1%
   ├ ../../node_modules/.pnpm/vscode-languageserver@8.1.0/node_modules/vscode-languageserver/lib/common/progress.js                                                             2.3kb    0.1%
   ├ ../../node_modules/.pnpm/vscode-languageserver@8.1.0/node_modules/vscode-languageserver/lib/common/textDocuments.js                                                        2.3kb    0.1%
   ├ ../../node_modules/.pnpm/effect@3.18.4/node_modules/effect/dist/cjs/internal/differ/contextPatch.js                                                                        2.3kb    0.1%
   ├ ../../node_modules/.pnpm/effect@3.18.4/node_modules/effect/dist/cjs/internal/stm/tExit.js                                                                                  2.3kb    0.1%
   ├ ../../node_modules/.pnpm/effect@3.18.4/node_modules/effect/dist/cjs/internal/differ/chunkPatch.js                                                                          2.3kb    0.1%
   ├ ../../node_modules/.pnpm/fast-check@3.23.2/node_modules/fast-check/lib/arbitrary/_internals/CommandsArbitrary.js                                                           2.3kb    0.1%
   ├ ../../node_modules/.pnpm/effect@3.18.4/node_modules/effect/dist/cjs/internal/metric/registry.js                                                                            2.3kb    0.1%
   ├ ../../node_modules/.pnpm/vscode-languageserver@8.1.0/node_modules/vscode-languageserver/lib/common/semanticTokens.js                                                       2.3kb    0.1%
   ├ ../language-server/src/lib/Schema.ts                                                                                                                                       2.3kb    0.1%
   ├ ../../node_modules/.pnpm/effect@3.18.4/node_modules/effect/dist/cjs/internal/ref.js                                                                                        2.3kb    0.1%
   ├ ../../node_modules/.pnpm/effect@3.18.4/node_modules/effect/dist/cjs/RedBlackTree.js                                                                                        2.2kb    0.1%
   ├ ../../node_modules/.pnpm/effect@3.18.4/node_modules/effect/dist/cjs/Order.js                                                                                               2.2kb    0.1%
   ├ ../../node_modules/.pnpm/effect@3.18.4/node_modules/effect/dist/cjs/internal/differ/hashMapPatch.js                                                                        2.2kb    0.1%
   ├ ../../node_modules/.pnpm/effect@3.18.4/node_modules/effect/dist/cjs/Match.js                                                                                               2.2kb    0.1%
   ├ ../../node_modules/.pnpm/pkg-types@2.2.0/node_modules/pkg-types/dist/index.mjs                                                                                             2.2kb    0.1%
   ├ ../../node_modules/.pnpm/effect@3.18.4/node_modules/effect/dist/cjs/internal/differ/readonlyArrayPatch.js                                                                  2.2kb    0.1%
   ├ ../../node_modules/.pnpm/effect@3.18.4/node_modules/effect/dist/cjs/internal/request.js                                                                                    2.1kb    0.1%
   ├ ../../node_modules/.pnpm/effect@3.18.4/node_modules/effect/dist/cjs/Encoding.js                                                                                            2.1kb    0.0%
   ├ ../../node_modules/.pnpm/vscode-jsonrpc@8.1.0/node_modules/vscode-jsonrpc/lib/common/messageWriter.js                                                                      2.1kb    0.0%
   ├ ../../node_modules/.pnpm/pure-rand@6.1.0/node_modules/pure-rand/lib/generator/MersenneTwister.js                                                                           2.1kb    0.0%
   ├ ../../node_modules/.pnpm/effect@3.18.4/node_modules/effect/dist/cjs/MutableQueue.js                                                                                        2.1kb    0.0%
   ├ ../language-server/src/lib/completions/attributes.ts                                                                                                                       2.1kb    0.0%
   ├ ../../node_modules/.pnpm/effect@3.18.4/node_modules/effect/dist/cjs/internal/stm/stmState.js                                                                               2.0kb    0.0%
   ├ ../../node_modules/.pnpm/effect@3.18.4/node_modules/effect/dist/cjs/Exit.js                                                                                                2.0kb    0.0%
   ├ ../../node_modules/.pnpm/effect@3.18.4/node_modules/effect/dist/cjs/TMap.js                                                                                                2.0kb    0.0%
   ├ ../../node_modules/.pnpm/effect@3.18.4/node_modules/effect/dist/cjs/internal/stm/tSemaphore.js                                                                             2.0kb    0.0%
   ├ ../../node_modules/.pnpm/effect@3.18.4/node_modules/effect/dist/cjs/Data.js                                                                                                2.0kb    0.0%
   ├ ../../node_modules/.pnpm/effect@3.18.4/node_modules/effect/dist/cjs/HashMap.js                                                                                             2.0kb    0.0%
   ├ ../../node_modules/.pnpm/effect@3.18.4/node_modules/effect/dist/cjs/internal/metric/key.js                                                                                 2.0kb    0.0%
   ├ ../../node_modules/.pnpm/fast-check@3.23.2/node_modules/fast-check/lib/arbitrary/_internals/builders/AnyArbitraryBuilder.js                                                2.0kb    0.0%
   ├ ../../node_modules/.pnpm/effect@3.18.4/node_modules/effect/dist/cjs/internal/schema/schemaId.js                                                                            2.0kb    0.0%
   ├ ../../node_modules/.pnpm/effect@3.18.4/node_modules/effect/dist/cjs/Config.js                                                                                              2.0kb    0.0%
   ├ ../../node_modules/.pnpm/effect@3.18.4/node_modules/effect/dist/cjs/internal/subscriptionRef.js                                                                            2.0kb    0.0%
   ├ ../../node_modules/.pnpm/effect@3.18.4/node_modules/effect/dist/cjs/internal/effectable.js                                                                                 2.0kb    0.0%
   ├ ../../node_modules/.pnpm/fast-check@3.23.2/node_modules/fast-check/lib/check/runner/Runner.js                                                                              2.0kb    0.0%
   ├ ../../node_modules/.pnpm/effect@3.18.4/node_modules/effect/dist/cjs/Hash.js                                                                                                1.9kb    0.0%
   ├ ../../node_modules/.pnpm/effect@3.18.4/node_modules/effect/dist/cjs/internal/fiberStatus.js                                                                                1.9kb    0.0%
   ├ ../language-server/src/lib/ast/block.ts                                                                                                                                    1.9kb    0.0%
   ├ ../../node_modules/.pnpm/effect@3.18.4/node_modules/effect/dist/cjs/Queue.js                                                                                               1.9kb    0.0%
   ├ ../../node_modules/.pnpm/effect@3.18.4/node_modules/effect/dist/cjs/internal/either.js                                                                                     1.9kb    0.0%
   ├ ../../node_modules/.pnpm/effect@3.18.4/node_modules/effect/dist/cjs/internal/differ/hashSetPatch.js                                                                        1.9kb    0.0%
   ├ ../../node_modules/.pnpm/fast-check@3.23.2/node_modules/fast-check/lib/arbitrary/_internals/MixedCaseArbitrary.js                                                          1.9kb    0.0%
   ├ ../../node_modules/.pnpm/effect@3.18.4/node_modules/effect/dist/cjs/MutableRef.js                                                                                          1.9kb    0.0%
   ├ ../../node_modules/.pnpm/effect@3.18.4/node_modules/effect/dist/cjs/Equal.js                                                                                               1.9kb    0.0%
   ├ ../../node_modules/.pnpm/effect@3.18.4/node_modules/effect/dist/cjs/internal/reloadable.js                                                                                 1.9kb    0.0%
   ├ ../../node_modules/.pnpm/effect@3.18.4/node_modules/effect/dist/cjs/internal/stream/emit.js                                                                                1.9kb    0.0%
   ├ ../../node_modules/.pnpm/effect@3.18.4/node_modules/effect/dist/cjs/Runtime.js                                                                                             1.8kb    0.0%
   ├ ../../node_modules/.pnpm/effect@3.18.4/node_modules/effect/dist/cjs/internal/supervisor/patch.js                                                                           1.8kb    0.0%
   ├ ../../node_modules/.pnpm/pure-rand@6.1.0/node_modules/pure-rand/lib/distribution/internals/ArrayInt.js                                                                     1.8kb    0.0%
   ├ ../../node_modules/.pnpm/fast-check@3.23.2/node_modules/fast-check/lib/arbitrary/_internals/mappers/EntitiesToIPv6.js                                                      1.8kb    0.0%
   ├ ../../node_modules/.pnpm/effect@3.18.4/node_modules/effect/dist/cjs/internal/metric/polling.js                                                                             1.8kb    0.0%
   ├ ../../node_modules/.pnpm/vscode-jsonrpc@8.1.0/node_modules/vscode-jsonrpc/lib/common/messageBuffer.js                                                                      1.8kb    0.0%
   ├ ../../node_modules/.pnpm/effect@3.18.4/node_modules/effect/dist/cjs/SynchronizedRef.js                                                                                     1.8kb    0.0%
   ├ ../language-server/src/lib/code-actions/index.ts                                                                                                                           1.8kb    0.0%
   ├ ../../node_modules/.pnpm/effect@3.18.4/node_modules/effect/dist/cjs/internal/clock.js                                                                                      1.8kb    0.0%
   ├ ../../node_modules/.pnpm/effect@3.18.4/node_modules/effect/dist/cjs/internal/fiberRefs/patch.js                                                                            1.8kb    0.0%
   ├ ../../node_modules/.pnpm/fast-check@3.23.2/node_modules/fast-check/lib/arbitrary/_internals/helpers/SanitizeRegexAst.js                                                    1.8kb    0.0%
   ├ ../../node_modules/.pnpm/fast-check@3.23.2/node_modules/fast-check/lib/check/property/AsyncProperty.generic.js                                                             1.8kb    0.0%
   ├ ../../node_modules/.pnpm/effect@3.18.4/node_modules/effect/dist/cjs/TestAnnotation.js                                                                                      1.8kb    0.0%
   ├ ../../node_modules/.pnpm/vscode-jsonrpc@8.1.0/node_modules/vscode-jsonrpc/lib/common/events.js                                                                             1.8kb    0.0%
   ├ ../../node_modules/.pnpm/fast-check@3.23.2/node_modules/fast-check/lib/arbitrary/_internals/SubarrayArbitrary.js                                                           1.8kb    0.0%
   ├ ../../node_modules/.pnpm/effect@3.18.4/node_modules/effect/dist/cjs/internal/defaultServices/console.js                                                                    1.7kb    0.0%
   ├ ../../node_modules/.pnpm/effect@3.18.4/node_modules/effect/dist/cjs/internal/stream/handoff.js                                                                             1.7kb    0.0%
   ├ ../../node_modules/.pnpm/vscode-languageserver-protocol@3.17.3/node_modules/vscode-languageserver-protocol/lib/common/protocol.fileOperations.js                           1.7kb    0.0%
   ├ ../../node_modules/.pnpm/effect@3.18.4/node_modules/effect/dist/cjs/SubscriptionRef.js                                                                                     1.7kb    0.0%
   ├ ../../node_modules/.pnpm/fast-check@3.23.2/node_modules/fast-check/lib/arbitrary/ipV6.js                                                                                   1.7kb    0.0%
   ├ ../../node_modules/.pnpm/effect@3.18.4/node_modules/effect/dist/cjs/internal/schedule/interval.js                                                                          1.7kb    0.0%
   ├ ../../node_modules/.pnpm/effect@3.18.4/node_modules/effect/dist/cjs/Trie.js                                                                                                1.7kb    0.0%
   ├ ../../node_modules/.pnpm/effect@3.18.4/node_modules/effect/dist/cjs/internal/stm/journal.js                                                                                1.7kb    0.0%
   ├ ../../node_modules/.pnpm/effect@3.18.4/node_modules/effect/dist/cjs/internal/rateLimiter.js                                                                                1.7kb    0.0%
   ├ ../language-server/src/lib/validations.ts                                                                                                                                  1.7kb    0.0%
   ├ ../../node_modules/.pnpm/effect@3.18.4/node_modules/effect/dist/cjs/RequestResolver.js                                                                                     1.7kb    0.0%
   ├ ../../node_modules/.pnpm/effect@3.18.4/node_modules/effect/dist/cjs/internal/scopedRef.js                                                                                  1.7kb    0.0%
   ├ ../../node_modules/.pnpm/effect@3.18.4/node_modules/effect/dist/cjs/TSet.js                                                                                                1.7kb    0.0%
   ├ ../../node_modules/.pnpm/fast-check@3.23.2/node_modules/fast-check/lib/arbitrary/sparseArray.js                                                                            1.6kb    0.0%
   ├ ../../node_modules/.pnpm/effect@3.18.4/node_modules/effect/dist/cjs/Brand.js                                                                                               1.6kb    0.0%
   ├ ../../node_modules/.pnpm/fast-check@3.23.2/node_modules/fast-check/lib/arbitrary/_internals/mappers/WordsToLorem.js                                                        1.6kb    0.0%
   ├ ../../node_modules/.pnpm/fast-check@3.23.2/node_modules/fast-check/lib/arbitrary/_internals/helpers/MaxLengthFromMinLength.js                                              1.6kb    0.0%
   ├ ../../node_modules/.pnpm/effect@3.18.4/node_modules/effect/dist/cjs/TQueue.js                                                                                              1.6kb    0.0%
   ├ ../../node_modules/.pnpm/fast-check@3.23.2/node_modules/fast-check/lib/check/property/Property.generic.js                                                                  1.6kb    0.0%
   ├ ../../node_modules/.pnpm/effect@3.18.4/node_modules/effect/dist/cjs/internal/channel/channelState.js                                                                       1.6kb    0.0%
   ├ ../../node_modules/.pnpm/fast-check@3.23.2/node_modules/fast-check/lib/arbitrary/_internals/helpers/ArrayInt64.js                                                          1.6kb    0.0%
   ├ ../../node_modules/.pnpm/effect@3.18.4/node_modules/effect/dist/cjs/internal/synchronizedRef.js                                                                            1.6kb    0.0%
   ├ ../../node_modules/.pnpm/c12@3.1.0_magicast@0.3.5/node_modules/c12/dist/index.mjs                                                                                          1.6kb    0.0%
   ├ ../../node_modules/.pnpm/effect@3.18.4/node_modules/effect/dist/cjs/LogLevel.js                                                                                            1.6kb    0.0%
   ├ ../../node_modules/.pnpm/effect@3.18.4/node_modules/effect/dist/cjs/Inspectable.js                                                                                         1.6kb    0.0%
   ├ ../../node_modules/.pnpm/effect@3.18.4/node_modules/effect/dist/cjs/internal/executionPlan.js                                                                              1.5kb    0.0%
   ├ ../../node_modules/.pnpm/effect@3.18.4/node_modules/effect/dist/cjs/Deferred.js                                                                                            1.5kb    0.0%
   ├ ../../node_modules/.pnpm/effect@3.18.4/node_modules/effect/dist/cjs/internal/option.js                                                                                     1.5kb    0.0%
   ├ ../../node_modules/.pnpm/vscode-languageserver-protocol@3.17.3/node_modules/vscode-languageserver-protocol/lib/common/protocol.semanticTokens.js                           1.5kb    0.0%
   ├ ../../node_modules/.pnpm/confbox@0.2.2/node_modules/confbox/dist/shared/confbox.DA7CpUDY.mjs                                                                               1.5kb    0.0%
   ├ ../../node_modules/.pnpm/effect@3.18.4/node_modules/effect/dist/cjs/HashSet.js                                                                                             1.5kb    0.0%
   ├ ../../node_modules/.pnpm/effect@3.18.4/node_modules/effect/dist/cjs/internal/channel/mergeState.js                                                                         1.5kb    0.0%
   ├ ../language-server/src/lib/ast/findAtPosition.ts                                                                                                                           1.5kb    0.0%
   ├ ../../node_modules/.pnpm/effect@3.18.4/node_modules/effect/dist/cjs/MetricKeyType.js                                                                                       1.5kb    0.0%
   ├ ../../node_modules/.pnpm/effect@3.18.4/node_modules/effect/dist/cjs/MetricState.js                                                                                         1.5kb    0.0%
   ├ ../../node_modules/.pnpm/fs-extra@11.3.0/node_modules/fs-extra/lib/fs/index.js                                                                                             1.5kb    0.0%
   ├ ../../node_modules/.pnpm/effect@3.18.4/node_modules/effect/dist/cjs/TestAnnotations.js                                                                                     1.5kb    0.0%
   ├ ../../node_modules/.pnpm/graceful-fs@4.2.11/node_modules/graceful-fs/legacy-streams.js                                                                                     1.5kb    0.0%
   ├ ../../node_modules/.pnpm/effect@3.18.4/node_modules/effect/dist/cjs/Differ.js                                                                                              1.5kb    0.0%
   ├ ../../node_modules/.pnpm/effect@3.18.4/node_modules/effect/dist/cjs/internal/channel/upstreamPullStrategy.js                                                               1.5kb    0.0%
   ├ ../../node_modules/.pnpm/effect@3.18.4/node_modules/effect/dist/cjs/internal/configProvider/pathPatch.js                                                                   1.5kb    0.0%
   ├ ../../node_modules/.pnpm/effect@3.18.4/node_modules/effect/dist/cjs/MutableHashSet.js                                                                                      1.5kb    0.0%
   ├ ../../node_modules/.pnpm/effect@3.18.4/node_modules/effect/dist/cjs/internal/redacted.js                                                                                   1.5kb    0.0%
   ├ ../../node_modules/.pnpm/effect@3.18.4/node_modules/effect/dist/cjs/internal/metric/boundaries.js                                                                          1.5kb    0.0%
   ├ ../../node_modules/.pnpm/effect@3.18.4/node_modules/effect/dist/cjs/internal/secret.js                                                                                     1.5kb    0.0%
   ├ ../../node_modules/.pnpm/effect@3.18.4/node_modules/effect/dist/cjs/TestAnnotationMap.js                                                                                   1.5kb    0.0%
   ├ ../../node_modules/.pnpm/effect@3.18.4/node_modules/effect/dist/cjs/internal/channel/childExecutorDecision.js                                                              1.5kb    0.0%
   ├ ../../node_modules/.pnpm/fast-check@3.23.2/node_modules/fast-check/lib/check/runner/Sampler.js                                                                             1.5kb    0.0%
   ├ ../../node_modules/.pnpm/fast-check@3.23.2/node_modules/fast-check/lib/arbitrary/_internals/TupleArbitrary.js                                                              1.4kb    0.0%
   ├ ../../node_modules/.pnpm/effect@3.18.4/node_modules/effect/dist/cjs/TReentrantLock.js                                                                                      1.4kb    0.0%
   ├ ../../node_modules/.pnpm/fast-check@3.23.2/node_modules/fast-check/lib/arbitrary/double.js                                                                                 1.4kb    0.0%
   ├ ../../node_modules/.pnpm/effect@3.18.4/node_modules/effect/dist/cjs/Tuple.js                                                                                               1.4kb    0.0%
   ├ ../../node_modules/.pnpm/effect@3.18.4/node_modules/effect/dist/cjs/internal/ringBuffer.js                                                                                 1.4kb    0.0%
   ├ ../../node_modules/.pnpm/effect@3.18.4/node_modules/effect/dist/cjs/ConfigProvider.js                                                                                      1.4kb    0.0%
   ├ ../../node_modules/.pnpm/effect@3.18.4/node_modules/effect/dist/cjs/Request.js                                                                                             1.4kb    0.0%
   ├ ../../node_modules/.pnpm/effect@3.18.4/node_modules/effect/dist/cjs/ConfigError.js                                                                                         1.4kb    0.0%
   ├ ../../node_modules/.pnpm/destr@2.0.5/node_modules/destr/dist/index.cjs                                                                                                     1.4kb    0.0%
   ├ ../../node_modules/.pnpm/fast-check@3.23.2/node_modules/fast-check/lib/arbitrary/domain.js                                                                                 1.4kb    0.0%
   ├ ../../node_modules/.pnpm/fast-check@3.23.2/node_modules/fast-check/lib/check/model/ReplayPath.js                                                                           1.4kb    0.0%
   ├ ../../node_modules/.pnpm/fast-check@3.23.2/node_modules/fast-check/lib/arbitrary/_internals/CloneArbitrary.js                                                              1.4kb    0.0%
   ├ ../../node_modules/.pnpm/effect@3.18.4/node_modules/effect/dist/cjs/Equivalence.js                                                                                         1.4kb    0.0%
   ├ ../../node_modules/.pnpm/effect@3.18.4/node_modules/effect/dist/cjs/ExecutionPlan.js                                                                                       1.4kb    0.0%
   ├ ../language-server/src/lib/completions/internals.ts                                                                                                                        1.4kb    0.0%
   ├ ../../node_modules/.pnpm/fast-check@3.23.2/node_modules/fast-check/lib/arbitrary/_internals/helpers/DoubleHelpers.js                                                       1.4kb    0.0%
   ├ ../../node_modules/.pnpm/effect@3.18.4/node_modules/effect/dist/cjs/Console.js                                                                                             1.4kb    0.0%
   ├ ../../node_modules/.pnpm/fast-check@3.23.2/node_modules/fast-check/lib/arbitrary/_internals/BigIntArbitrary.js                                                             1.4kb    0.0%
   ├ ../../node_modules/.pnpm/vscode-languageserver@8.1.0/node_modules/vscode-languageserver/lib/common/utils/uuid.js                                                           1.4kb    0.0%
   ├ ../../node_modules/.pnpm/fast-check@3.23.2/node_modules/fast-check/lib/arbitrary/_internals/IntegerArbitrary.js                                                            1.4kb    0.0%
   ├ ../../node_modules/.pnpm/fast-check@3.23.2/node_modules/fast-check/lib/arbitrary/_internals/mappers/ValuesAndSeparateKeysToObject.js                                       1.4kb    0.0%
   ├ ../../node_modules/.pnpm/effect@3.18.4/node_modules/effect/dist/cjs/internal/channel/upstreamPullRequest.js                                                                1.4kb    0.0%
   ├ ../../node_modules/.pnpm/effect@3.18.4/node_modules/effect/dist/cjs/TSubscriptionRef.js                                                                                    1.3kb    0.0%
   ├ ../../node_modules/.pnpm/vscode-jsonrpc@8.1.0/node_modules/vscode-jsonrpc/lib/common/cancellation.js                                                                       1.3kb    0.0%
   ├ ../language-server/src/lib/completions/types.ts                                                                                                                            1.3kb    0.0%
   ├ ../../node_modules/.pnpm/dotenv@16.6.1/node_modules/dotenv/package.json                                                                                                    1.3kb    0.0%
   ├ ../../node_modules/.pnpm/effect@3.18.4/node_modules/effect/dist/cjs/internal/channel/mergeStrategy.js                                                                      1.3kb    0.0%
   ├ ../../node_modules/.pnpm/fast-check@3.23.2/node_modules/fast-check/lib/arbitrary/float.js                                                                                  1.3kb    0.0%
   ├ ../../node_modules/.pnpm/effect@3.18.4/node_modules/effect/dist/cjs/Context.js                                                                                             1.3kb    0.0%
   ├ ../../node_modules/.pnpm/effect@3.18.4/node_modules/effect/dist/cjs/internal/stream/haltStrategy.js                                                                        1.3kb    0.0%
   ├ ../../node_modules/.pnpm/effect@3.18.4/node_modules/effect/dist/cjs/internal/stm/tDeferred.js                                                                              1.3kb    0.0%
   ├ ../../node_modules/.pnpm/pure-rand@6.1.0/node_modules/pure-rand/lib/pure-rand-default.js                                                                                   1.3kb    0.0%
   ├ ../../node_modules/.pnpm/pure-rand@6.1.0/node_modules/pure-rand/lib/generator/XorShift.js                                                                                  1.3kb    0.0%
   ├ ../../node_modules/.pnpm/vscode-languageserver-protocol@3.17.3/node_modules/vscode-languageserver-protocol/lib/common/protocol.diagnostic.js                               1.3kb    0.0%
   ├ ../../node_modules/.pnpm/ohash@2.0.11/node_modules/ohash/dist/utils/index.mjs                                                                                              1.3kb    0.0%
   ├ ../../node_modules/.pnpm/effect@3.18.4/node_modules/effect/dist/cjs/internal/resource.js                                                                                   1.3kb    0.0%
   ├ ../../node_modules/.pnpm/effect@3.18.4/node_modules/effect/dist/cjs/TPriorityQueue.js                                                                                      1.3kb    0.0%
   ├ ../../node_modules/.pnpm/effect@3.18.4/node_modules/effect/dist/cjs/Boolean.js                                                                                             1.3kb    0.0%
   ├ ../../node_modules/.pnpm/fast-check@3.23.2/node_modules/fast-check/lib/arbitrary/_internals/implementations/SlicedBasedGenerator.js                                        1.3kb    0.0%
   ├ ../../node_modules/.pnpm/pure-rand@6.1.0/node_modules/pure-rand/lib/generator/XoroShiro.js                                                                                 1.3kb    0.0%
   ├ ../language-server/package.json                                                                                                                                            1.3kb    0.0%
   ├ ../../node_modules/.pnpm/effect@3.18.4/node_modules/effect/dist/cjs/Take.js                                                                                                1.2kb    0.0%
   ├ ../../node_modules/.pnpm/effect@3.18.4/node_modules/effect/dist/cjs/TPubSub.js                                                                                             1.2kb    0.0%
   ├ ../../node_modules/.pnpm/effect@3.18.4/node_modules/effect/dist/cjs/FiberId.js                                                                                             1.2kb    0.0%
   ├ ../../node_modules/.pnpm/effect@3.18.4/node_modules/effect/dist/cjs/Subscribable.js                                                                                        1.2kb    0.0%
   ├ ../../node_modules/.pnpm/effect@3.18.4/node_modules/effect/dist/cjs/RuntimeFlagsPatch.js                                                                                   1.2kb    0.0%
   ├ ../../node_modules/.pnpm/effect@3.18.4/node_modules/effect/dist/cjs/internal/channel/mergeDecision.js                                                                      1.2kb    0.0%
   ├ ../../node_modules/.pnpm/fast-check@3.23.2/node_modules/fast-check/lib/arbitrary/webAuthority.js                                                                           1.2kb    0.0%
   ├ ../../node_modules/.pnpm/effect@3.18.4/node_modules/effect/dist/cjs/Ref.js                                                                                                 1.2kb    0.0%
   ├ ../../node_modules/.pnpm/effect@3.18.4/node_modules/effect/dist/cjs/Struct.js                                                                                              1.2kb    0.0%
   ├ ../../node_modules/.pnpm/effect@3.18.4/node_modules/effect/dist/cjs/internal/channel/continuation.js                                                                       1.2kb    0.0%
   ├ ../../node_modules/.pnpm/effect@3.18.4/node_modules/effect/dist/cjs/internal/stm/entry.js                                                                                  1.2kb    0.0%
   ├ ../../node_modules/.pnpm/fast-check@3.23.2/node_modules/fast-check/lib/arbitrary/_internals/builders/CharacterRangeArbitraryBuilder.js                                     1.2kb    0.0%
   ├ ../../node_modules/.pnpm/vscode-jsonrpc@8.1.0/node_modules/vscode-jsonrpc/lib/common/sharedArrayCancellation.js                                                            1.2kb    0.0%
   ├ ../../node_modules/.pnpm/effect@3.18.4/node_modules/effect/dist/cjs/Supervisor.js                                                                                          1.2kb    0.0%
   ├ ../../node_modules/.pnpm/fast-check@3.23.2/node_modules/fast-check/lib/arbitrary/_internals/mappers/KeyValuePairsToObject.js                                               1.2kb    0.0%
   ├ ../../node_modules/.pnpm/effect@3.18.4/node_modules/effect/dist/cjs/TRef.js                                                                                                1.2kb    0.0%
   ├ ../../node_modules/.pnpm/effect@3.18.4/node_modules/effect/dist/cjs/internal/string-utils.js                                                                               1.1kb    0.0%
   ├ ../../node_modules/.pnpm/fast-check@3.23.2/node_modules/fast-check/lib/check/property/SkipAfterProperty.js                                                                 1.1kb    0.0%
   ├ ../../node_modules/.pnpm/effect@3.18.4/node_modules/effect/dist/cjs/internal/fiberScope.js                                                                                 1.1kb    0.0%
   ├ ../../node_modules/.pnpm/effect@3.18.4/node_modules/effect/dist/cjs/TSemaphore.js                                                                                          1.1kb    0.0%
   ├ ../../node_modules/.pnpm/effect@3.18.4/node_modules/effect/dist/cjs/Effectable.js                                                                                          1.1kb    0.0%
   ├ ../../node_modules/.pnpm/effect@3.18.4/node_modules/effect/dist/cjs/PubSub.js                                                                                              1.1kb    0.0%
   ├ ../../node_modules/.pnpm/vscode-languageserver@8.1.0/node_modules/vscode-languageserver/lib/common/workspaceFolder.js                                                      1.1kb    0.0%
   ├ ../../node_modules/.pnpm/fast-check@3.23.2/node_modules/fast-check/lib/arbitrary/func.js                                                                                   1.1kb    0.0%
   ├ ../../node_modules/.pnpm/vscode-languageserver@8.1.0/node_modules/vscode-languageserver/lib/common/api.js                                                                  1.1kb    0.0%
   ├ ../../node_modules/.pnpm/fast-check@3.23.2/node_modules/fast-check/lib/arbitrary/_internals/ConstantArbitrary.js                                                           1.1kb    0.0%
   ├ ../../node_modules/.pnpm/effect@3.18.4/node_modules/effect/dist/cjs/internal/metric/label.js                                                                               1.1kb    0.0%
   ├ ../../node_modules/.pnpm/fast-check@3.23.2/node_modules/fast-check/lib/arbitrary/_internals/mappers/UintToBase32String.js                                                  1.1kb    0.0%
   ├ ../../node_modules/.pnpm/fast-check@3.23.2/node_modules/fast-check/lib/stream/Stream.js                                                                                    1.0kb    0.0%
   ├ ../../node_modules/.pnpm/effect@3.18.4/node_modules/effect/dist/cjs/internal/encoding/base64Url.js                                                                         1.0kb    0.0%
   ├ ../../node_modules/.pnpm/fast-check@3.23.2/node_modules/fast-check/lib/arbitrary/_internals/helpers/QualifiedObjectConstraints.js                                          1.0kb    0.0%
   ├ ../../node_modules/.pnpm/effect@3.18.4/node_modules/effect/dist/cjs/Random.js                                                                                              1.0kb    0.0%
   ├ ../../node_modules/.pnpm/effect@3.18.4/node_modules/effect/dist/cjs/Readable.js                                                                                            1.0kb    0.0%
   ├ ../../node_modules/.pnpm/effect@3.18.4/node_modules/effect/dist/cjs/internal/data.js                                                                                       1.0kb    0.0%
   ├ ../../node_modules/.pnpm/effect@3.18.4/node_modules/effect/dist/cjs/UpstreamPullStrategy.js                                                                                1.0kb    0.0%
   ├ ../../node_modules/.pnpm/effect@3.18.4/node_modules/effect/dist/cjs/FiberRefs.js                                                                                           1.0kb    0.0%
   ├ ../../node_modules/.pnpm/effect@3.18.4/node_modules/effect/dist/cjs/TestContext.js                                                                                         1.0kb    0.0%
   ├ ../../node_modules/.pnpm/fast-check@3.23.2/node_modules/fast-check/lib/arbitrary/_internals/helpers/SlicesForStringBuilder.js                                              1.0kb    0.0%
   ├ ../../node_modules/.pnpm/effect@3.18.4/node_modules/effect/dist/cjs/internal/stream/pull.js                                                                                1.0kb    0.0%
   ├ ../../node_modules/.pnpm/effect@3.18.4/node_modules/effect/dist/cjs/Scope.js                                                                                               1.0kb    0.0%
   ├ ../../node_modules/.pnpm/effect@3.18.4/node_modules/effect/dist/cjs/internal/concurrency.js                                                                                1.0kb    0.0%
   ├ ../../node_modules/.pnpm/fast-check@3.23.2/node_modules/fast-check/lib/arbitrary/_internals/helpers/FloatHelpers.js                                                        1.0kb    0.0%
   ├ ../../node_modules/.pnpm/fast-check@3.23.2/node_modules/fast-check/lib/arbitrary/uuid.js                                                                                   1.0kb    0.0%
   ├ ../../node_modules/.pnpm/effect@3.18.4/node_modules/effect/dist/cjs/ScheduleInterval.js                                                                                    1.0kb    0.0%
   ├ ../../node_modules/.pnpm/effect@3.18.4/node_modules/effect/dist/cjs/TestSized.js                                                                                          1019b     0.0%
   ├ ../../node_modules/.pnpm/node-fetch-native@1.6.7/node_modules/node-fetch-native/dist/index.cjs                                                                            1017b     0.0%
   ├ ../../node_modules/.pnpm/effect@3.18.4/node_modules/effect/dist/cjs/Mailbox.js                                                                                            1015b     0.0%
   ├ ../../node_modules/.pnpm/effect@3.18.4/node_modules/effect/dist/cjs/ChildExecutorDecision.js                                                                              1012b     0.0%
   ├ ../../node_modules/.pnpm/effect@3.18.4/node_modules/effect/dist/cjs/MergeState.js                                                                                         1006b     0.0%
   ├ ../../node_modules/.pnpm/fast-check@3.23.2/node_modules/fast-check/lib/arbitrary/_internals/builders/CompareFunctionArbitraryBuilder.js                                   1006b     0.0%
   ├ ../../node_modules/.pnpm/fast-check@3.23.2/node_modules/fast-check/lib/arbitrary/_internals/mappers/IndexToMappedConstant.js                                              1006b     0.0%
   ├ ../../node_modules/.pnpm/fast-check@3.23.2/node_modules/fast-check/lib/arbitrary/_internals/WithShrinkFromOtherArbitrary.js                                               1000b     0.0%
   ├ ../../node_modules/.pnpm/fast-check@3.23.2/node_modules/fast-check/lib/arbitrary/_internals/builders/TypedIntArrayArbitraryBuilder.js                                      997b     0.0%
   ├ ../../node_modules/.pnpm/vscode-languageserver-protocol@3.17.3/node_modules/vscode-languageserver-protocol/lib/common/api.js                                               993b     0.0%
   ├ ../../node_modules/.pnpm/defu@6.1.4/node_modules/defu/dist/defu.cjs                                                                                                        991b     0.0%
   ├ ../../node_modules/.pnpm/fast-check@3.23.2/node_modules/fast-check/lib/arbitrary/uniqueArray.js                                                                            990b     0.0%
   ├ ../../node_modules/.pnpm/effect@3.18.4/node_modules/effect/dist/cjs/ScheduleIntervals.js                                                                                   989b     0.0%
   ├ ../../node_modules/.pnpm/effect@3.18.4/node_modules/effect/dist/cjs/internal/runtimeFlagsPatch.js                                                                          986b     0.0%
   ├ ../../node_modules/.pnpm/fast-check@3.23.2/node_modules/fast-check/lib/check/property/TimeoutProperty.js                                                                   982b     0.0%
   ├ ../../node_modules/.pnpm/effect@3.18.4/node_modules/effect/dist/cjs/MetricKey.js                                                                                           976b     0.0%
   ├ ../../node_modules/.pnpm/effect@3.18.4/node_modules/effect/dist/cjs/MergeStrategy.js                                                                                       967b     0.0%
   ├ ../language-server/src/lib/prisma-schema-wasm/internals.ts                                                                                                                 966b     0.0%
   ├ ../../node_modules/.pnpm/fast-check@3.23.2/node_modules/fast-check/lib/random/generator/Random.js                                                                          963b     0.0%
   ├ ../../node_modules/.pnpm/vscode-jsonrpc@8.1.0/node_modules/vscode-jsonrpc/lib/common/semaphore.js                                                                          961b     0.0%
   ├ ../../node_modules/.pnpm/effect@3.18.4/node_modules/effect/dist/cjs/internal/schedule/decision.js                                                                          956b     0.0%
   ├ ../../node_modules/.pnpm/effect@3.18.4/node_modules/effect/dist/cjs/UpstreamPullRequest.js                                                                                 950b     0.0%
   ├ ../../node_modules/.pnpm/fast-check@3.23.2/node_modules/fast-check/lib/arbitrary/_internals/LimitedShrinkArbitrary.js                                                      948b     0.0%
   ├ ../../node_modules/.pnpm/fast-check@3.23.2/node_modules/fast-check/lib/check/property/IgnoreEqualValuesProperty.js                                                         941b     0.0%
   ├ ../../node_modules/.pnpm/effect@3.18.4/node_modules/effect/dist/cjs/MetricHook.js                                                                                          940b     0.0%
   ├ ../../node_modules/.pnpm/fast-check@3.23.2/node_modules/fast-check/lib/arbitrary/record.js                                                                                 940b     0.0%
   ├ ../../node_modules/.pnpm/effect@3.18.4/node_modules/effect/dist/cjs/TRandom.js                                                                                             937b     0.0%
   ├ ../../node_modules/.pnpm/effect@3.18.4/node_modules/effect/dist/cjs/FiberStatus.js                                                                                         932b     0.0%
   ├ ../../node_modules/.pnpm/fast-check@3.23.2/node_modules/fast-check/lib/arbitrary/emailAddress.js                                                                           932b     0.0%
   ├ ../../node_modules/.pnpm/jsonfile@6.2.0/node_modules/jsonfile/index.js                                                                                                     929b     0.0%
   ├ ../../node_modules/.pnpm/vscode-languageserver-protocol@3.17.3/node_modules/vscode-languageserver-protocol/lib/common/protocol.callHierarchy.js                            929b     0.0%
   ├ ../../node_modules/.pnpm/effect@3.18.4/node_modules/effect/dist/cjs/TestLive.js                                                                                            922b     0.0%
   ├ ../../node_modules/.pnpm/fast-check@3.23.2/node_modules/fast-check/lib/check/runner/RunnerIterator.js                                                                      922b     0.0%
   ├ ../../node_modules/.pnpm/klona@2.0.6/node_modules/klona/dist/index.js                                                                                                      922b     0.0%
   ├ ../../node_modules/.pnpm/effect@3.18.4/node_modules/effect/dist/cjs/Tracer.js                                                                                              919b     0.0%
   ├ ../../node_modules/.pnpm/effect@3.18.4/node_modules/effect/dist/cjs/StreamHaltStrategy.js                                                                                  917b     0.0%
   ├ ../../node_modules/.pnpm/fast-check@3.23.2/node_modules/fast-check/lib/arbitrary/_internals/StreamArbitrary.js                                                             910b     0.0%
   ├ ../../node_modules/.pnpm/effect@3.18.4/node_modules/effect/dist/cjs/Clock.js                                                                                               908b     0.0%
   ├ ../../node_modules/.pnpm/vscode-languageserver-protocol@3.17.3/node_modules/vscode-languageserver-protocol/lib/common/messages.js                                          907b     0.0%
   ├ ../../node_modules/.pnpm/effect@3.18.4/node_modules/effect/dist/cjs/Reloadable.js                                                                                          901b     0.0%
   ├ ../../node_modules/.pnpm/effect@3.18.4/node_modules/effect/dist/cjs/MetricPolling.js                                                                                       897b     0.0%
   ├ ../../node_modules/.pnpm/vscode-languageserver-protocol@3.17.3/node_modules/vscode-languageserver-protocol/lib/common/protocol.typeHierarchy.js                            897b     0.0%
   ├ ../../node_modules/.pnpm/effect@3.18.4/node_modules/effect/dist/cjs/Cache.js                                                                                               882b     0.0%
   ├ ../../node_modules/.pnpm/effect@3.18.4/node_modules/effect/dist/cjs/ExecutionStrategy.js                                                                                   882b     0.0%
   ├ ../../node_modules/.pnpm/effect@3.18.4/node_modules/effect/dist/cjs/KeyedPool.js                                                                                           881b     0.0%
   ├ ../../node_modules/.pnpm/fast-check@3.23.2/node_modules/fast-check/lib/arbitrary/_internals/helpers/ToggleFlags.js                                                         881b     0.0%
   ├ ../../node_modules/.pnpm/effect@3.18.4/node_modules/effect/dist/cjs/Redacted.js                                                                                            880b     0.0%
   ├ ../../node_modules/.pnpm/fast-check@3.23.2/node_modules/fast-check/lib/arbitrary/base64String.js                                                                           875b     0.0%
   ├ ../../node_modules/.pnpm/effect@3.18.4/node_modules/effect/dist/cjs/Pipeable.js                                                                                            874b     0.0%
   ├ ../../node_modules/.pnpm/effect@3.18.4/node_modules/effect/dist/cjs/Secret.js                                                                                              872b     0.0%
   ├ ../../node_modules/.pnpm/fast-check@3.23.2/node_modules/fast-check/lib/arbitrary/_internals/StringUnitArbitrary.js                                                         866b     0.0%
   ├ ../../node_modules/.pnpm/effect@3.18.4/node_modules/effect/dist/cjs/MetricBoundaries.js                                                                                    863b     0.0%
   ├ ../../node_modules/.pnpm/fs-extra@11.3.0/node_modules/fs-extra/lib/ensure/symlink-paths.js                                                                                 860b     0.0%
   ├ ../../node_modules/.pnpm/fs-extra@11.3.0/node_modules/fs-extra/lib/ensure/symlink.js                                                                                       860b     0.0%
   ├ ../../node_modules/.pnpm/effect@3.18.4/node_modules/effect/dist/cjs/internal/deferred.js                                                                                   858b     0.0%
   ├ ../../node_modules/.pnpm/effect@3.18.4/node_modules/effect/dist/cjs/MergeDecision.js                                                                                       846b     0.0%
   ├ ../../node_modules/.pnpm/effect@3.18.4/node_modules/effect/dist/cjs/internal/logger-circular.js                                                                            845b     0.0%
   ├ ../../node_modules/.pnpm/effect@3.18.4/node_modules/effect/dist/cjs/internal/encoding/common.js                                                                            844b     0.0%
   ├ ../../node_modules/.pnpm/fast-check@3.23.2/node_modules/fast-check/lib/arbitrary/ipV4Extended.js                                                                           835b     0.0%
   ├ ../../node_modules/.pnpm/vscode-languageserver-protocol@3.17.3/node_modules/vscode-languageserver-protocol/lib/common/protocol.progress.js                                 831b     0.0%
   ├ ../../node_modules/.pnpm/fast-check@3.23.2/node_modules/fast-check/lib/arbitrary/_internals/GeneratorArbitrary.js                                                          828b     0.0%
   ├ ../../node_modules/.pnpm/pure-rand@6.1.0/node_modules/pure-rand/lib/generator/LinearCongruential.js                                                                        825b     0.0%
   ├ ../../node_modules/.pnpm/fast-check@3.23.2/node_modules/fast-check/lib/arbitrary/webUrl.js                                                                                 824b     0.0%
   ├ ../../node_modules/.pnpm/effect@3.18.4/node_modules/effect/dist/cjs/RequestBlock.js                                                                                        822b     0.0%
   ├ ../../node_modules/.pnpm/js-levenshtein@1.1.6/node_modules/js-levenshtein/index.js                                                                                         822b     0.0%
   ├ ../../node_modules/.pnpm/effect@3.18.4/node_modules/effect/dist/cjs/TDeferred.js                                                                                           819b     0.0%
   ├ ../../node_modules/.pnpm/vscode-languageserver-protocol@3.17.3/node_modules/vscode-languageserver-protocol/lib/common/protocol.inlayHint.js                                816b     0.0%
   ├ ../../node_modules/.pnpm/effect@3.18.4/node_modules/effect/dist/cjs/Pool.js                                                                                                805b     0.0%
   ├ ../../node_modules/.pnpm/effect@3.18.4/node_modules/effect/dist/cjs/internal/opCodes/effect.js                                                                             804b     0.0%
   ├ ../../node_modules/.pnpm/fast-check@3.23.2/node_modules/fast-check/lib/arbitrary/_internals/helpers/DoubleOnlyHelpers.js                                                   795b     0.0%
   ├ ../../node_modules/.pnpm/effect@3.18.4/node_modules/effect/dist/cjs/RcMap.js                                                                                               794b     0.0%
   ├ ../../node_modules/.pnpm/fast-check@3.23.2/node_modules/fast-check/lib/arbitrary/_internals/builders/GeneratorValueBuilder.js                                              794b     0.0%
   ├ ../../node_modules/.pnpm/vscode-languageserver@8.1.0/node_modules/vscode-languageserver/lib/common/fileOperations.js                                                       790b     0.0%
   ├ ../../node_modules/.pnpm/fast-check@3.23.2/node_modules/fast-check/lib/arbitrary/_internals/helpers/FloatOnlyHelpers.js                                                    784b     0.0%
   ├ ../../node_modules/.pnpm/fast-check@3.23.2/node_modules/fast-check/lib/stream/StreamHelpers.js                                                                             781b     0.0%
   ├ ../../node_modules/.pnpm/fs-extra@11.3.0/node_modules/fs-extra/lib/move/move-sync.js                                                                                       781b     0.0%
   ├ ../../node_modules/.pnpm/effect@3.18.4/node_modules/effect/dist/cjs/ScheduleDecision.js                                                                                    777b     0.0%
   ├ ../../node_modules/.pnpm/effect@3.18.4/node_modules/effect/dist/cjs/Streamable.js                                                                                          776b     0.0%
   ├ ../../node_modules/.pnpm/vscode-languageserver-protocol@3.17.3/node_modules/vscode-languageserver-protocol/lib/common/utils/is.js                                          774b     0.0%
   ├ ../../node_modules/.pnpm/fast-check@3.23.2/node_modules/fast-check/lib/check/model/ModelRunner.js                                                                          768b     0.0%
   ├ ../../node_modules/.pnpm/effect@3.18.4/node_modules/effect/dist/cjs/GroupBy.js                                                                                             765b     0.0%
   ├ ../../node_modules/.pnpm/fast-check@3.23.2/node_modules/fast-check/lib/arbitrary/_internals/AdapterArbitrary.js                                                            765b     0.0%
   ├ ../../node_modules/.pnpm/effect@3.18.4/node_modules/effect/dist/cjs/ScopedRef.js                                                                                           764b     0.0%
   ├ ../../node_modules/.pnpm/fast-check@3.23.2/node_modules/fast-check/lib/arbitrary/string.js                                                                                 764b     0.0%
   ├ ../../node_modules/.pnpm/fast-check@3.23.2/node_modules/fast-check/lib/arbitrary/_internals/builders/StableArbitraryGeneratorCache.js                                      760b     0.0%
   ├ ../../node_modules/.pnpm/effect@3.18.4/node_modules/effect/dist/cjs/Resource.js                                                                                            759b     0.0%
   ├ ../../node_modules/.pnpm/effect@3.18.4/node_modules/effect/dist/cjs/ConfigProviderPathPatch.js                                                                             756b     0.0%
   ├ ../../node_modules/.pnpm/vscode-languageserver@8.1.0/node_modules/vscode-languageserver/lib/common/utils/is.js                                                             750b     0.0%
   ├ ../../node_modules/.pnpm/effect@3.18.4/node_modules/effect/dist/cjs/internal/executionStrategy.js                                                                          741b     0.0%
   ├ ../../node_modules/.pnpm/fast-check@3.23.2/node_modules/fast-check/lib/arbitrary/date.js                                                                                   741b     0.0%
   ├ ../../node_modules/.pnpm/pure-rand@6.1.0/node_modules/pure-rand/lib/distribution/UnsafeUniformIntDistribution.js                                                           741b     0.0%
   ├ ../../node_modules/.pnpm/effect@3.18.4/node_modules/effect/dist/cjs/MetricLabel.js                                                                                         730b     0.0%
   ├ ../../node_modules/.pnpm/fast-check@3.23.2/node_modules/fast-check/lib/arbitrary/_internals/LazyArbitrary.js                                                               730b     0.0%
   ├ ../../node_modules/.pnpm/fast-check@3.23.2/node_modules/fast-check/lib/arbitrary/_internals/helpers/GraphemeRangesHelpers.js                                               727b     0.0%
   ├ ../../node_modules/.pnpm/pathe@2.0.3/node_modules/pathe/dist/index.cjs                                                                                                     725b     0.0%
   ├ ../../node_modules/.pnpm/effect@3.18.4/node_modules/effect/dist/cjs/ManagedRuntime.js                                                                                      721b     0.0%
   ├ ../../node_modules/.pnpm/effect@3.18.4/node_modules/effect/dist/cjs/MetricPair.js                                                                                          719b     0.0%
   ├ ../../node_modules/.pnpm/fs-extra@11.3.0/node_modules/fs-extra/lib/move/move.js                                                                                            718b     0.0%
   ├ ../../node_modules/.pnpm/effect@3.18.4/node_modules/effect/dist/cjs/ScopedCache.js                                                                                         716b     0.0%
   ├ ../../node_modules/.pnpm/effect@3.18.4/node_modules/effect/dist/cjs/ModuleVersion.js                                                                                       713b     0.0%
   ├ ../../node_modules/.pnpm/vscode-languageserver@8.1.0/node_modules/vscode-languageserver/lib/common/callHierarchy.js                                                        712b     0.0%
   ├ ../../node_modules/.pnpm/fast-check@3.23.2/node_modules/fast-check/lib/arbitrary/_internals/mappers/NatToStringifiedNat.js                                                 709b     0.0%
   ├ ../../node_modules/.pnpm/fast-check@3.23.2/node_modules/fast-check/lib/arbitrary/ulid.js                                                                                   707b     0.0%
   ├ ../../node_modules/.pnpm/effect@3.18.4/node_modules/effect/dist/cjs/internal/stm/tryCommit.js                                                                              704b     0.0%
   ├ ../../node_modules/.pnpm/effect@3.18.4/node_modules/effect/dist/cjs/FiberRefsPatch.js                                                                                      703b     0.0%
   ├ ../../node_modules/.pnpm/fs-extra@11.3.0/node_modules/fs-extra/lib/ensure/link.js                                                                                          701b     0.0%
   ├ ../../node_modules/.pnpm/fast-check@3.23.2/node_modules/fast-check/lib/check/model/commands/ScheduledCommand.js                                                            698b     0.0%
   ├ ../../node_modules/.pnpm/vscode-languageserver-protocol@3.17.3/node_modules/vscode-languageserver-protocol/lib/node/main.js                                                698b     0.0%
   ├ ../../node_modules/.pnpm/vscode-languageserver@8.1.0/node_modules/vscode-languageserver/lib/common/typeHierarchy.js                                                        696b     0.0%
   ├ ../../node_modules/.pnpm/fast-check@3.23.2/node_modules/fast-check/lib/check/runner/DecorateProperty.js                                                                    693b     0.0%
   ├ ../../node_modules/.pnpm/effect@3.18.4/node_modules/effect/dist/cjs/DefaultServices.js                                                                                     692b     0.0%
   ├ ../../node_modules/.pnpm/fast-check@3.23.2/node_modules/fast-check/lib/arbitrary/_internals/mappers/PatternsToString.js                                                    692b     0.0%
   ├ ../../node_modules/.pnpm/effect@3.18.4/node_modules/effect/dist/cjs/RegExp.js                                                                                              689b     0.0%
   ├ ../../node_modules/.pnpm/effect@3.18.4/node_modules/effect/dist/cjs/MetricRegistry.js                                                                                      684b     0.0%
   ├ ../../node_modules/.pnpm/effect@3.18.4/node_modules/effect/dist/cjs/internal/opCodes/channel.js                                                                            683b     0.0%
   ├ ../../node_modules/.pnpm/effect@3.18.4/node_modules/effect/dist/cjs/Symbol.js                                                                                              677b     0.0%
   ├ ../../node_modules/.pnpm/fs-extra@11.3.0/node_modules/fs-extra/lib/ensure/file.js                                                                                          676b     0.0%
   ├ ../../node_modules/.pnpm/effect@3.18.4/node_modules/effect/dist/cjs/TestConfig.js                                                                                          674b     0.0%
   ├ ../../node_modules/.pnpm/effect@3.18.4/node_modules/effect/dist/cjs/RcRef.js                                                                                               668b     0.0%
   ├ ../../node_modules/.pnpm/fast-check@3.23.2/node_modules/fast-check/lib/arbitrary/_internals/mappers/PartsToUrl.js                                                          667b     0.0%
   ├ ../../node_modules/.pnpm/fast-check@3.23.2/node_modules/fast-check/lib/arbitrary/mapToConstant.js                                                                          665b     0.0%
   ├ ../../node_modules/.pnpm/vscode-languageserver@8.1.0/node_modules/vscode-languageserver/lib/common/diagnostic.js                                                           663b     0.0%
   ├ ../../node_modules/.pnpm/fast-check@3.23.2/node_modules/fast-check/lib/check/model/commands/CommandWrapper.js                                                              662b     0.0%
   ├ ../../node_modules/.pnpm/fast-check@3.23.2/node_modules/fast-check/lib/arbitrary/_internals/helpers/TokenizeString.js                                                      657b     0.0%
   ├ ../../node_modules/.pnpm/fast-check@3.23.2/node_modules/fast-check/lib/arbitrary/bigInt.js                                                                                 657b     0.0%
   ├ ../../node_modules/.pnpm/vscode-languageserver-protocol@3.17.3/node_modules/vscode-languageserver-protocol/lib/common/protocol.workspaceFolder.js                          654b     0.0%
   ├ ../../node_modules/.pnpm/effect@3.18.4/node_modules/effect/dist/cjs/RateLimiter.js                                                                                         648b     0.0%
   ├ ../../node_modules/.pnpm/effect@3.18.4/node_modules/effect/dist/cjs/LogSpan.js                                                                                             642b     0.0%
   ├ ../../node_modules/.pnpm/fast-check@3.23.2/node_modules/fast-check/lib/arbitrary/_internals/helpers/SameValueSet.js                                                        641b     0.0%
   ├ ../../node_modules/.pnpm/fast-check@3.23.2/node_modules/fast-check/lib/arbitrary/_internals/mappers/PaddedEightsToUuid.js                                                  641b     0.0%
   ├ ../../node_modules/.pnpm/fast-check@3.23.2/node_modules/fast-check/lib/arbitrary/_internals/builders/PartialRecordArbitraryBuilder.js                                      634b     0.0%
   ├ ../../node_modules/.pnpm/vscode-languageserver-protocol@3.17.3/node_modules/vscode-languageserver-protocol/lib/common/protocol.moniker.js                                  634b     0.0%
   ├ ../../node_modules/.pnpm/fast-check@3.23.2/node_modules/fast-check/lib/arbitrary/_internals/helpers/FloatingOnlyHelpers.js                                                 616b     0.0%
   ├ ../language-server/src/lib/ast/configBlock.ts                                                                                                                              616b     0.0%
   ├ ../../node_modules/.pnpm/effect@3.18.4/node_modules/effect/dist/cjs/internal/testing/suspendedWarningData.js                                                               610b     0.0%
   ├ ../../node_modules/.pnpm/effect@3.18.4/node_modules/effect/dist/cjs/SingleProducerAsyncInput.js                                                                            607b     0.0%
   ├ ../../node_modules/.pnpm/fast-check@3.23.2/node_modules/fast-check/lib/arbitrary/_internals/mappers/VersionsApplierForUuid.js                                              607b     0.0%
   ├ ../../node_modules/.pnpm/effect@3.18.4/node_modules/effect/dist/cjs/internal/stm/opCodes/stm.js                                                                            605b     0.0%
   ├ ../../node_modules/.pnpm/fast-check@3.23.2/node_modules/fast-check/lib/arbitrary/_internals/mappers/IndexToCharString.js                                                   605b     0.0%
   ├ ../language-server/src/lib/prisma-schema-wasm/format.ts                                                                                                                    603b     0.0%
   ├ ../../node_modules/.pnpm/vscode-jsonrpc@8.1.0/node_modules/vscode-jsonrpc/lib/common/is.js                                                                                 598b     0.0%
   ├ ../../node_modules/.pnpm/vscode-languageserver-protocol@3.17.3/node_modules/vscode-languageserver-protocol/lib/common/protocol.colorProvider.js                            595b     0.0%
   ├ ../../node_modules/.pnpm/effect@3.18.4/node_modules/effect/dist/cjs/internal/hashMap/array.js                                                                              594b     0.0%
   ├ ../../node_modules/.pnpm/fast-check@3.23.2/node_modules/fast-check/lib/arbitrary/_internals/builders/UriPathArbitraryBuilder.js                                            592b     0.0%
   ├ ../../node_modules/.pnpm/vscode-languageserver-protocol@3.17.3/node_modules/vscode-languageserver-protocol/lib/common/protocol.inlineValue.js                              590b     0.0%
   ├ ../../node_modules/.pnpm/effect@3.18.4/node_modules/effect/dist/cjs/internal/redBlackTree/node.js                                                                          589b     0.0%
   ├ ../../node_modules/.pnpm/effect@3.18.4/node_modules/effect/dist/cjs/internal/stream/zipAllState.js                                                                         588b     0.0%
   ├ ../../node_modules/.pnpm/perfect-debounce@1.0.0/node_modules/perfect-debounce/dist/index.cjs                                                                               588b     0.0%
   ├ ../../node_modules/.pnpm/fast-check@3.23.2/node_modules/fast-check/lib/arbitrary/integer.js                                                                                585b     0.0%
   ├ ../language-server/src/lib/completions/datasource.ts                                                                                                                       572b     0.0%
   ├ ../../node_modules/.pnpm/fast-check@3.23.2/node_modules/fast-check/lib/check/runner/Tosser.js                                                                              568b     0.0%
   ├ ../../node_modules/.pnpm/effect@3.18.4/node_modules/effect/dist/cjs/internal/opCodes/config.js                                                                             565b     0.0%
   ├ ../../node_modules/.pnpm/fast-check@3.23.2/node_modules/fast-check/lib/fast-check.js                                                                                       564b     0.0%
   ├ ../../node_modules/.pnpm/fast-check@3.23.2/node_modules/fast-check/lib/arbitrary/_internals/AlwaysShrinkableArbitrary.js                                                   562b     0.0%
   ├ ../../node_modules/.pnpm/fast-check@3.23.2/node_modules/fast-check/lib/arbitrary/_internals/helpers/StrictlyEqualSet.js                                                    559b     0.0%
   ├ ../../node_modules/.pnpm/effect@3.18.4/node_modules/effect/dist/cjs/internal/testing/warningData.js                                                                        550b     0.0%
   ├ ../../node_modules/.pnpm/fast-check@3.23.2/node_modules/fast-check/lib/arbitrary/_internals/mappers/TimeToDate.js                                                          546b     0.0%
   ├ ../../node_modules/.pnpm/fast-check@3.23.2/node_modules/fast-check/lib/arbitrary/_internals/helpers/BiasNumericRange.js                                                    540b     0.0%
   ├ ../../node_modules/.pnpm/fast-check@3.23.2/node_modules/fast-check/lib/arbitrary/_internals/helpers/ShrinkInteger.js                                                       535b     0.0%
   ├ ../../node_modules/.pnpm/fast-check@3.23.2/node_modules/fast-check/lib/check/property/UnbiasedProperty.js                                                                  534b     0.0%
   ├ ../../node_modules/.pnpm/effect@3.18.4/node_modules/effect/dist/cjs/internal/fiberMessage.js                                                                               532b     0.0%
   ├ ../../node_modules/.pnpm/pure-rand@6.1.0/node_modules/pure-rand/lib/pure-rand.js                                                                                           530b     0.0%
   ├ ../../node_modules/.pnpm/fast-check@3.23.2/node_modules/fast-check/lib/arbitrary/oneof.js                                                                                  528b     0.0%
   ├ ../../node_modules/.pnpm/fast-check@3.23.2/node_modules/fast-check/lib/arbitrary/_internals/mappers/StringToBase64.js                                                      525b     0.0%
   ├ ../../node_modules/.pnpm/vscode-languageserver@8.1.0/node_modules/vscode-languageserver/lib/common/configuration.js                                                        519b     0.0%
   ├ ../../node_modules/.pnpm/fast-check@3.23.2/node_modules/fast-check/lib/check/model/commands/CommandsIterable.js                                                            512b     0.0%
   ├ ../../node_modules/.pnpm/fast-check@3.23.2/node_modules/fast-check/lib/arbitrary/_internals/SchedulerArbitrary.js                                                          510b     0.0%
   ├ ../../node_modules/.pnpm/fast-check@3.23.2/node_modules/fast-check/lib/check/runner/SourceValuesIterator.js                                                                510b     0.0%
   ├ ../../node_modules/.pnpm/fast-check@3.23.2/node_modules/fast-check/lib/arbitrary/dictionary.js                                                                             505b     0.0%
   ├ ../../node_modules/.pnpm/effect@3.18.4/node_modules/effect/dist/cjs/Ordering.js                                                                                            496b     0.0%
   ├ ../../node_modules/.pnpm/fast-check@3.23.2/node_modules/fast-check/lib/check/arbitrary/definition/Value.js                                                                 496b     0.0%
   ├ ../../node_modules/.pnpm/effect@3.18.4/node_modules/effect/dist/cjs/internal/opCodes/layer.js                                                                              495b     0.0%
   ├ ../../node_modules/.pnpm/fast-check@3.23.2/node_modules/fast-check/lib/arbitrary/_internals/mappers/NumberToPaddedEight.js                                                 486b     0.0%
   ├ ../../node_modules/.pnpm/fast-check@3.23.2/node_modules/fast-check/lib/arbitrary/_internals/mappers/UnboxedToBoxed.js                                                      486b     0.0%
   ├ ../../node_modules/.pnpm/fast-check@3.23.2/node_modules/fast-check/lib/arbitrary/_internals/helpers/BuildSchedulerFor.js                                                   483b     0.0%
   ├ ../../node_modules/.pnpm/fast-check@3.23.2/node_modules/fast-check/lib/check/property/AsyncProperty.js                                                                     481b     0.0%
   ├ ../../node_modules/.pnpm/fast-check@3.23.2/node_modules/fast-check/lib/check/runner/utils/PathWalker.js                                                                    477b     0.0%
   ├ ../../node_modules/.pnpm/fast-check@3.23.2/node_modules/fast-check/lib/arbitrary/_internals/helpers/ShrinkBigInt.js                                                        472b     0.0%
   ├ ../../node_modules/.pnpm/fast-check@3.23.2/node_modules/fast-check/lib/arbitrary/option.js                                                                                 472b     0.0%
   ├ ../../node_modules/.pnpm/universalify@2.0.1/node_modules/universalify/index.js                                                                                             472b     0.0%
   ├ ../../node_modules/.pnpm/fast-check@3.23.2/node_modules/fast-check/lib/check/property/Property.js                                                                          466b     0.0%
   ├ ../../node_modules/.pnpm/effect@3.18.4/node_modules/effect/dist/cjs/internal/metric/pair.js                                                                                463b     0.0%
   ├ ../../node_modules/.pnpm/fast-check@3.23.2/node_modules/fast-check/lib/arbitrary/_internals/helpers/SameValueZeroSet.js                                                    458b     0.0%
   ├ ../../node_modules/.pnpm/fast-check@3.23.2/node_modules/fast-check/lib/arbitrary/_internals/helpers/IsSubarrayOf.js                                                        456b     0.0%
   ├ ../../node_modules/.pnpm/vscode-languageserver@8.1.0/node_modules/vscode-languageserver/lib/common/inlayHint.js                                                            456b     0.0%
   ├ ../../node_modules/.pnpm/fs-extra@11.3.0/node_modules/fs-extra/lib/empty/index.js                                                                                          455b     0.0%
   ├ ../../node_modules/.pnpm/fast-check@3.23.2/node_modules/fast-check/lib/arbitrary/ipV4.js                                                                                   452b     0.0%
   ├ ../../node_modules/.pnpm/fast-check@3.23.2/node_modules/fast-check/lib/arbitrary/_internals/mappers/SegmentsToPath.js                                                      446b     0.0%
   ├ ../../node_modules/.pnpm/fast-check@3.23.2/node_modules/fast-check/lib/arbitrary/_internals/mappers/ArrayToMap.js                                                          437b     0.0%
   ├ ../../node_modules/.pnpm/fast-check@3.23.2/node_modules/fast-check/lib/arbitrary/_internals/mappers/ArrayToSet.js                                                          437b     0.0%
   ├ ../../node_modules/.pnpm/pure-rand@6.1.0/node_modules/pure-rand/lib/distribution/UnsafeUniformArrayIntDistribution.js                                                      436b     0.0%
   ├ ../../node_modules/.pnpm/fast-check@3.23.2/node_modules/fast-check/lib/arbitrary/fullUnicodeString.js                                                                      421b     0.0%
   ├ ../../node_modules/.pnpm/fast-check@3.23.2/node_modules/fast-check/lib/arbitrary/uuidV.js                                                                                  421b     0.0%
   ├ ../../node_modules/.pnpm/pure-rand@6.1.0/node_modules/pure-rand/lib/generator/RandomGenerator.js                                                                           421b     0.0%
   ├ ../language-server/src/lib/prisma-schema-wasm/textDocumentCompletion.ts                                                                                                    418b     0.0%
   ├ ../../node_modules/.pnpm/fast-check@3.23.2/node_modules/fast-check/lib/arbitrary/unicodeString.js                                                                          415b     0.0%
   ├ ../../node_modules/.pnpm/fast-check@3.23.2/node_modules/fast-check/lib/arbitrary/_internals/helpers/ZipIterableIterators.js                                                414b     0.0%
   ├ ../../node_modules/.pnpm/node-fetch-native@1.6.7/node_modules/node-fetch-native/dist/shared/node-fetch-native.DhEqb06g.cjs                                                 414b     0.0%
   ├ ../../node_modules/.pnpm/fast-check@3.23.2/node_modules/fast-check/lib/arbitrary/asciiString.js                                                                            411b     0.0%
   ├ ../../node_modules/.pnpm/fast-check@3.23.2/node_modules/fast-check/lib/arbitrary/_internals/helpers/NoUndefinedAsContext.js                                                410b     0.0%
   ├ ../../node_modules/.pnpm/fast-check@3.23.2/node_modules/fast-check/lib/arbitrary/hexaString.js                                                                             409b     0.0%
   ├ ../../node_modules/.pnpm/fast-check@3.23.2/node_modules/fast-check/lib/arbitrary/letrec.js                                                                                 405b     0.0%
   ├ ../../node_modules/.pnpm/fast-check@3.23.2/node_modules/fast-check/lib/arbitrary/bigUint.js                                                                                403b     0.0%
   ├ ../../node_modules/.pnpm/fast-check@3.23.2/node_modules/fast-check/lib/arbitrary/string16bits.js                                                                           403b     0.0%
   ├ ../language-server/src/lib/completions/blocks.ts                                                                                                                           403b     0.0%
   ├ ../../node_modules/.pnpm/fs-extra@11.3.0/node_modules/fs-extra/lib/ensure/index.js                                                                                         402b     0.0%
   ├ ../../node_modules/.pnpm/effect@3.18.4/node_modules/effect/dist/cjs/internal/stream/zipChunksState.js                                                                      400b     0.0%
   ├ ../../node_modules/.pnpm/fast-check@3.23.2/node_modules/fast-check/lib/arbitrary/array.js                                                                                  397b     0.0%
   ├ ../../node_modules/.pnpm/fast-check@3.23.2/node_modules/fast-check/lib/arbitrary/mixedCase.js                                                                              397b     0.0%
   ├ ../../node_modules/.pnpm/fast-check@3.23.2/node_modules/fast-check/lib/arbitrary/scheduler.js                                                                              394b     0.0%
   ├ ../../node_modules/.pnpm/fs-extra@11.3.0/node_modules/fs-extra/lib/output-file/index.js                                                                                    394b     0.0%
   ├ ../../node_modules/.pnpm/fast-check@3.23.2/node_modules/fast-check/lib/arbitrary/nat.js                                                                                    391b     0.0%
   ├ ../../node_modules/.pnpm/effect@3.18.4/node_modules/effect/dist/cjs/internal/opCodes/configError.js                                                                        388b     0.0%
   ├ ../../node_modules/.pnpm/effect@3.18.4/node_modules/effect/dist/cjs/internal/stream/debounceState.js                                                                       388b     0.0%
   ├ ../../node_modules/.pnpm/pure-rand@6.1.0/node_modules/pure-rand/lib/distribution/internals/UnsafeUniformArrayIntDistributionInternal.js                                    388b     0.0%
   ├ ../../node_modules/.pnpm/effect@3.18.4/node_modules/effect/dist/cjs/internal/hashMap/bitwise.js                                                                            387b     0.0%
   ├ ../../node_modules/.pnpm/fast-check@3.23.2/node_modules/fast-check/lib/check/symbols.js                                                                                    384b     0.0%
   ├ ../../node_modules/.pnpm/fast-check@3.23.2/node_modules/fast-check/lib/check/precondition/PreconditionFailure.js                                                           383b     0.0%
   ├ ../../node_modules/.pnpm/pure-rand@6.1.0/node_modules/pure-rand/lib/distribution/UnsafeUniformBigIntDistribution.js                                                        382b     0.0%
   ├ ../../node_modules/.pnpm/fast-check@3.23.2/node_modules/fast-check/lib/arbitrary/context.js                                                                                381b     0.0%
   ├ ../../node_modules/.pnpm/vscode-languageserver@8.1.0/node_modules/vscode-languageserver/lib/common/inlineValue.js                                                          381b     0.0%
   ├ ../../node_modules/.pnpm/fast-check@3.23.2/node_modules/fast-check/lib/arbitrary/_internals/helpers/CustomEqualSet.js                                                      380b     0.0%
   ├ ../../node_modules/.pnpm/fast-check@3.23.2/node_modules/fast-check/lib/arbitrary/jsonValue.js                                                                              380b     0.0%
   ├ ../../node_modules/.pnpm/graceful-fs@4.2.11/node_modules/graceful-fs/clone.js                                                                                              378b     0.0%
   ├ ../../node_modules/.pnpm/fast-check@3.23.2/node_modules/fast-check/lib/arbitrary/_internals/helpers/DepthContext.js                                                        375b     0.0%
   ├ ../../node_modules/.pnpm/fast-check@3.23.2/node_modules/fast-check/lib/arbitrary/fullUnicode.js                                                                            375b     0.0%
   ├ ../../node_modules/.pnpm/fast-check@3.23.2/node_modules/fast-check/lib/arbitrary/bigIntN.js                                                                                373b     0.0%
   ├ ../../node_modules/.pnpm/fs-extra@11.3.0/node_modules/fs-extra/lib/ensure/symlink-type.js                                                                                  372b     0.0%
   ├ ../../node_modules/.pnpm/fast-check@3.23.2/node_modules/fast-check/lib/arbitrary/unicode.js                                                                                370b     0.0%
   ├ ../../node_modules/.pnpm/effect@3.18.4/node_modules/effect/dist/cjs/internal/singleShotGen.js                                                                              368b     0.0%
   ├ ../../node_modules/.pnpm/fast-check@3.23.2/node_modules/fast-check/lib/arbitrary/stringOf.js                                                                               365b     0.0%
   ├ ../../node_modules/.pnpm/fs-extra@11.3.0/node_modules/fs-extra/lib/util/utimes.js                                                                                          364b     0.0%
   ├ ../../node_modules/.pnpm/fast-check@3.23.2/node_modules/fast-check/lib/arbitrary/commands.js                                                                               363b     0.0%
   ├ ../../node_modules/.pnpm/vscode-languageserver-protocol@3.17.3/node_modules/vscode-languageserver-protocol/lib/common/protocol.linkedEditingRange.js                       360b     0.0%
   ├ ../../node_modules/.pnpm/fast-check@3.23.2/node_modules/fast-check/lib/arbitrary/base64.js                                                                                 357b     0.0%
   ├ ../../node_modules/.pnpm/fast-check@3.23.2/node_modules/fast-check/lib/arbitrary/float32Array.js                                                                           356b     0.0%
   ├ ../../node_modules/.pnpm/fast-check@3.23.2/node_modules/fast-check/lib/arbitrary/float64Array.js                                                                           356b     0.0%
   ├ ../language-server/src/lib/prisma-schema-wasm/listAllAvailablePreviewFeatures.ts                                                                                           355b     0.0%
   ├ ../../node_modules/.pnpm/fast-check@3.23.2/node_modules/fast-check/lib/arbitrary/bigUintN.js                                                                               352b     0.0%
   ├ ../../node_modules/.pnpm/jiti@2.6.1/node_modules/jiti/lib/jiti.cjs                                                                                                         349b     0.0%
   ├ ../../node_modules/.pnpm/effect@3.18.4/node_modules/effect/dist/cjs/internal/doNotation.js                                                                                 347b     0.0%
   ├ ../../node_modules/.pnpm/fast-check@3.23.2/node_modules/fast-check/lib/arbitrary/object.js                                                                                 347b     0.0%
   ├ ../../node_modules/.pnpm/fast-check@3.23.2/node_modules/fast-check/lib/utils/apply.js                                                                                      347b     0.0%
   ├ ../../node_modules/.pnpm/vscode-languageserver-protocol@3.17.3/node_modules/vscode-languageserver-protocol/lib/common/protocol.implementation.js                           344b     0.0%
   ├ ../../node_modules/.pnpm/vscode-languageserver-protocol@3.17.3/node_modules/vscode-languageserver-protocol/lib/common/protocol.selectionRange.js                           344b     0.0%
   ├ ../../node_modules/.pnpm/vscode-languageserver-protocol@3.17.3/node_modules/vscode-languageserver-protocol/lib/common/protocol.typeDefinition.js                           344b     0.0%
   ├ ../../node_modules/.pnpm/vscode-languageserver@8.1.0/node_modules/vscode-languageserver/lib/common/moniker.js                                                              344b     0.0%
   ├ ../../node_modules/.pnpm/effect@3.18.4/node_modules/effect/dist/cjs/internal/stream/handoffSignal.js                                                                       341b     0.0%
   ├ ../../node_modules/.pnpm/fast-check@3.23.2/node_modules/fast-check/lib/arbitrary/_internals/helpers/JsonConstraintsBuilder.js                                              338b     0.0%
   ├ ../../node_modules/.pnpm/vscode-jsonrpc@8.1.0/node_modules/vscode-jsonrpc/lib/common/ral.js                                                                                338b     0.0%
   ├ ../../node_modules/.pnpm/vscode-languageserver-protocol@3.17.3/node_modules/vscode-languageserver-protocol/lib/common/protocol.configuration.js                            337b     0.0%
   ├ ../../node_modules/.pnpm/pure-rand@6.1.0/node_modules/pure-rand/lib/distribution/UniformArrayIntDistribution.js                                                            336b     0.0%
   ├ ../../node_modules/.pnpm/vscode-languageserver-protocol@3.17.3/node_modules/vscode-languageserver-protocol/lib/common/protocol.foldingRange.js                             336b     0.0%
   ├ ../../node_modules/.pnpm/effect@3.18.4/node_modules/effect/dist/cjs/internal/opCodes/cause.js                                                                              334b     0.0%
   ├ ../../node_modules/.pnpm/fast-check@3.23.2/node_modules/fast-check/lib/stream/LazyIterableIterator.js                                                                      332b     0.0%
   ├ ../../node_modules/.pnpm/vscode-languageserver-protocol@3.17.3/node_modules/vscode-languageserver-protocol/lib/common/protocol.declaration.js                              332b     0.0%
   ├ ../../node_modules/.pnpm/vscode-languageserver@8.1.0/node_modules/vscode-languageserver/lib/common/linkedEditingRange.js                                                   332b     0.0%
   ├ ../language-server/src/lib/prisma-schema-wasm/lint.ts                                                                                                                      332b     0.0%
   ├ ../../node_modules/.pnpm/fast-check@3.23.2/node_modules/fast-check/lib/arbitrary/boolean.js                                                                                330b     0.0%
   ├ ../../node_modules/.pnpm/vscode-languageserver-protocol@3.17.3/node_modules/vscode-languageserver-protocol/lib/common/protocol.showDocument.js                             330b     0.0%
   ├ ../../node_modules/.pnpm/effect@3.18.4/node_modules/effect/dist/cjs/NonEmptyIterable.js                                                                                    328b     0.0%
   ├ ../../node_modules/.pnpm/fast-check@3.23.2/node_modules/fast-check/lib/arbitrary/_internals/helpers/EnumerableKeysExtractor.js                                             328b     0.0%
   ├ ../../node_modules/.pnpm/pure-rand@6.1.0/node_modules/pure-rand/lib/distribution/UniformBigIntDistribution.js                                                              328b     0.0%
   ├ ../../node_modules/.pnpm/ohash@2.0.11/node_modules/ohash/dist/crypto/node/index.mjs                                                                                        322b     0.0%
   ├ ../../node_modules/.pnpm/fast-check@3.23.2/node_modules/fast-check/lib/arbitrary/_internals/builders/StringifiedNatArbitraryBuilder.js                                     320b     0.0%
   ├ ../../node_modules/.pnpm/fast-check@3.23.2/node_modules/fast-check/lib/arbitrary/bigInt64Array.js                                                                          317b     0.0%
   ├ ../../node_modules/.pnpm/pure-rand@6.1.0/node_modules/pure-rand/lib/distribution/UniformIntDistribution.js                                                                 316b     0.0%
   ├ ../../node_modules/.pnpm/fs-extra@11.3.0/node_modules/fs-extra/lib/json/index.js                                                                                           315b     0.0%
   ├ ../../node_modules/.pnpm/fast-check@3.23.2/node_modules/fast-check/lib/arbitrary/_internals/mappers/CharsToString.js                                                       312b     0.0%
   ├ ../../node_modules/.pnpm/fast-check@3.23.2/node_modules/fast-check/lib/arbitrary/_internals/builders/RestrictedIntegerArbitraryBuilder.js                                  309b     0.0%
   ├ ../../node_modules/.pnpm/fs-extra@11.3.0/node_modules/fs-extra/lib/mkdirs/make-dir.js                                                                                      308b     0.0%
   ├ ../language-server/src/lib/prisma-schema-wasm/references.ts                                                                                                                307b     0.0%
   ├ ../../node_modules/.pnpm/fast-check@3.23.2/node_modules/fast-check/lib/arbitrary/_internals/mappers/CodePointsToString.js                                                  304b     0.0%
   ├ ../../node_modules/.pnpm/fast-check@3.23.2/node_modules/fast-check/lib/arbitrary/bigUint64Array.js                                                                         299b     0.0%
   ├ ../language-server/src/lib/prisma-schema-wasm/hover.ts                                                                                                                     299b     0.0%
   ├ ../language-server/src/lib/prisma-schema-wasm/nativeTypes.ts                                                                                                               299b     0.0%
   ├ ../../node_modules/.pnpm/effect@3.18.4/node_modules/effect/dist/cjs/internal/stream/sinkEndReason.js                                                                       293b     0.0%
   ├ ../../node_modules/.pnpm/effect@3.18.4/node_modules/effect/dist/cjs/internal/logSpan.js                                                                                    291b     0.0%
   ├ ../../node_modules/.pnpm/effect@3.18.4/node_modules/effect/dist/cjs/internal/stm/opCodes/strategy.js                                                                       289b     0.0%
   ├ ../../node_modules/.pnpm/fast-check@3.23.2/node_modules/fast-check/lib/arbitrary/_internals/implementations/NoopSlicedGenerator.js                                         288b     0.0%
   ├ ../../node_modules/.pnpm/vscode-languageserver-protocol@3.17.3/node_modules/vscode-languageserver-protocol/lib/common/connection.js                                        287b     0.0%
   ├ ../../node_modules/.pnpm/fast-check@3.23.2/node_modules/fast-check/lib/arbitrary/_internals/builders/CharacterArbitraryBuilder.js                                          285b     0.0%
   ├ ../../node_modules/.pnpm/jsonfile@6.2.0/node_modules/jsonfile/utils.js                                                                                                     285b     0.0%
   ├ ../../node_modules/.pnpm/fast-check@3.23.2/node_modules/fast-check/lib/arbitrary/_internals/helpers/BuildSlicedGenerator.js                                                283b     0.0%
   ├ ../language-server/src/lib/prisma-schema-wasm/codeActions.ts                                                                                                               282b     0.0%
   ├ ../../node_modules/.pnpm/effect@3.18.4/node_modules/effect/dist/cjs/internal/hashMap/config.js                                                                             280b     0.0%
   ├ ../../node_modules/.pnpm/effect@3.18.4/node_modules/effect/dist/cjs/internal/stm/opCodes/tExit.js                                                                          279b     0.0%
   ├ ../../node_modules/.pnpm/fast-check@3.23.2/node_modules/fast-check/lib/arbitrary/hexa.js                                                                                   274b     0.0%
   ├ ../../node_modules/.pnpm/pure-rand@6.1.0/node_modules/pure-rand/lib/distribution/internals/UnsafeUniformIntDistributionInternal.js                                         273b     0.0%
   ├ ../../node_modules/.pnpm/fast-check@3.23.2/node_modules/fast-check/lib/arbitrary/_internals/builders/UriQueryOrFragmentArbitraryBuilder.js                                 269b     0.0%
   ├ ../../node_modules/.pnpm/fast-check@3.23.2/node_modules/fast-check/lib/arbitrary/falsy.js                                                                                  269b     0.0%
   ├ ../../node_modules/.pnpm/fast-check@3.23.2/node_modules/fast-check/lib/arbitrary/_internals/helpers/TextEscaper.js                                                         268b     0.0%
   ├ ../../node_modules/.pnpm/effect@3.18.4/node_modules/effect/dist/cjs/FastCheck.js                                                                                           264b     0.0%
   ├ ../../node_modules/.pnpm/effect@3.18.4/node_modules/effect/dist/cjs/internal/completedRequestMap.js                                                                        264b     0.0%
   ├ ../../node_modules/.pnpm/fast-check@3.23.2/node_modules/fast-check/lib/arbitrary/_internals/builders/PaddedNumberArbitraryBuilder.js                                       263b     0.0%
   ├ ../../node_modules/.pnpm/fs-extra@11.3.0/node_modules/fs-extra/lib/mkdirs/utils.js                                                                                         261b     0.0%
   ├ ../../node_modules/.pnpm/fast-check@3.23.2/node_modules/fast-check/lib/arbitrary/_internals/mappers/IndexToPrintableIndex.js                                               260b     0.0%
   ├ ../../node_modules/.pnpm/fast-check@3.23.2/node_modules/fast-check/lib/arbitrary/compareBooleanFunc.js                                                                     260b     0.0%
   ├ ../../node_modules/.pnpm/fast-check@3.23.2/node_modules/fast-check/lib/arbitrary/int32Array.js                                                                             258b     0.0%
   ├ ../../node_modules/.pnpm/vscode-languageserver@8.1.0/node_modules/vscode-languageserver/lib/common/showDocument.js                                                         258b     0.0%
   ├ ../../node_modules/.pnpm/fast-check@3.23.2/node_modules/fast-check/lib/arbitrary/memo.js                                                                                   255b     0.0%
   ├ ../../node_modules/.pnpm/fast-check@3.23.2/node_modules/fast-check/lib/arbitrary/uint8ClampedArray.js                                                                      255b     0.0%
   ├ ../../node_modules/.pnpm/fast-check@3.23.2/node_modules/fast-check/lib/arbitrary/constantFrom.js                                                                           254b     0.0%
   ├ ../../node_modules/.pnpm/fast-check@3.23.2/node_modules/fast-check/lib/arbitrary/compareFunc.js                                                                            253b     0.0%
   ├ ../../node_modules/.pnpm/fast-check@3.23.2/node_modules/fast-check/lib/arbitrary/webSegment.js                                                                             253b     0.0%
   ├ ../../node_modules/.pnpm/fast-check@3.23.2/node_modules/fast-check/lib/arbitrary/char16bits.js                                                                             252b     0.0%
   ├ ../language-server/src/lib/DiagnosticMap.ts                                                                                                                                252b     0.0%
   ├ ../../node_modules/.pnpm/effect@3.18.4/node_modules/effect/dist/cjs/GlobalValue.js                                                                                         251b     0.0%
   ├ ../../node_modules/.pnpm/fast-check@3.23.2/node_modules/fast-check/lib/arbitrary/uint32Array.js                                                                            250b     0.0%
   ├ ../../node_modules/.pnpm/fast-check@3.23.2/node_modules/fast-check/lib/arbitrary/int16Array.js                                                                             248b     0.0%
   ├ ../../node_modules/.pnpm/fast-check@3.23.2/node_modules/fast-check/lib/arbitrary/ascii.js                                                                                  245b     0.0%
   ├ ../../node_modules/.pnpm/fast-check@3.23.2/node_modules/fast-check/lib/arbitrary/uint16Array.js                                                                            245b     0.0%
   ├ ../../node_modules/.pnpm/effect@3.18.4/node_modules/effect/dist/cjs/internal/opCodes/channelMergeState.js                                                                  244b     0.0%
   ├ ../../node_modules/.pnpm/effect@3.18.4/node_modules/effect/dist/cjs/internal/opCodes/channelState.js                                                                       242b     0.0%
   ├ ../../node_modules/.pnpm/effect@3.18.4/node_modules/effect/dist/cjs/internal/opCodes/channelUpstreamPullStrategy.js                                                        242b     0.0%
   ├ ../../node_modules/.pnpm/fast-check@3.23.2/node_modules/fast-check/lib/arbitrary/int8Array.js                                                                              242b     0.0%
   ├ ../../node_modules/.pnpm/fast-check@3.23.2/node_modules/fast-check/lib/arbitrary/unicodeJsonValue.js                                                                       242b     0.0%
   ├ ../../node_modules/.pnpm/fast-check@3.23.2/node_modules/fast-check/lib/arbitrary/uint8Array.js                                                                             241b     0.0%
   ├ ../../node_modules/.pnpm/effect@3.18.4/node_modules/effect/dist/cjs/internal/opCodes/continuation.js                                                                       239b     0.0%
   ├ ../../node_modules/.pnpm/fast-check@3.23.2/node_modules/fast-check/lib/check/runner/configuration/GlobalParameters.js                                                      239b     0.0%
   ├ ../../node_modules/.pnpm/fast-check@3.23.2/node_modules/fast-check/lib/check/runner/reporter/ExecutionStatus.js                                                            238b     0.0%
   ├ ../../node_modules/.pnpm/fast-check@3.23.2/node_modules/fast-check/lib/check/runner/configuration/VerbosityLevel.js                                                        237b     0.0%
   ├ ../language-server/src/lib/prisma-schema-wasm/error/panic.ts                                                                                                               235b     0.0%
   ├ ../../node_modules/.pnpm/effect@3.18.4/node_modules/effect/dist/cjs/internal/opCodes/streamHaltStrategy.js                                                                 232b     0.0%
   ├ ../../node_modules/.pnpm/fast-check@3.23.2/node_modules/fast-check/lib/arbitrary/maxSafeInteger.js                                                                         231b     0.0%
   ├ ../../node_modules/.pnpm/effect@3.18.4/node_modules/effect/dist/cjs/internal/errors.js                                                                                     228b     0.0%
   ├ ../../node_modules/.pnpm/fast-check@3.23.2/node_modules/fast-check/lib/arbitrary/shuffledSubarray.js                                                                       228b     0.0%
   ├ ../../node_modules/.pnpm/effect@3.18.4/node_modules/effect/dist/cjs/internal/version.js                                                                                    226b     0.0%
   ├ ../../node_modules/.pnpm/fs-extra@11.3.0/node_modules/fs-extra/lib/remove/index.js                                                                                         224b     0.0%
   ├ ../../node_modules/.pnpm/effect@3.18.4/node_modules/effect/dist/cjs/internal/stm/opCodes/stmState.js                                                                       220b     0.0%
   ├ ../../node_modules/.pnpm/fast-check@3.23.2/node_modules/fast-check/lib/arbitrary/subarray.js                                                                               220b     0.0%
   ├ ../../node_modules/.pnpm/fast-check@3.23.2/node_modules/fast-check/lib/arbitrary/webPath.js                                                                                219b     0.0%
   ├ ../../node_modules/.pnpm/defu@6.1.4/node_modules/defu/lib/defu.cjs                                                                                                         217b     0.0%
   ├ ../../node_modules/.pnpm/fast-check@3.23.2/node_modules/fast-check/lib/arbitrary/_internals/helpers/InvalidSubdomainLabelFiIter.js                                         216b     0.0%
   ├ ../../node_modules/.pnpm/fast-check@3.23.2/node_modules/fast-check/lib/arbitrary/anything.js                                                                               214b     0.0%
   ├ ../../node_modules/.pnpm/effect@3.18.4/node_modules/effect/dist/cjs/internal/opCodes/channelMergeStrategy.js                                                               212b     0.0%
   ├ ../../node_modules/.pnpm/fast-check@3.23.2/node_modules/fast-check/lib/arbitrary/_internals/builders/BoxedArbitraryBuilder.js                                              209b     0.0%
   ├ ../../node_modules/.pnpm/effect@3.18.4/node_modules/effect/dist/cjs/internal/opCodes/channelChildExecutorDecision.js                                                       208b     0.0%
   ├ ../../node_modules/.pnpm/fs-extra@11.3.0/node_modules/fs-extra/lib/mkdirs/index.js                                                                                         208b     0.0%
   ├ ../../node_modules/.pnpm/vscode-jsonrpc@8.1.0/node_modules/vscode-jsonrpc/lib/common/disposable.js                                                                         206b     0.0%
   ├ ../../node_modules/.pnpm/fast-check@3.23.2/node_modules/fast-check/lib/arbitrary/char.js                                                                                   203b     0.0%
   ├ ../../node_modules/.pnpm/fast-check@3.23.2/node_modules/fast-check/lib/arbitrary/webQueryParameters.js                                                                     198b     0.0%
   ├ ../../node_modules/.pnpm/fs-extra@11.3.0/node_modules/fs-extra/lib/path-exists/index.js                                                                                    198b     0.0%
   ├ ../../node_modules/.pnpm/fast-check@3.23.2/node_modules/fast-check/lib/arbitrary/maxSafeNat.js                                                                             197b     0.0%
   ├ ../../node_modules/.pnpm/fast-check@3.23.2/node_modules/fast-check/lib/arbitrary/webFragments.js                                                                           192b     0.0%
   ├ ../../node_modules/.pnpm/effect@3.18.4/node_modules/effect/dist/cjs/internal/opCodes/deferred.js                                                                           190b     0.0%
   ├ ../../node_modules/.pnpm/fast-check@3.23.2/node_modules/fast-check/lib/arbitrary/unicodeJson.js                                                                            190b     0.0%
   ├ ../../node_modules/.pnpm/effect@3.18.4/node_modules/effect/dist/cjs/PrimaryKey.js                                                                                          185b     0.0%
   ├ ../../node_modules/.pnpm/effect@3.18.4/node_modules/effect/dist/cjs/internal/opCodes/channelUpstreamPullRequest.js                                                         183b     0.0%
   ├ ../../node_modules/.pnpm/fast-check@3.23.2/node_modules/fast-check/lib/check/property/IRawProperty.js                                                                      181b     0.0%
   ├ ../../node_modules/.pnpm/fast-check@3.23.2/node_modules/fast-check/lib/arbitrary/limitShrink.js                                                                            178b     0.0%
   ├ ../../node_modules/.pnpm/giget@2.0.0/node_modules/giget/dist/index.mjs                                                                                                     178b     0.0%
   ├ ../../node_modules/.pnpm/fast-check@3.23.2/node_modules/fast-check/lib/arbitrary/json.js                                                                                   176b     0.0%
   ├ ../../node_modules/.pnpm/fast-check@3.23.2/node_modules/fast-check/lib/arbitrary/infiniteStream.js                                                                         170b     0.0%
   ├ ../../node_modules/.pnpm/effect@3.18.4/node_modules/effect/dist/cjs/internal/stm/txnId.js                                                                                  168b     0.0%
   ├ ../../node_modules/.pnpm/fs-extra@11.3.0/node_modules/fs-extra/lib/json/jsonfile.js                                                                                        168b     0.0%
   ├ ../../node_modules/.pnpm/effect@3.18.4/node_modules/effect/dist/cjs/internal/stm/versioned.js                                                                              167b     0.0%
   ├ ../../node_modules/.pnpm/fast-check@3.23.2/node_modules/fast-check/lib/arbitrary/constant.js                                                                               167b     0.0%
   ├ ../../node_modules/.pnpm/effect@3.18.4/node_modules/effect/dist/cjs/internal/stm/opCodes/tryCommit.js                                                                      166b     0.0%
   ├ ../../node_modules/.pnpm/fast-check@3.23.2/node_modules/fast-check/lib/arbitrary/clone.js                                                                                  164b     0.0%
   ├ ../../node_modules/.pnpm/fast-check@3.23.2/node_modules/fast-check/lib/check/precondition/Pre.js                                                                           164b     0.0%
   ├ ../../node_modules/.pnpm/fast-check@3.23.2/node_modules/fast-check/lib/arbitrary/tuple.js                                                                                  162b     0.0%
   ├ ../../node_modules/.pnpm/effect@3.18.4/node_modules/effect/dist/cjs/internal/opCodes/channelMergeDecision.js                                                               160b     0.0%
   ├ ../../node_modules/.pnpm/fs-extra@11.3.0/node_modules/fs-extra/lib/json/output-json.js                                                                                     160b     0.0%
   ├ ../../node_modules/.pnpm/fast-check@3.23.2/node_modules/fast-check/lib/arbitrary/gen.js                                                                                    158b     0.0%
   ├ ../../node_modules/.pnpm/effect@3.18.4/node_modules/effect/dist/cjs/internal/hashMap/keySet.js                                                                             154b     0.0%
   ├ ../../node_modules/.pnpm/ohash@2.0.11/node_modules/ohash/dist/index.mjs                                                                                                    153b     0.0%
   ├ ../../node_modules/.pnpm/effect@3.18.4/node_modules/effect/dist/cjs/internal/array.js                                                                                      151b     0.0%
   ├ ../../node_modules/.pnpm/effect@3.18.4/node_modules/effect/dist/cjs/internal/managedRuntime/circular.js                                                                    150b     0.0%
   ├ ../../node_modules/.pnpm/fs-extra@11.3.0/node_modules/fs-extra/lib/json/output-json-sync.js                                                                                149b     0.0%
   ├ ../../node_modules/.pnpm/effect@3.18.4/node_modules/effect/dist/cjs/internal/stack.js                                                                                      145b     0.0%
   ├ ../language-server/src/lib/ast/relations.ts                                                                                                                                137b     0.0%
   ├ ../../node_modules/.pnpm/effect@3.18.4/node_modules/effect/dist/cjs/Unify.js                                                                                               135b     0.0%
   ├ ../../node_modules/.pnpm/fast-check@3.23.2/node_modules/fast-check/lib/arbitrary/noShrink.js                                                                               135b     0.0%
   ├ ../../node_modules/.pnpm/fs-extra@11.3.0/node_modules/fs-extra/lib/index.js                                                                                                135b     0.0%
   ├ ../../node_modules/.pnpm/fast-check@3.23.2/node_modules/fast-check/lib/arbitrary/noBias.js                                                                                 132b     0.0%
   ├ ../../node_modules/.pnpm/node-fetch-native@1.6.7/node_modules/node-fetch-native/lib/index.cjs                                                                              125b     0.0%
   ├ ../language-server/src/lib/ast/fields.ts                                                                                                                                   124b     0.0%
   ├ ../language-server/src/lib/constants.ts                                                                                                                                    119b     0.0%
   ├ ../../node_modules/.pnpm/fs-extra@11.3.0/node_modules/fs-extra/lib/move/index.js                                                                                           107b     0.0%
   ├ ../../node_modules/.pnpm/fs-extra@11.3.0/node_modules/fs-extra/lib/copy/index.js                                                                                           106b     0.0%
   ├ ../../node_modules/.pnpm/destr@2.0.5/node_modules/destr/lib/index.cjs                                                                                                      102b     0.0%
   ├ ../language-server/src/lib/ast/nativeTypes.ts                                                                                                                               92b     0.0%
   ├ ../../node_modules/.pnpm/confbox@0.2.2/node_modules/confbox/dist/jsonc.mjs                                                                                                  85b     0.0%
   ├ ../../node_modules/.pnpm/effect@3.18.4/node_modules/effect/dist/cjs/HKT.js                                                                                                  82b     0.0%
   ├ ../../node_modules/.pnpm/effect@3.18.4/node_modules/effect/dist/cjs/StreamEmit.js                                                                                           82b     0.0%
   ├ ../../node_modules/.pnpm/effect@3.18.4/node_modules/effect/dist/cjs/Types.js                                                                                                82b     0.0%
   ├ ../language-server/src/lib/ast/index.ts                                                                                                                                     70b     0.0%
   ├ ../../node_modules/.pnpm/nypm@0.6.2/node_modules/nypm/dist/index.mjs                                                                                                        55b     0.0%
   ├ ../../node_modules/.pnpm/vscode-jsonrpc@8.1.0/node_modules/vscode-jsonrpc/node.js                                                                                           54b     0.0%
   ├ ../../node_modules/.pnpm/vscode-languageserver-protocol@3.17.3/node_modules/vscode-languageserver-protocol/node.js                                                          54b     0.0%
   ├ ../../node_modules/.pnpm/vscode-languageserver@8.1.0/node_modules/vscode-languageserver/node.js                                                                             54b     0.0%
   ├ ../language-server/src/cli.ts                                                                                                                                               54b     0.0%
   ├ ../../node_modules/.pnpm/pkg-types@2.3.0/node_modules/pkg-types/dist/index.mjs                                                                                              51b     0.0%
   ├ ../language-server/src/lib/prisma-schema-wasm/index.ts                                                                                                                      46b     0.0%
   ├ ../../node_modules/.pnpm/confbox@0.2.2/node_modules/confbox/dist/index.mjs                                                                                                  29b     0.0%
   └ ../language-server/src/bin.ts                                                                                                                                                6b     0.0%


Building Prisma 6 Language Server...

  dist/prisma6-language-server/bin.js  4.2mb ⚠️

⚡ Done in 590ms
Prisma 6 Language Server bundle analysis:

  dist/prisma6-language-server/bin.js                                                                                                                                                       4.2mb  100.0%
   ├ ../../node_modules/.pnpm/jiti@2.6.1/node_modules/jiti/dist/babel.cjs                                                                                                                   1.4mb   33.5%
   ├ ../../node_modules/.pnpm/node-fetch-native@1.6.7/node_modules/node-fetch-native/dist/proxy.cjs                                                                                       439.3kb   10.2%
   ├ ../../node_modules/.pnpm/jiti@2.6.1/node_modules/jiti/dist/jiti.cjs                                                                                                                  155.3kb    3.6%
   ├ ../../node_modules/.pnpm/node-fetch-native@1.6.7/node_modules/node-fetch-native/dist/node.cjs                                                                                        111.2kb    2.6%
   ├ ../../node_modules/.pnpm/effect@3.18.4/node_modules/effect/dist/cjs/Schema.js                                                                                                         88.1kb    2.1%
   ├ ../../node_modules/.pnpm/giget@2.0.0/node_modules/giget/dist/shared/giget.OCaTp9b-.mjs                                                                                                77.9kb    1.8%
   ├ ../../node_modules/.pnpm/effect@3.18.4/node_modules/effect/dist/cjs/internal/stream.js                                                                                                75.1kb    1.8%
   ├ ../../node_modules/.pnpm/effect@3.18.4/node_modules/effect/dist/cjs/internal/fiberRuntime.js                                                                                          41.2kb    1.0%
   ├ ../../node_modules/.pnpm/confbox@0.2.2/node_modules/confbox/dist/yaml.mjs                                                                                                             39.3kb    0.9%
   ├ ../../node_modules/.pnpm/effect@3.18.4/node_modules/effect/dist/cjs/internal/core.js                                                                                                  34.2kb    0.8%
   ├ ../../node_modules/.pnpm/effect@3.18.4/node_modules/effect/dist/cjs/SchemaAST.js                                                                                                      32.5kb    0.8%
   ├ ../../node_modules/.pnpm/vscode-languageserver-types@3.17.3/node_modules/vscode-languageserver-types/lib/umd/main.js                                                                  30.1kb    0.7%
   ├ ../../node_modules/.pnpm/confbox@0.2.2/node_modules/confbox/dist/json5.mjs                                                                                                            27.0kb    0.6%
   ├ ../../node_modules/.pnpm/effect@3.18.4/node_modules/effect/dist/cjs/Micro.js                                                                                                          23.8kb    0.6%
   ├ ../../node_modules/.pnpm/vscode-languageserver-protocol@3.17.3/node_modules/vscode-languageserver-protocol/lib/common/protocol.js                                                     23.2kb    0.5%
   ├ ../../node_modules/.pnpm/effect@3.18.4/node_modules/effect/dist/cjs/internal/pubsub.js                                                                                                22.4kb    0.5%
   ├ ../../node_modules/.pnpm/effect@3.18.4/node_modules/effect/dist/cjs/internal/schedule.js                                                                                              21.0kb    0.5%
   ├ ../../node_modules/.pnpm/effect@3.18.4/node_modules/effect/dist/cjs/internal/sink.js                                                                                                  20.8kb    0.5%
   ├ ../../node_modules/.pnpm/effect@3.18.4/node_modules/effect/dist/cjs/Effect.js                                                                                                         20.5kb    0.5%
   ├ ../../node_modules/.pnpm/effect@3.18.4/node_modules/effect/dist/cjs/ParseResult.js                                                                                                    20.3kb    0.5%
   ├ ../../node_modules/.pnpm/effect@3.18.4/node_modules/effect/dist/cjs/internal/core-effect.js                                                                                           19.9kb    0.5%
   ├ ../../node_modules/.pnpm/exsolve@1.0.8/node_modules/exsolve/dist/index.mjs                                                                                                            19.7kb    0.5%
   ├ ../../node_modules/.pnpm/effect@3.18.4/node_modules/effect/dist/cjs/Graph.js                                                                                                          18.3kb    0.4%
   ├ ../../node_modules/.pnpm/vscode-jsonrpc@8.1.0/node_modules/vscode-jsonrpc/lib/common/connection.js                                                                                    18.1kb    0.4%
   ├ ../../node_modules/.pnpm/effect@3.18.4/node_modules/effect/dist/cjs/internal/channel.js                                                                                               18.0kb    0.4%
   ├ ../../node_modules/.pnpm/effect@3.18.4/node_modules/effect/dist/cjs/internal/channel/channelExecutor.js                                                                               15.9kb    0.4%
   ├ ../../node_modules/.pnpm/effect@3.18.4/node_modules/effect/dist/cjs/Stream.js                                                                                                         15.8kb    0.4%
   ├ ../../node_modules/.pnpm/@prisma+language-server@6.19.0-hotfix.1_magicast@0.3.5/node_modules/@prisma/language-server/dist/lib/completions/completions.json                            15.8kb    0.4%
   ├ ../../node_modules/.pnpm/@prisma+config@6.19.0-dev.10_magicast@0.3.5/node_modules/@prisma/config/dist/index.js                                                                        15.5kb    0.4%
   ├ ../../node_modules/.pnpm/vscode-languageserver@8.1.0/node_modules/vscode-languageserver/lib/common/server.js                                                                          15.3kb    0.4%
   ├ ../../node_modules/.pnpm/fast-check@3.23.2/node_modules/fast-check/lib/fast-check-default.js                                                                                          14.7kb    0.3%
   ├ ../../node_modules/.pnpm/effect@3.18.4/node_modules/effect/dist/cjs/internal/dateTime.js                                                                                              14.2kb    0.3%
   ├ ../../node_modules/.pnpm/effect@3.18.4/node_modules/effect/dist/cjs/internal/redBlackTree.js                                                                                          13.5kb    0.3%
   ├ ../../node_modules/.pnpm/effect@3.18.4/node_modules/effect/dist/cjs/internal/layer.js                                                                                                 12.9kb    0.3%
   ├ ../../node_modules/.pnpm/effect@3.18.4/node_modules/effect/dist/cjs/Array.js                                                                                                          12.6kb    0.3%
   ├ ../../node_modules/.pnpm/effect@3.18.4/node_modules/effect/dist/cjs/Arbitrary.js                                                                                                      12.5kb    0.3%
   ├ ../../node_modules/.pnpm/effect@3.18.4/node_modules/effect/dist/cjs/internal/cause.js                                                                                                 12.4kb    0.3%
   ├ ../../node_modules/.pnpm/fast-check@3.23.2/node_modules/fast-check/lib/arbitrary/_internals/data/GraphemeRanges.js                                                                    11.8kb    0.3%
   ├ ../../node_modules/.pnpm/effect@3.18.4/node_modules/effect/dist/cjs/internal/stm/stm.js                                                                                               11.7kb    0.3%
   ├ ../../node_modules/.pnpm/vscode-uri@3.1.0/node_modules/vscode-uri/lib/umd/index.js                                                                                                    11.5kb    0.3%
   ├ ../../node_modules/.pnpm/confbox@0.2.2/node_modules/confbox/dist/toml.mjs                                                                                                             11.3kb    0.3%
   ├ ../../node_modules/.pnpm/tinyexec@1.0.2/node_modules/tinyexec/dist/main.js                                                                                                            10.6kb    0.2%
   ├ ../../node_modules/.pnpm/effect@3.18.4/node_modules/effect/dist/cjs/Chunk.js                                                                                                          10.2kb    0.2%
   ├ ../../node_modules/.pnpm/effect@3.18.4/node_modules/effect/dist/cjs/JSONSchema.js                                                                                                     10.2kb    0.2%
   ├ ../../node_modules/.pnpm/chokidar@4.0.3/node_modules/chokidar/index.js                                                                                                                10.0kb    0.2%
   ├ ../../node_modules/.pnpm/confbox@0.2.2/node_modules/confbox/dist/shared/confbox.DnMsyigM.mjs                                                                                           9.8kb    0.2%
   ├ ../../node_modules/.pnpm/effect@3.18.4/node_modules/effect/dist/cjs/internal/configProvider.js                                                                                         9.7kb    0.2%
   ├ ../../node_modules/.pnpm/effect@3.18.4/node_modules/effect/dist/cjs/internal/queue.js                                                                                                  9.6kb    0.2%
   ├ ../../node_modules/.pnpm/effect@3.18.4/node_modules/effect/dist/cjs/internal/mailbox.js                                                                                                9.3kb    0.2%
   ├ ../../node_modules/.pnpm/effect@3.18.4/node_modules/effect/dist/cjs/index.js                                                                                                           9.1kb    0.2%
   ├ ../../node_modules/.pnpm/effect@3.18.4/node_modules/effect/dist/cjs/internal/effect/circular.js                                                                                        9.1kb    0.2%
   ├ ../../node_modules/.pnpm/pathe@2.0.3/node_modules/pathe/dist/shared/pathe.BSlhyZSM.cjs                                                                                                 8.8kb    0.2%
   ├ ../../node_modules/.pnpm/effect@3.18.4/node_modules/effect/dist/cjs/internal/stm/tMap.js                                                                                               8.8kb    0.2%
   ├ ../../node_modules/.pnpm/effect@3.18.4/node_modules/effect/dist/cjs/Duration.js                                                                                                        8.5kb    0.2%
   ├ ../../node_modules/.pnpm/effect@3.18.4/node_modules/effect/dist/cjs/internal/stm/core.js                                                                                               8.5kb    0.2%
   ├ ../../node_modules/.pnpm/chokidar@4.0.3/node_modules/chokidar/handler.js                                                                                                               8.5kb    0.2%
   ├ ../../node_modules/.pnpm/effect@3.18.4/node_modules/effect/dist/cjs/internal/cache.js                                                                                                  8.2kb    0.2%
   ├ ../../node_modules/.pnpm/@prisma+language-server@6.19.0-hotfix.1_magicast@0.3.5/node_modules/@prisma/language-server/dist/lib/completions/index.js                                     7.9kb    0.2%
   ├ ../../node_modules/.pnpm/effect@3.18.4/node_modules/effect/dist/cjs/Cron.js                                                                                                            7.7kb    0.2%
   ├ ../../node_modules/.pnpm/effect@3.18.4/node_modules/effect/dist/cjs/internal/scopedCache.js                                                                                            7.7kb    0.2%
   ├ ../../node_modules/.pnpm/effect@3.18.4/node_modules/effect/dist/cjs/internal/stm/tPubSub.js                                                                                            7.6kb    0.2%
   ├ ../../node_modules/.pnpm/effect@3.18.4/node_modules/effect/dist/cjs/BigDecimal.js                                                                                                      7.6kb    0.2%
   ├ ../../node_modules/.pnpm/vscode-jsonrpc@8.1.0/node_modules/vscode-jsonrpc/lib/common/api.js                                                                                            7.4kb    0.2%
   ├ ../../node_modules/.pnpm/effect@3.18.4/node_modules/effect/dist/cjs/Iterable.js                                                                                                        7.4kb    0.2%
   ├ ../../node_modules/.pnpm/fast-check@3.23.2/node_modules/fast-check/lib/utils/globals.js                                                                                                7.1kb    0.2%
   ├ ../../node_modules/.pnpm/effect@3.18.4/node_modules/effect/dist/cjs/internal/trie.js                                                                                                   7.0kb    0.2%
   ├ ../../node_modules/.pnpm/effect@3.18.4/node_modules/effect/dist/cjs/internal/config.js                                                                                                 6.8kb    0.2%
   ├ ../../node_modules/.pnpm/effect@3.18.4/node_modules/effect/dist/cjs/internal/pool.js                                                                                                   6.8kb    0.2%
   ├ ../../node_modules/.pnpm/c12@3.1.0_magicast@0.3.5/node_modules/c12/dist/shared/c12.BXpNC6YI.mjs                                                                                        6.7kb    0.2%
   ├ ../../node_modules/.pnpm/@prisma+language-server@6.19.0-hotfix.1_magicast@0.3.5/node_modules/@prisma/language-server/dist/lib/completions/arguments.js                                 6.6kb    0.2%
   ├ ../../node_modules/.pnpm/effect@3.18.4/node_modules/effect/dist/cjs/internal/runtime.js                                                                                                6.5kb    0.2%
   ├ ../../node_modules/.pnpm/effect@3.18.4/node_modules/effect/dist/cjs/List.js                                                                                                            6.1kb    0.1%
   ├ ../../node_modules/.pnpm/effect@3.18.4/node_modules/effect/dist/cjs/TestClock.js                                                                                                       6.1kb    0.1%
   ├ ../../node_modules/.pnpm/effect@3.18.4/node_modules/effect/dist/cjs/internal/logger.js                                                                                                 6.0kb    0.1%
   ├ ../../node_modules/.pnpm/deepmerge-ts@7.1.5/node_modules/deepmerge-ts/dist/index.cjs                                                                                                   6.0kb    0.1%
   ├ ../../node_modules/.pnpm/effect@3.18.4/node_modules/effect/dist/cjs/internal/stm/tArray.js                                                                                             5.9kb    0.1%
   ├ ../../node_modules/.pnpm/effect@3.18.4/node_modules/effect/dist/cjs/Channel.js                                                                                                         5.8kb    0.1%
   ├ ../../node_modules/.pnpm/effect@3.18.4/node_modules/effect/dist/cjs/internal/hashMap.js                                                                                                5.7kb    0.1%
   ├ ../../node_modules/.pnpm/effect@3.18.4/node_modules/effect/dist/cjs/STM.js                                                                                                             5.7kb    0.1%
   ├ ../../node_modules/.pnpm/effect@3.18.4/node_modules/effect/dist/cjs/internal/stm/tQueue.js                                                                                             5.7kb    0.1%
   ├ ../../node_modules/.pnpm/effect@3.18.4/node_modules/effect/dist/cjs/Sink.js                                                                                                            5.5kb    0.1%
   ├ ../../node_modules/.pnpm/effect@3.18.4/node_modules/effect/dist/cjs/internal/groupBy.js                                                                                                5.4kb    0.1%
   ├ ../../node_modules/.pnpm/effect@3.18.4/node_modules/effect/dist/cjs/internal/blockedRequests.js                                                                                        5.4kb    0.1%
   ├ ../../node_modules/.pnpm/effect@3.18.4/node_modules/effect/dist/cjs/DateTime.js                                                                                                        5.3kb    0.1%
   ├ ../../node_modules/.pnpm/effect@3.18.4/node_modules/effect/dist/cjs/internal/metric.js                                                                                                 5.3kb    0.1%
   ├ ../../node_modules/.pnpm/effect@3.18.4/node_modules/effect/dist/cjs/Layer.js                                                                                                           5.2kb    0.1%
   ├ ../../node_modules/.pnpm/@prisma+language-server@6.19.0-hotfix.1_magicast@0.3.5/node_modules/@prisma/language-server/dist/lib/code-actions/rename.js                                   5.2kb    0.1%
   ├ ../../node_modules/.pnpm/effect@3.18.4/node_modules/effect/dist/cjs/internal/fiber.js                                                                                                  5.2kb    0.1%
   ├ ../../node_modules/.pnpm/effect@3.18.4/node_modules/effect/dist/cjs/Schedule.js                                                                                                        5.1kb    0.1%
   ├ ../../node_modules/.pnpm/fast-check@3.23.2/node_modules/fast-check/lib/utils/stringify.js                                                                                              5.1kb    0.1%
   ├ ../../node_modules/.pnpm/graceful-fs@4.2.11/node_modules/graceful-fs/graceful-fs.js                                                                                                    5.0kb    0.1%
   ├ ../../node_modules/.pnpm/effect@3.18.4/node_modules/effect/dist/cjs/String.js                                                                                                          5.0kb    0.1%
   ├ ../../node_modules/.pnpm/effect@3.18.4/node_modules/effect/dist/cjs/internal/matcher.js                                                                                                5.0kb    0.1%
   ├ ../../node_modules/.pnpm/dotenv@16.6.1/node_modules/dotenv/lib/main.js                                                                                                                 4.9kb    0.1%
   ├ ../../node_modules/.pnpm/node-fetch-native@1.6.7/node_modules/node-fetch-native/dist/chunks/multipart-parser.cjs                                                                       4.9kb    0.1%
   ├ ../../node_modules/.pnpm/effect@3.18.4/node_modules/effect/dist/cjs/Option.js                                                                                                          4.8kb    0.1%
   ├ ../../node_modules/.pnpm/effect@3.18.4/node_modules/effect/dist/cjs/internal/schema/errors.js                                                                                          4.8kb    0.1%
   ├ ../../node_modules/.pnpm/vscode-jsonrpc@8.1.0/node_modules/vscode-jsonrpc/lib/node/main.js                                                                                             4.8kb    0.1%
   ├ ../../node_modules/.pnpm/effect@3.18.4/node_modules/effect/dist/cjs/internal/configError.js                                                                                            4.7kb    0.1%
   ├ ../../node_modules/.pnpm/@prisma+language-server@6.19.0-hotfix.1_magicast@0.3.5/node_modules/@prisma/language-server/dist/lib/completions/generator.js                                 4.7kb    0.1%
   ├ ../../node_modules/.pnpm/vscode-languageserver@8.1.0/node_modules/vscode-languageserver/lib/common/notebook.js                                                                         4.7kb    0.1%
   ├ ../../node_modules/.pnpm/effect@3.18.4/node_modules/effect/dist/cjs/internal/stm/tReentrantLock.js                                                                                     4.6kb    0.1%
   ├ ../../node_modules/.pnpm/@prisma+language-server@6.19.0-hotfix.1_magicast@0.3.5/node_modules/@prisma/language-server/dist/server.js                                                    4.6kb    0.1%
   ├ ../../node_modules/.pnpm/effect@3.18.4/node_modules/effect/dist/cjs/FiberMap.js                                                                                                        4.6kb    0.1%
   ├ ../../node_modules/.pnpm/effect@3.18.4/node_modules/effect/dist/cjs/internal/context.js                                                                                                4.5kb    0.1%
   ├ ../../node_modules/.pnpm/effect@3.18.4/node_modules/effect/dist/cjs/Cause.js                                                                                                           4.5kb    0.1%
   ├ ../../node_modules/.pnpm/vscode-jsonrpc@8.1.0/node_modules/vscode-jsonrpc/lib/common/linkedMap.js                                                                                      4.5kb    0.1%
   ├ ../../node_modules/.pnpm/@prisma+prisma-schema-wasm@6.19.0-26.2ba551f319ab1df4bc874a89965d8b3641056773/node_modules/@prisma/prisma-schema-wasm/src/prisma_schema_build.js              4.5kb    0.1%
   ├ ../../node_modules/.pnpm/fast-check@3.23.2/node_modules/fast-check/lib/arbitrary/_internals/helpers/TokenizeRegex.js                                                                   4.5kb    0.1%
   ├ ../../node_modules/.pnpm/effect@3.18.4/node_modules/effect/dist/cjs/Record.js                                                                                                          4.5kb    0.1%
   ├ ../../node_modules/.pnpm/effect@3.18.4/node_modules/effect/dist/cjs/internal/core-stream.js                                                                                            4.5kb    0.1%
   ├ ../../node_modules/.pnpm/fast-check@3.23.2/node_modules/fast-check/lib/arbitrary/_internals/ArrayArbitrary.js                                                                          4.4kb    0.1%
   ├ ../../node_modules/.pnpm/readdirp@4.1.2/node_modules/readdirp/index.js                                                                                                                 4.2kb    0.1%
   ├ ../../node_modules/.pnpm/vscode-languageserver-textdocument@1.0.11/node_modules/vscode-languageserver-textdocument/lib/umd/main.js                                                     4.2kb    0.1%
   ├ ../../node_modules/.pnpm/effect@3.18.4/node_modules/effect/dist/cjs/internal/rcMap.js                                                                                                  4.1kb    0.1%
   ├ ../../node_modules/.pnpm/effect@3.18.4/node_modules/effect/dist/cjs/internal/hashMap/node.js                                                                                           4.1kb    0.1%
   ├ ../../node_modules/.pnpm/effect@3.18.4/node_modules/effect/dist/cjs/MutableHashMap.js                                                                                                  4.1kb    0.1%
   ├ ../../node_modules/.pnpm/@prisma+schema-files-loader@6.19.0-dev.10/node_modules/@prisma/schema-files-loader/dist/index.js                                                              4.1kb    0.1%
   ├ ../../node_modules/.pnpm/effect@3.18.4/node_modules/effect/dist/cjs/internal/metric/state.js                                                                                           4.1kb    0.1%
   ├ ../../node_modules/.pnpm/vscode-languageserver-protocol@3.17.3/node_modules/vscode-languageserver-protocol/lib/common/protocol.notebook.js                                             4.1kb    0.1%
   ├ ../../node_modules/.pnpm/effect@3.18.4/node_modules/effect/dist/cjs/FiberHandle.js                                                                                                     4.1kb    0.1%
   ├ ../../node_modules/.pnpm/vscode-jsonrpc@8.1.0/node_modules/vscode-jsonrpc/lib/common/messages.js                                                                                       4.1kb    0.1%
   ├ ../../node_modules/.pnpm/@prisma+language-server@6.19.0-hotfix.1_magicast@0.3.5/node_modules/@prisma/language-server/dist/lib/MessageHandler.js                                        4.0kb    0.1%
   ├ ../../node_modules/.pnpm/effect@3.18.4/node_modules/effect/dist/cjs/internal/stm/tSubscriptionRef.js                                                                                   4.0kb    0.1%
   ├ ../../node_modules/.pnpm/effect@3.18.4/node_modules/effect/dist/cjs/internal/metric/hook.js                                                                                            4.0kb    0.1%
   ├ ../../node_modules/.pnpm/effect@3.18.4/node_modules/effect/dist/cjs/TestServices.js                                                                                                    3.8kb    0.1%
   ├ ../../node_modules/.pnpm/graceful-fs@4.2.11/node_modules/graceful-fs/polyfills.js                                                                                                      3.8kb    0.1%
   ├ ../../node_modules/.pnpm/effect@3.18.4/node_modules/effect/dist/cjs/FiberRef.js                                                                                                        3.6kb    0.1%
   ├ ../../node_modules/.pnpm/effect@3.18.4/node_modules/effect/dist/cjs/Scheduler.js                                                                                                       3.6kb    0.1%
   ├ ../../node_modules/.pnpm/vscode-jsonrpc@8.1.0/node_modules/vscode-jsonrpc/lib/common/messageReader.js                                                                                  3.6kb    0.1%
   ├ ../../node_modules/.pnpm/effect@3.18.4/node_modules/effect/dist/cjs/internal/dataSource.js                                                                                             3.6kb    0.1%
   ├ ../../node_modules/.pnpm/effect@3.18.4/node_modules/effect/dist/cjs/FiberSet.js                                                                                                        3.6kb    0.1%
   ├ ../../node_modules/.pnpm/fast-check@3.23.2/node_modules/fast-check/lib/arbitrary/stringMatching.js                                                                                     3.6kb    0.1%
   ├ ../../node_modules/.pnpm/fast-check@3.23.2/node_modules/fast-check/lib/check/arbitrary/definition/Arbitrary.js                                                                         3.6kb    0.1%
   ├ ../../node_modules/.pnpm/effect@3.18.4/node_modules/effect/dist/cjs/internal/metric/keyType.js                                                                                         3.5kb    0.1%
   ├ ../../node_modules/.pnpm/effect@3.18.4/node_modules/effect/dist/cjs/Either.js                                                                                                          3.5kb    0.1%
   ├ ../../node_modules/.pnpm/fast-check@3.23.2/node_modules/fast-check/lib/check/runner/utils/RunDetailsFormatter.js                                                                       3.5kb    0.1%
   ├ ../../node_modules/.pnpm/fast-check@3.23.2/node_modules/fast-check/lib/arbitrary/_internals/FrequencyArbitrary.js                                                                      3.5kb    0.1%
   ├ ../../node_modules/.pnpm/effect@3.18.4/node_modules/effect/dist/cjs/Utils.js                                                                                                           3.5kb    0.1%
   ├ ../../node_modules/.pnpm/effect@3.18.4/node_modules/effect/dist/cjs/internal/stm/tPriorityQueue.js                                                                                     3.5kb    0.1%
   ├ ../../node_modules/.pnpm/fast-check@3.23.2/node_modules/fast-check/lib/check/runner/configuration/QualifiedParameters.js                                                               3.5kb    0.1%
   ├ ../../node_modules/.pnpm/effect@3.18.4/node_modules/effect/dist/cjs/internal/fiberId.js                                                                                                3.5kb    0.1%
   ├ ../../node_modules/.pnpm/effect@3.18.4/node_modules/effect/dist/cjs/internal/keyedPool.js                                                                                              3.5kb    0.1%
   ├ ../../node_modules/.pnpm/fast-check@3.23.2/node_modules/fast-check/lib/utils/hash.js                                                                                                   3.4kb    0.1%
   ├ ../../node_modules/.pnpm/effect@3.18.4/node_modules/effect/dist/cjs/internal/hashSet.js                                                                                                3.4kb    0.1%
   ├ ../../node_modules/.pnpm/effect@3.18.4/node_modules/effect/dist/cjs/internal/layer/circular.js                                                                                         3.4kb    0.1%
   ├ ../../node_modules/.pnpm/@prisma+language-server@6.19.0-hotfix.1_magicast@0.3.5/node_modules/@prisma/language-server/dist/lib/completions/attributes.js                                3.3kb    0.1%
   ├ ../../node_modules/.pnpm/effect@3.18.4/node_modules/effect/dist/cjs/internal/schedule/intervals.js                                                                                     3.2kb    0.1%
   ├ ../../node_modules/.pnpm/nypm@0.6.2/node_modules/nypm/dist/shared/nypm.CLjaS_sz.mjs                                                                                                    3.2kb    0.1%
   ├ ../../node_modules/.pnpm/vscode-languageserver@8.1.0/node_modules/vscode-languageserver/lib/node/files.js                                                                              3.2kb    0.1%
   ├ ../../node_modules/.pnpm/effect@3.18.4/node_modules/effect/dist/cjs/Predicate.js                                                                                                       3.2kb    0.1%
   ├ ../../node_modules/.pnpm/effect@3.18.4/node_modules/effect/dist/cjs/internal/fiberRefs.js                                                                                              3.2kb    0.1%
   ├ ../../node_modules/.pnpm/effect@3.18.4/node_modules/effect/dist/cjs/internal/supervisor.js                                                                                             3.1kb    0.1%
   ├ ../../node_modules/.pnpm/effect@3.18.4/node_modules/effect/dist/cjs/internal/stm/tSet.js                                                                                               3.1kb    0.1%
   ├ ../../node_modules/.pnpm/rc9@2.1.2/node_modules/rc9/dist/index.cjs                                                                                                                     3.1kb    0.1%
   ├ ../../node_modules/.pnpm/effect@3.18.4/node_modules/effect/dist/cjs/internal/channel/subexecutor.js                                                                                    3.1kb    0.1%
   ├ ../../node_modules/.pnpm/effect@3.18.4/node_modules/effect/dist/cjs/Pretty.js                                                                                                          3.1kb    0.1%
   ├ ../../node_modules/.pnpm/fast-check@3.23.2/node_modules/fast-check/lib/arbitrary/_internals/implementations/SchedulerImplem.js                                                         3.1kb    0.1%
   ├ ../../node_modules/.pnpm/@prisma+language-server@6.19.0-hotfix.1_magicast@0.3.5/node_modules/@prisma/language-server/dist/lib/completions/functions.js                                 3.0kb    0.1%
   ├ ../../node_modules/.pnpm/effect@3.18.4/node_modules/effect/dist/cjs/SortedSet.js                                                                                                       3.0kb    0.1%
   ├ ../../node_modules/.pnpm/fast-check@3.23.2/node_modules/fast-check/lib/arbitrary/lorem.js                                                                                              3.0kb    0.1%
   ├ ../../node_modules/.pnpm/confbox@0.2.2/node_modules/confbox/dist/ini.mjs                                                                                                               2.9kb    0.1%
   ├ ../../node_modules/.pnpm/effect@3.18.4/node_modules/effect/dist/cjs/internal/defaultServices.js                                                                                        2.9kb    0.1%
   ├ ../../node_modules/.pnpm/vscode-languageserver@8.1.0/node_modules/vscode-languageserver/lib/node/main.js                                                                               2.8kb    0.1%
   ├ ../../node_modules/.pnpm/effect@3.18.4/node_modules/effect/dist/cjs/Function.js                                                                                                        2.7kb    0.1%
   ├ ../../node_modules/.pnpm/@prisma+language-server@6.19.0-hotfix.1_magicast@0.3.5/node_modules/@prisma/language-server/dist/lib/completions/types.js                                     2.7kb    0.1%
   ├ ../../node_modules/.pnpm/effect@3.18.4/node_modules/effect/dist/cjs/internal/channel/singleProducerAsyncInput.js                                                                       2.7kb    0.1%
   ├ ../../node_modules/.pnpm/fast-check@3.23.2/node_modules/fast-check/lib/arbitrary/_internals/ArrayInt64Arbitrary.js                                                                     2.7kb    0.1%
   ├ ../../node_modules/.pnpm/effect@3.18.4/node_modules/effect/dist/cjs/internal/differ.js                                                                                                 2.7kb    0.1%
   ├ ../../node_modules/.pnpm/effect@3.18.4/node_modules/effect/dist/cjs/internal/differ/orPatch.js                                                                                         2.7kb    0.1%
   ├ ../../node_modules/.pnpm/effect@3.18.4/node_modules/effect/dist/cjs/internal/runtimeFlags.js                                                                                           2.7kb    0.1%
   ├ ../../node_modules/.pnpm/effect@3.18.4/node_modules/effect/dist/cjs/Metric.js                                                                                                          2.6kb    0.1%
   ├ ../../node_modules/.pnpm/fs-extra@11.3.0/node_modules/fs-extra/lib/util/stat.js                                                                                                        2.6kb    0.1%
   ├ ../../node_modules/.pnpm/fast-check@3.23.2/node_modules/fast-check/lib/arbitrary/_internals/helpers/ReadRegex.js                                                                       2.6kb    0.1%
   ├ ../../node_modules/.pnpm/effect@3.18.4/node_modules/effect/dist/cjs/internal/schema/util.js                                                                                            2.6kb    0.1%
   ├ ../../node_modules/.pnpm/effect@3.18.4/node_modules/effect/dist/cjs/Logger.js                                                                                                          2.6kb    0.1%
   ├ ../../node_modules/.pnpm/effect@3.18.4/node_modules/effect/dist/cjs/internal/take.js                                                                                                   2.6kb    0.1%
   ├ ../../node_modules/.pnpm/effect@3.18.4/node_modules/effect/dist/cjs/SortedMap.js                                                                                                       2.6kb    0.1%
   ├ ../../node_modules/.pnpm/effect@3.18.4/node_modules/effect/dist/cjs/BigInt.js                                                                                                          2.6kb    0.1%
   ├ ../../node_modules/.pnpm/effect@3.18.4/node_modules/effect/dist/cjs/internal/query.js                                                                                                  2.6kb    0.1%
   ├ ../../node_modules/.pnpm/effect@3.18.4/node_modules/effect/dist/cjs/internal/rcRef.js                                                                                                  2.5kb    0.1%
   ├ ../../node_modules/.pnpm/ohash@2.0.11/node_modules/ohash/dist/shared/ohash.D__AXeF1.mjs                                                                                                2.5kb    0.1%
   ├ ../../node_modules/.pnpm/fs-extra@11.3.0/node_modules/fs-extra/lib/copy/copy-sync.js                                                                                                   2.5kb    0.1%
   ├ ../../node_modules/.pnpm/fast-check@3.23.2/node_modules/fast-check/lib/check/runner/reporter/RunExecution.js                                                                           2.5kb    0.1%
   ├ ../../node_modules/.pnpm/effect@3.18.4/node_modules/effect/dist/cjs/MutableList.js                                                                                                     2.5kb    0.1%
   ├ ../../node_modules/.pnpm/effect@3.18.4/node_modules/effect/dist/cjs/internal/managedRuntime.js                                                                                         2.5kb    0.1%
   ├ ../../node_modules/.pnpm/effect@3.18.4/node_modules/effect/dist/cjs/internal/encoding/base64.js                                                                                        2.5kb    0.1%
   ├ ../../node_modules/.pnpm/effect@3.18.4/node_modules/effect/dist/cjs/LayerMap.js                                                                                                        2.5kb    0.1%
   ├ ../../node_modules/.pnpm/effect@3.18.4/node_modules/effect/dist/cjs/TArray.js                                                                                                          2.5kb    0.1%
   ├ ../../node_modules/.pnpm/effect@3.18.4/node_modules/effect/dist/cjs/internal/random.js                                                                                                 2.5kb    0.1%
   ├ ../../node_modules/.pnpm/effect@3.18.4/node_modules/effect/dist/cjs/internal/encoding/hex.js                                                                                           2.5kb    0.1%
   ├ ../../node_modules/.pnpm/vscode-jsonrpc@8.1.0/node_modules/vscode-jsonrpc/lib/node/ril.js                                                                                              2.4kb    0.1%
   ├ ../../node_modules/.pnpm/effect@3.18.4/node_modules/effect/dist/cjs/Fiber.js                                                                                                           2.4kb    0.1%
   ├ ../../node_modules/.pnpm/@prisma+language-server@6.19.0-hotfix.1_magicast@0.3.5/node_modules/@prisma/language-server/dist/lib/Schema.js                                                2.4kb    0.1%
   ├ ../../node_modules/.pnpm/@prisma+language-server@6.19.0-hotfix.1_magicast@0.3.5/node_modules/@prisma/language-server/dist/lib/ast/block.js                                             2.4kb    0.1%
   ├ ../../node_modules/.pnpm/effect@3.18.4/node_modules/effect/dist/cjs/internal/console.js                                                                                                2.4kb    0.1%
   ├ ../../node_modules/.pnpm/effect@3.18.4/node_modules/effect/dist/cjs/Number.js                                                                                                          2.4kb    0.1%
   ├ ../../node_modules/.pnpm/effect@3.18.4/node_modules/effect/dist/cjs/RuntimeFlags.js                                                                                                    2.4kb    0.1%
   ├ ../../node_modules/.pnpm/effect@3.18.4/node_modules/effect/dist/cjs/internal/redBlackTree/iterator.js                                                                                  2.4kb    0.1%
   ├ ../../node_modules/.pnpm/fs-extra@11.3.0/node_modules/fs-extra/lib/copy/copy.js                                                                                                        2.4kb    0.1%
   ├ ../../node_modules/.pnpm/effect@3.18.4/node_modules/effect/dist/cjs/internal/stm/tRef.js                                                                                               2.4kb    0.1%
   ├ ../../node_modules/.pnpm/effect@3.18.4/node_modules/effect/dist/cjs/internal/stm/tRandom.js                                                                                            2.3kb    0.1%
   ├ ../../node_modules/.pnpm/effect@3.18.4/node_modules/effect/dist/cjs/internal/tracer.js                                                                                                 2.3kb    0.1%
   ├ ../../node_modules/.pnpm/vscode-languageserver@8.1.0/node_modules/vscode-languageserver/lib/common/progress.js                                                                         2.3kb    0.1%
   ├ ../../node_modules/.pnpm/vscode-languageserver@8.1.0/node_modules/vscode-languageserver/lib/common/textDocuments.js                                                                    2.3kb    0.1%
   ├ ../../node_modules/.pnpm/effect@3.18.4/node_modules/effect/dist/cjs/internal/differ/contextPatch.js                                                                                    2.3kb    0.1%
   ├ ../../node_modules/.pnpm/effect@3.18.4/node_modules/effect/dist/cjs/internal/stm/tExit.js                                                                                              2.3kb    0.1%
   ├ ../../node_modules/.pnpm/effect@3.18.4/node_modules/effect/dist/cjs/internal/differ/chunkPatch.js                                                                                      2.3kb    0.1%
   ├ ../../node_modules/.pnpm/fast-check@3.23.2/node_modules/fast-check/lib/arbitrary/_internals/CommandsArbitrary.js                                                                       2.3kb    0.1%
   ├ ../../node_modules/.pnpm/effect@3.18.4/node_modules/effect/dist/cjs/internal/metric/registry.js                                                                                        2.3kb    0.1%
   ├ ../../node_modules/.pnpm/vscode-languageserver@8.1.0/node_modules/vscode-languageserver/lib/common/semanticTokens.js                                                                   2.3kb    0.1%
   ├ ../../node_modules/.pnpm/effect@3.18.4/node_modules/effect/dist/cjs/internal/ref.js                                                                                                    2.3kb    0.1%
   ├ ../../node_modules/.pnpm/effect@3.18.4/node_modules/effect/dist/cjs/RedBlackTree.js                                                                                                    2.2kb    0.1%
   ├ ../../node_modules/.pnpm/effect@3.18.4/node_modules/effect/dist/cjs/Order.js                                                                                                           2.2kb    0.1%
   ├ ../../node_modules/.pnpm/effect@3.18.4/node_modules/effect/dist/cjs/internal/differ/hashMapPatch.js                                                                                    2.2kb    0.1%
   ├ ../../node_modules/.pnpm/effect@3.18.4/node_modules/effect/dist/cjs/Match.js                                                                                                           2.2kb    0.1%
   ├ ../../node_modules/.pnpm/pkg-types@2.2.0/node_modules/pkg-types/dist/index.mjs                                                                                                         2.2kb    0.1%
   ├ ../../node_modules/.pnpm/effect@3.18.4/node_modules/effect/dist/cjs/internal/differ/readonlyArrayPatch.js                                                                              2.2kb    0.1%
   ├ ../../node_modules/.pnpm/effect@3.18.4/node_modules/effect/dist/cjs/internal/request.js                                                                                                2.1kb    0.1%
   ├ ../../node_modules/.pnpm/effect@3.18.4/node_modules/effect/dist/cjs/Encoding.js                                                                                                        2.1kb    0.0%
   ├ ../../node_modules/.pnpm/vscode-jsonrpc@8.1.0/node_modules/vscode-jsonrpc/lib/common/messageWriter.js                                                                                  2.1kb    0.0%
   ├ ../../node_modules/.pnpm/pure-rand@6.1.0/node_modules/pure-rand/lib/generator/MersenneTwister.js                                                                                       2.1kb    0.0%
   ├ ../../node_modules/.pnpm/effect@3.18.4/node_modules/effect/dist/cjs/MutableQueue.js                                                                                                    2.1kb    0.0%
   ├ ../../node_modules/.pnpm/effect@3.18.4/node_modules/effect/dist/cjs/internal/stm/stmState.js                                                                                           2.0kb    0.0%
   ├ ../../node_modules/.pnpm/effect@3.18.4/node_modules/effect/dist/cjs/Exit.js                                                                                                            2.0kb    0.0%
   ├ ../../node_modules/.pnpm/effect@3.18.4/node_modules/effect/dist/cjs/TMap.js                                                                                                            2.0kb    0.0%
   ├ ../../node_modules/.pnpm/effect@3.18.4/node_modules/effect/dist/cjs/internal/stm/tSemaphore.js                                                                                         2.0kb    0.0%
   ├ ../../node_modules/.pnpm/@prisma+language-server@6.19.0-hotfix.1_magicast@0.3.5/node_modules/@prisma/language-server/dist/lib/code-actions/index.js                                    2.0kb    0.0%
   ├ ../../node_modules/.pnpm/effect@3.18.4/node_modules/effect/dist/cjs/Data.js                                                                                                            2.0kb    0.0%
   ├ ../../node_modules/.pnpm/effect@3.18.4/node_modules/effect/dist/cjs/HashMap.js                                                                                                         2.0kb    0.0%
   ├ ../../node_modules/.pnpm/effect@3.18.4/node_modules/effect/dist/cjs/internal/metric/key.js                                                                                             2.0kb    0.0%
   ├ ../../node_modules/.pnpm/fast-check@3.23.2/node_modules/fast-check/lib/arbitrary/_internals/builders/AnyArbitraryBuilder.js                                                            2.0kb    0.0%
   ├ ../../node_modules/.pnpm/effect@3.18.4/node_modules/effect/dist/cjs/internal/schema/schemaId.js                                                                                        2.0kb    0.0%
   ├ ../../node_modules/.pnpm/effect@3.18.4/node_modules/effect/dist/cjs/Config.js                                                                                                          2.0kb    0.0%
   ├ ../../node_modules/.pnpm/effect@3.18.4/node_modules/effect/dist/cjs/internal/subscriptionRef.js                                                                                        2.0kb    0.0%
   ├ ../../node_modules/.pnpm/effect@3.18.4/node_modules/effect/dist/cjs/internal/effectable.js                                                                                             2.0kb    0.0%
   ├ ../../node_modules/.pnpm/fast-check@3.23.2/node_modules/fast-check/lib/check/runner/Runner.js                                                                                          2.0kb    0.0%
   ├ ../../node_modules/.pnpm/effect@3.18.4/node_modules/effect/dist/cjs/Hash.js                                                                                                            1.9kb    0.0%
   ├ ../../node_modules/.pnpm/effect@3.18.4/node_modules/effect/dist/cjs/internal/fiberStatus.js                                                                                            1.9kb    0.0%
   ├ ../../node_modules/.pnpm/@prisma+language-server@6.19.0-hotfix.1_magicast@0.3.5/node_modules/@prisma/language-server/dist/lib/ast/findAtPosition.js                                    1.9kb    0.0%
   ├ ../../node_modules/.pnpm/effect@3.18.4/node_modules/effect/dist/cjs/Queue.js                                                                                                           1.9kb    0.0%
   ├ ../../node_modules/.pnpm/@prisma+language-server@6.19.0-hotfix.1_magicast@0.3.5/node_modules/@prisma/language-server/dist/lib/validations.js                                           1.9kb    0.0%
   ├ ../../node_modules/.pnpm/effect@3.18.4/node_modules/effect/dist/cjs/internal/either.js                                                                                                 1.9kb    0.0%
   ├ ../../node_modules/.pnpm/effect@3.18.4/node_modules/effect/dist/cjs/internal/differ/hashSetPatch.js                                                                                    1.9kb    0.0%
   ├ ../../node_modules/.pnpm/fast-check@3.23.2/node_modules/fast-check/lib/arbitrary/_internals/MixedCaseArbitrary.js                                                                      1.9kb    0.0%
   ├ ../../node_modules/.pnpm/effect@3.18.4/node_modules/effect/dist/cjs/MutableRef.js                                                                                                      1.9kb    0.0%
   ├ ../../node_modules/.pnpm/effect@3.18.4/node_modules/effect/dist/cjs/Equal.js                                                                                                           1.9kb    0.0%
   ├ ../../node_modules/.pnpm/effect@3.18.4/node_modules/effect/dist/cjs/internal/reloadable.js                                                                                             1.9kb    0.0%
   ├ ../../node_modules/.pnpm/effect@3.18.4/node_modules/effect/dist/cjs/internal/stream/emit.js                                                                                            1.9kb    0.0%
   ├ ../../node_modules/.pnpm/effect@3.18.4/node_modules/effect/dist/cjs/Runtime.js                                                                                                         1.8kb    0.0%
   ├ ../../node_modules/.pnpm/effect@3.18.4/node_modules/effect/dist/cjs/internal/supervisor/patch.js                                                                                       1.8kb    0.0%
   ├ ../../node_modules/.pnpm/pure-rand@6.1.0/node_modules/pure-rand/lib/distribution/internals/ArrayInt.js                                                                                 1.8kb    0.0%
   ├ ../../node_modules/.pnpm/fast-check@3.23.2/node_modules/fast-check/lib/arbitrary/_internals/mappers/EntitiesToIPv6.js                                                                  1.8kb    0.0%
   ├ ../../node_modules/.pnpm/effect@3.18.4/node_modules/effect/dist/cjs/internal/metric/polling.js                                                                                         1.8kb    0.0%
   ├ ../../node_modules/.pnpm/vscode-jsonrpc@8.1.0/node_modules/vscode-jsonrpc/lib/common/messageBuffer.js                                                                                  1.8kb    0.0%
   ├ ../../node_modules/.pnpm/effect@3.18.4/node_modules/effect/dist/cjs/SynchronizedRef.js                                                                                                 1.8kb    0.0%
   ├ ../../node_modules/.pnpm/effect@3.18.4/node_modules/effect/dist/cjs/internal/clock.js                                                                                                  1.8kb    0.0%
   ├ ../../node_modules/.pnpm/effect@3.18.4/node_modules/effect/dist/cjs/internal/fiberRefs/patch.js                                                                                        1.8kb    0.0%
   ├ ../../node_modules/.pnpm/fast-check@3.23.2/node_modules/fast-check/lib/arbitrary/_internals/helpers/SanitizeRegexAst.js                                                                1.8kb    0.0%
   ├ ../../node_modules/.pnpm/fast-check@3.23.2/node_modules/fast-check/lib/check/property/AsyncProperty.generic.js                                                                         1.8kb    0.0%
   ├ ../../node_modules/.pnpm/effect@3.18.4/node_modules/effect/dist/cjs/TestAnnotation.js                                                                                                  1.8kb    0.0%
   ├ ../../node_modules/.pnpm/vscode-jsonrpc@8.1.0/node_modules/vscode-jsonrpc/lib/common/events.js                                                                                         1.8kb    0.0%
   ├ ../../node_modules/.pnpm/fast-check@3.23.2/node_modules/fast-check/lib/arbitrary/_internals/SubarrayArbitrary.js                                                                       1.8kb    0.0%
   ├ ../../node_modules/.pnpm/effect@3.18.4/node_modules/effect/dist/cjs/internal/defaultServices/console.js                                                                                1.7kb    0.0%
   ├ ../../node_modules/.pnpm/effect@3.18.4/node_modules/effect/dist/cjs/internal/stream/handoff.js                                                                                         1.7kb    0.0%
   ├ ../../node_modules/.pnpm/vscode-languageserver-protocol@3.17.3/node_modules/vscode-languageserver-protocol/lib/common/protocol.fileOperations.js                                       1.7kb    0.0%
   ├ ../../node_modules/.pnpm/effect@3.18.4/node_modules/effect/dist/cjs/SubscriptionRef.js                                                                                                 1.7kb    0.0%
   ├ ../../node_modules/.pnpm/fast-check@3.23.2/node_modules/fast-check/lib/arbitrary/ipV6.js                                                                                               1.7kb    0.0%
   ├ ../../node_modules/.pnpm/effect@3.18.4/node_modules/effect/dist/cjs/internal/schedule/interval.js                                                                                      1.7kb    0.0%
   ├ ../../node_modules/.pnpm/effect@3.18.4/node_modules/effect/dist/cjs/Trie.js                                                                                                            1.7kb    0.0%
   ├ ../../node_modules/.pnpm/effect@3.18.4/node_modules/effect/dist/cjs/internal/stm/journal.js                                                                                            1.7kb    0.0%
   ├ ../../node_modules/.pnpm/effect@3.18.4/node_modules/effect/dist/cjs/internal/rateLimiter.js                                                                                            1.7kb    0.0%
   ├ ../../node_modules/.pnpm/effect@3.18.4/node_modules/effect/dist/cjs/RequestResolver.js                                                                                                 1.7kb    0.0%
   ├ ../../node_modules/.pnpm/effect@3.18.4/node_modules/effect/dist/cjs/internal/scopedRef.js                                                                                              1.7kb    0.0%
   ├ ../../node_modules/.pnpm/effect@3.18.4/node_modules/effect/dist/cjs/TSet.js                                                                                                            1.7kb    0.0%
   ├ ../../node_modules/.pnpm/fast-check@3.23.2/node_modules/fast-check/lib/arbitrary/sparseArray.js                                                                                        1.6kb    0.0%
   ├ ../../node_modules/.pnpm/effect@3.18.4/node_modules/effect/dist/cjs/Brand.js                                                                                                           1.6kb    0.0%
   ├ ../../node_modules/.pnpm/fast-check@3.23.2/node_modules/fast-check/lib/arbitrary/_internals/mappers/WordsToLorem.js                                                                    1.6kb    0.0%
   ├ ../../node_modules/.pnpm/@prisma+language-server@6.19.0-hotfix.1_magicast@0.3.5/node_modules/@prisma/language-server/dist/lib/completions/internals.js                                 1.6kb    0.0%
   ├ ../../node_modules/.pnpm/fast-check@3.23.2/node_modules/fast-check/lib/arbitrary/_internals/helpers/MaxLengthFromMinLength.js                                                          1.6kb    0.0%
   ├ ../../node_modules/.pnpm/@prisma+language-server@6.19.0-hotfix.1_magicast@0.3.5/node_modules/@prisma/language-server/dist/lib/completions/datasource.js                                1.6kb    0.0%
   ├ ../../node_modules/.pnpm/effect@3.18.4/node_modules/effect/dist/cjs/TQueue.js                                                                                                          1.6kb    0.0%
   ├ ../../node_modules/.pnpm/fast-check@3.23.2/node_modules/fast-check/lib/check/property/Property.generic.js                                                                              1.6kb    0.0%
   ├ ../../node_modules/.pnpm/effect@3.18.4/node_modules/effect/dist/cjs/internal/channel/channelState.js                                                                                   1.6kb    0.0%
   ├ ../../node_modules/.pnpm/fast-check@3.23.2/node_modules/fast-check/lib/arbitrary/_internals/helpers/ArrayInt64.js                                                                      1.6kb    0.0%
   ├ ../../node_modules/.pnpm/effect@3.18.4/node_modules/effect/dist/cjs/internal/synchronizedRef.js                                                                                        1.6kb    0.0%
   ├ ../../node_modules/.pnpm/c12@3.1.0_magicast@0.3.5/node_modules/c12/dist/index.mjs                                                                                                      1.6kb    0.0%
   ├ ../../node_modules/.pnpm/effect@3.18.4/node_modules/effect/dist/cjs/LogLevel.js                                                                                                        1.6kb    0.0%
   ├ ../../node_modules/.pnpm/effect@3.18.4/node_modules/effect/dist/cjs/Inspectable.js                                                                                                     1.6kb    0.0%
   ├ ../../node_modules/.pnpm/effect@3.18.4/node_modules/effect/dist/cjs/internal/executionPlan.js                                                                                          1.5kb    0.0%
   ├ ../../node_modules/.pnpm/effect@3.18.4/node_modules/effect/dist/cjs/Deferred.js                                                                                                        1.5kb    0.0%
   ├ ../../node_modules/.pnpm/effect@3.18.4/node_modules/effect/dist/cjs/internal/option.js                                                                                                 1.5kb    0.0%
   ├ ../../node_modules/.pnpm/vscode-languageserver-protocol@3.17.3/node_modules/vscode-languageserver-protocol/lib/common/protocol.semanticTokens.js                                       1.5kb    0.0%
   ├ ../../node_modules/.pnpm/confbox@0.2.2/node_modules/confbox/dist/shared/confbox.DA7CpUDY.mjs                                                                                           1.5kb    0.0%
   ├ ../../node_modules/.pnpm/effect@3.18.4/node_modules/effect/dist/cjs/HashSet.js                                                                                                         1.5kb    0.0%
   ├ ../../node_modules/.pnpm/effect@3.18.4/node_modules/effect/dist/cjs/internal/channel/mergeState.js                                                                                     1.5kb    0.0%
   ├ ../../node_modules/.pnpm/effect@3.18.4/node_modules/effect/dist/cjs/MetricKeyType.js                                                                                                   1.5kb    0.0%
   ├ ../../node_modules/.pnpm/effect@3.18.4/node_modules/effect/dist/cjs/MetricState.js                                                                                                     1.5kb    0.0%
   ├ ../../node_modules/.pnpm/fs-extra@11.3.0/node_modules/fs-extra/lib/fs/index.js                                                                                                         1.5kb    0.0%
   ├ ../../node_modules/.pnpm/effect@3.18.4/node_modules/effect/dist/cjs/TestAnnotations.js                                                                                                 1.5kb    0.0%
   ├ ../../node_modules/.pnpm/graceful-fs@4.2.11/node_modules/graceful-fs/legacy-streams.js                                                                                                 1.5kb    0.0%
   ├ ../../node_modules/.pnpm/effect@3.18.4/node_modules/effect/dist/cjs/Differ.js                                                                                                          1.5kb    0.0%
   ├ ../../node_modules/.pnpm/effect@3.18.4/node_modules/effect/dist/cjs/internal/channel/upstreamPullStrategy.js                                                                           1.5kb    0.0%
   ├ ../../node_modules/.pnpm/effect@3.18.4/node_modules/effect/dist/cjs/internal/configProvider/pathPatch.js                                                                               1.5kb    0.0%
   ├ ../../node_modules/.pnpm/effect@3.18.4/node_modules/effect/dist/cjs/MutableHashSet.js                                                                                                  1.5kb    0.0%
   ├ ../../node_modules/.pnpm/effect@3.18.4/node_modules/effect/dist/cjs/internal/redacted.js                                                                                               1.5kb    0.0%
   ├ ../../node_modules/.pnpm/effect@3.18.4/node_modules/effect/dist/cjs/internal/metric/boundaries.js                                                                                      1.5kb    0.0%
   ├ ../../node_modules/.pnpm/effect@3.18.4/node_modules/effect/dist/cjs/internal/secret.js                                                                                                 1.5kb    0.0%
   ├ ../../node_modules/.pnpm/effect@3.18.4/node_modules/effect/dist/cjs/TestAnnotationMap.js                                                                                               1.5kb    0.0%
   ├ ../../node_modules/.pnpm/effect@3.18.4/node_modules/effect/dist/cjs/internal/channel/childExecutorDecision.js                                                                          1.5kb    0.0%
   ├ ../../node_modules/.pnpm/fast-check@3.23.2/node_modules/fast-check/lib/check/runner/Sampler.js                                                                                         1.5kb    0.0%
   ├ ../../node_modules/.pnpm/fast-check@3.23.2/node_modules/fast-check/lib/arbitrary/_internals/TupleArbitrary.js                                                                          1.4kb    0.0%
   ├ ../../node_modules/.pnpm/effect@3.18.4/node_modules/effect/dist/cjs/TReentrantLock.js                                                                                                  1.4kb    0.0%
   ├ ../../node_modules/.pnpm/fast-check@3.23.2/node_modules/fast-check/lib/arbitrary/double.js                                                                                             1.4kb    0.0%
   ├ ../../node_modules/.pnpm/effect@3.18.4/node_modules/effect/dist/cjs/Tuple.js                                                                                                           1.4kb    0.0%
   ├ ../../node_modules/.pnpm/effect@3.18.4/node_modules/effect/dist/cjs/internal/ringBuffer.js                                                                                             1.4kb    0.0%
   ├ ../../node_modules/.pnpm/effect@3.18.4/node_modules/effect/dist/cjs/ConfigProvider.js                                                                                                  1.4kb    0.0%
   ├ ../../node_modules/.pnpm/effect@3.18.4/node_modules/effect/dist/cjs/Request.js                                                                                                         1.4kb    0.0%
   ├ ../../node_modules/.pnpm/effect@3.18.4/node_modules/effect/dist/cjs/ConfigError.js                                                                                                     1.4kb    0.0%
   ├ ../../node_modules/.pnpm/@prisma+language-server@6.19.0-hotfix.1_magicast@0.3.5/node_modules/@prisma/language-server/dist/lib/completions/blocks.js                                    1.4kb    0.0%
   ├ ../../node_modules/.pnpm/destr@2.0.5/node_modules/destr/dist/index.cjs                                                                                                                 1.4kb    0.0%
   ├ ../../node_modules/.pnpm/fast-check@3.23.2/node_modules/fast-check/lib/arbitrary/domain.js                                                                                             1.4kb    0.0%
   ├ ../../node_modules/.pnpm/fast-check@3.23.2/node_modules/fast-check/lib/check/model/ReplayPath.js                                                                                       1.4kb    0.0%
   ├ ../../node_modules/.pnpm/fast-check@3.23.2/node_modules/fast-check/lib/arbitrary/_internals/CloneArbitrary.js                                                                          1.4kb    0.0%
   ├ ../../node_modules/.pnpm/effect@3.18.4/node_modules/effect/dist/cjs/Equivalence.js                                                                                                     1.4kb    0.0%
   ├ ../../node_modules/.pnpm/effect@3.18.4/node_modules/effect/dist/cjs/ExecutionPlan.js                                                                                                   1.4kb    0.0%
   ├ ../../node_modules/.pnpm/fast-check@3.23.2/node_modules/fast-check/lib/arbitrary/_internals/helpers/DoubleHelpers.js                                                                   1.4kb    0.0%
   ├ ../../node_modules/.pnpm/effect@3.18.4/node_modules/effect/dist/cjs/Console.js                                                                                                         1.4kb    0.0%
   ├ ../../node_modules/.pnpm/fast-check@3.23.2/node_modules/fast-check/lib/arbitrary/_internals/BigIntArbitrary.js                                                                         1.4kb    0.0%
   ├ ../../node_modules/.pnpm/vscode-languageserver@8.1.0/node_modules/vscode-languageserver/lib/common/utils/uuid.js                                                                       1.4kb    0.0%
   ├ ../../node_modules/.pnpm/fast-check@3.23.2/node_modules/fast-check/lib/arbitrary/_internals/IntegerArbitrary.js                                                                        1.4kb    0.0%
   ├ ../../node_modules/.pnpm/fast-check@3.23.2/node_modules/fast-check/lib/arbitrary/_internals/mappers/ValuesAndSeparateKeysToObject.js                                                   1.4kb    0.0%
   ├ ../../node_modules/.pnpm/effect@3.18.4/node_modules/effect/dist/cjs/internal/channel/upstreamPullRequest.js                                                                            1.4kb    0.0%
   ├ ../../node_modules/.pnpm/effect@3.18.4/node_modules/effect/dist/cjs/TSubscriptionRef.js                                                                                                1.3kb    0.0%
   ├ ../../node_modules/.pnpm/vscode-jsonrpc@8.1.0/node_modules/vscode-jsonrpc/lib/common/cancellation.js                                                                                   1.3kb    0.0%
   ├ ../../node_modules/.pnpm/dotenv@16.6.1/node_modules/dotenv/package.json                                                                                                                1.3kb    0.0%
   ├ ../../node_modules/.pnpm/effect@3.18.4/node_modules/effect/dist/cjs/internal/channel/mergeStrategy.js                                                                                  1.3kb    0.0%
   ├ ../../node_modules/.pnpm/fast-check@3.23.2/node_modules/fast-check/lib/arbitrary/float.js                                                                                              1.3kb    0.0%
   ├ ../../node_modules/.pnpm/effect@3.18.4/node_modules/effect/dist/cjs/Context.js                                                                                                         1.3kb    0.0%
   ├ ../../node_modules/.pnpm/effect@3.18.4/node_modules/effect/dist/cjs/internal/stream/haltStrategy.js                                                                                    1.3kb    0.0%
   ├ ../../node_modules/.pnpm/effect@3.18.4/node_modules/effect/dist/cjs/internal/stm/tDeferred.js                                                                                          1.3kb    0.0%
   ├ ../../node_modules/.pnpm/ohash@2.0.11/node_modules/ohash/dist/utils/index.mjs                                                                                                          1.3kb    0.0%
   ├ ../../node_modules/.pnpm/pure-rand@6.1.0/node_modules/pure-rand/lib/pure-rand-default.js                                                                                               1.3kb    0.0%
   ├ ../../node_modules/.pnpm/pure-rand@6.1.0/node_modules/pure-rand/lib/generator/XorShift.js                                                                                              1.3kb    0.0%
   ├ ../../node_modules/.pnpm/vscode-languageserver-protocol@3.17.3/node_modules/vscode-languageserver-protocol/lib/common/protocol.diagnostic.js                                           1.3kb    0.0%
   ├ ../../node_modules/.pnpm/effect@3.18.4/node_modules/effect/dist/cjs/internal/resource.js                                                                                               1.3kb    0.0%
   ├ ../../node_modules/.pnpm/effect@3.18.4/node_modules/effect/dist/cjs/TPriorityQueue.js                                                                                                  1.3kb    0.0%
   ├ ../../node_modules/.pnpm/effect@3.18.4/node_modules/effect/dist/cjs/Boolean.js                                                                                                         1.3kb    0.0%
   ├ ../../node_modules/.pnpm/fast-check@3.23.2/node_modules/fast-check/lib/arbitrary/_internals/implementations/SlicedBasedGenerator.js                                                    1.3kb    0.0%
   ├ ../../node_modules/.pnpm/pure-rand@6.1.0/node_modules/pure-rand/lib/generator/XoroShiro.js                                                                                             1.3kb    0.0%
   ├ ../../node_modules/.pnpm/@prisma+language-server@6.19.0-hotfix.1_magicast@0.3.5/node_modules/@prisma/language-server/package.json                                                      1.2kb    0.0%
   ├ ../../node_modules/.pnpm/effect@3.18.4/node_modules/effect/dist/cjs/Take.js                                                                                                            1.2kb    0.0%
   ├ ../../node_modules/.pnpm/effect@3.18.4/node_modules/effect/dist/cjs/TPubSub.js                                                                                                         1.2kb    0.0%
   ├ ../../node_modules/.pnpm/effect@3.18.4/node_modules/effect/dist/cjs/FiberId.js                                                                                                         1.2kb    0.0%
   ├ ../../node_modules/.pnpm/effect@3.18.4/node_modules/effect/dist/cjs/Subscribable.js                                                                                                    1.2kb    0.0%
   ├ ../../node_modules/.pnpm/effect@3.18.4/node_modules/effect/dist/cjs/RuntimeFlagsPatch.js                                                                                               1.2kb    0.0%
   ├ ../../node_modules/.pnpm/effect@3.18.4/node_modules/effect/dist/cjs/internal/channel/mergeDecision.js                                                                                  1.2kb    0.0%
   ├ ../../node_modules/.pnpm/fast-check@3.23.2/node_modules/fast-check/lib/arbitrary/webAuthority.js                                                                                       1.2kb    0.0%
   ├ ../../node_modules/.pnpm/effect@3.18.4/node_modules/effect/dist/cjs/Ref.js                                                                                                             1.2kb    0.0%
   ├ ../../node_modules/.pnpm/effect@3.18.4/node_modules/effect/dist/cjs/Struct.js                                                                                                          1.2kb    0.0%
   ├ ../../node_modules/.pnpm/effect@3.18.4/node_modules/effect/dist/cjs/internal/channel/continuation.js                                                                                   1.2kb    0.0%
   ├ ../../node_modules/.pnpm/effect@3.18.4/node_modules/effect/dist/cjs/internal/stm/entry.js                                                                                              1.2kb    0.0%
   ├ ../../node_modules/.pnpm/fast-check@3.23.2/node_modules/fast-check/lib/arbitrary/_internals/builders/CharacterRangeArbitraryBuilder.js                                                 1.2kb    0.0%
   ├ ../../node_modules/.pnpm/vscode-jsonrpc@8.1.0/node_modules/vscode-jsonrpc/lib/common/sharedArrayCancellation.js                                                                        1.2kb    0.0%
   ├ ../../node_modules/.pnpm/effect@3.18.4/node_modules/effect/dist/cjs/Supervisor.js                                                                                                      1.2kb    0.0%
   ├ ../../node_modules/.pnpm/@prisma+language-server@6.19.0-hotfix.1_magicast@0.3.5/node_modules/@prisma/language-server/dist/lib/prisma-schema-wasm/internals.js                          1.2kb    0.0%
   ├ ../../node_modules/.pnpm/fast-check@3.23.2/node_modules/fast-check/lib/arbitrary/_internals/mappers/KeyValuePairsToObject.js                                                           1.2kb    0.0%
   ├ ../../node_modules/.pnpm/effect@3.18.4/node_modules/effect/dist/cjs/TRef.js                                                                                                            1.2kb    0.0%
   ├ ../../node_modules/.pnpm/effect@3.18.4/node_modules/effect/dist/cjs/internal/string-utils.js                                                                                           1.1kb    0.0%
   ├ ../../node_modules/.pnpm/fast-check@3.23.2/node_modules/fast-check/lib/check/property/SkipAfterProperty.js                                                                             1.1kb    0.0%
   ├ ../../node_modules/.pnpm/effect@3.18.4/node_modules/effect/dist/cjs/internal/fiberScope.js                                                                                             1.1kb    0.0%
   ├ ../../node_modules/.pnpm/effect@3.18.4/node_modules/effect/dist/cjs/TSemaphore.js                                                                                                      1.1kb    0.0%
   ├ ../../node_modules/.pnpm/effect@3.18.4/node_modules/effect/dist/cjs/Effectable.js                                                                                                      1.1kb    0.0%
   ├ ../../node_modules/.pnpm/effect@3.18.4/node_modules/effect/dist/cjs/PubSub.js                                                                                                          1.1kb    0.0%
   ├ ../../node_modules/.pnpm/vscode-languageserver@8.1.0/node_modules/vscode-languageserver/lib/common/workspaceFolder.js                                                                  1.1kb    0.0%
   ├ ../../node_modules/.pnpm/fast-check@3.23.2/node_modules/fast-check/lib/arbitrary/func.js                                                                                               1.1kb    0.0%
   ├ ../../node_modules/.pnpm/vscode-languageserver@8.1.0/node_modules/vscode-languageserver/lib/common/api.js                                                                              1.1kb    0.0%
   ├ ../../node_modules/.pnpm/fast-check@3.23.2/node_modules/fast-check/lib/arbitrary/_internals/ConstantArbitrary.js                                                                       1.1kb    0.0%
   ├ ../../node_modules/.pnpm/effect@3.18.4/node_modules/effect/dist/cjs/internal/metric/label.js                                                                                           1.1kb    0.0%
   ├ ../../node_modules/.pnpm/fast-check@3.23.2/node_modules/fast-check/lib/arbitrary/_internals/mappers/UintToBase32String.js                                                              1.1kb    0.0%
   ├ ../../node_modules/.pnpm/fast-check@3.23.2/node_modules/fast-check/lib/stream/Stream.js                                                                                                1.0kb    0.0%
   ├ ../../node_modules/.pnpm/effect@3.18.4/node_modules/effect/dist/cjs/internal/encoding/base64Url.js                                                                                     1.0kb    0.0%
   ├ ../../node_modules/.pnpm/fast-check@3.23.2/node_modules/fast-check/lib/arbitrary/_internals/helpers/QualifiedObjectConstraints.js                                                      1.0kb    0.0%
   ├ ../../node_modules/.pnpm/effect@3.18.4/node_modules/effect/dist/cjs/Random.js                                                                                                          1.0kb    0.0%
   ├ ../../node_modules/.pnpm/effect@3.18.4/node_modules/effect/dist/cjs/Readable.js                                                                                                        1.0kb    0.0%
   ├ ../../node_modules/.pnpm/effect@3.18.4/node_modules/effect/dist/cjs/internal/data.js                                                                                                   1.0kb    0.0%
   ├ ../../node_modules/.pnpm/effect@3.18.4/node_modules/effect/dist/cjs/UpstreamPullStrategy.js                                                                                            1.0kb    0.0%
   ├ ../../node_modules/.pnpm/effect@3.18.4/node_modules/effect/dist/cjs/FiberRefs.js                                                                                                       1.0kb    0.0%
   ├ ../../node_modules/.pnpm/effect@3.18.4/node_modules/effect/dist/cjs/TestContext.js                                                                                                     1.0kb    0.0%
   ├ ../../node_modules/.pnpm/fast-check@3.23.2/node_modules/fast-check/lib/arbitrary/_internals/helpers/SlicesForStringBuilder.js                                                          1.0kb    0.0%
   ├ ../../node_modules/.pnpm/effect@3.18.4/node_modules/effect/dist/cjs/internal/stream/pull.js                                                                                            1.0kb    0.0%
   ├ ../../node_modules/.pnpm/effect@3.18.4/node_modules/effect/dist/cjs/Scope.js                                                                                                           1.0kb    0.0%
   ├ ../../node_modules/.pnpm/effect@3.18.4/node_modules/effect/dist/cjs/internal/concurrency.js                                                                                            1.0kb    0.0%
   ├ ../../node_modules/.pnpm/fast-check@3.23.2/node_modules/fast-check/lib/arbitrary/_internals/helpers/FloatHelpers.js                                                                    1.0kb    0.0%
   ├ ../../node_modules/.pnpm/fast-check@3.23.2/node_modules/fast-check/lib/arbitrary/uuid.js                                                                                               1.0kb    0.0%
   ├ ../../node_modules/.pnpm/effect@3.18.4/node_modules/effect/dist/cjs/ScheduleInterval.js                                                                                                1.0kb    0.0%
   ├ ../../node_modules/.pnpm/effect@3.18.4/node_modules/effect/dist/cjs/TestSized.js                                                                                                      1019b     0.0%
   ├ ../../node_modules/.pnpm/node-fetch-native@1.6.7/node_modules/node-fetch-native/dist/index.cjs                                                                                        1017b     0.0%
   ├ ../../node_modules/.pnpm/effect@3.18.4/node_modules/effect/dist/cjs/Mailbox.js                                                                                                        1015b     0.0%
   ├ ../../node_modules/.pnpm/effect@3.18.4/node_modules/effect/dist/cjs/ChildExecutorDecision.js                                                                                          1012b     0.0%
   ├ ../../node_modules/.pnpm/effect@3.18.4/node_modules/effect/dist/cjs/MergeState.js                                                                                                     1006b     0.0%
   ├ ../../node_modules/.pnpm/fast-check@3.23.2/node_modules/fast-check/lib/arbitrary/_internals/builders/CompareFunctionArbitraryBuilder.js                                               1006b     0.0%
   ├ ../../node_modules/.pnpm/fast-check@3.23.2/node_modules/fast-check/lib/arbitrary/_internals/mappers/IndexToMappedConstant.js                                                          1006b     0.0%
   ├ ../../node_modules/.pnpm/fast-check@3.23.2/node_modules/fast-check/lib/arbitrary/_internals/WithShrinkFromOtherArbitrary.js                                                           1000b     0.0%
   ├ ../../node_modules/.pnpm/fast-check@3.23.2/node_modules/fast-check/lib/arbitrary/_internals/builders/TypedIntArrayArbitraryBuilder.js                                                  997b     0.0%
   ├ ../../node_modules/.pnpm/vscode-languageserver-protocol@3.17.3/node_modules/vscode-languageserver-protocol/lib/common/api.js                                                           993b     0.0%
   ├ ../../node_modules/.pnpm/defu@6.1.4/node_modules/defu/dist/defu.cjs                                                                                                                    991b     0.0%
   ├ ../../node_modules/.pnpm/fast-check@3.23.2/node_modules/fast-check/lib/arbitrary/uniqueArray.js                                                                                        990b     0.0%
   ├ ../../node_modules/.pnpm/effect@3.18.4/node_modules/effect/dist/cjs/ScheduleIntervals.js                                                                                               989b     0.0%
   ├ ../../node_modules/.pnpm/effect@3.18.4/node_modules/effect/dist/cjs/internal/runtimeFlagsPatch.js                                                                                      986b     0.0%
   ├ ../../node_modules/.pnpm/fast-check@3.23.2/node_modules/fast-check/lib/check/property/TimeoutProperty.js                                                                               982b     0.0%
   ├ ../../node_modules/.pnpm/effect@3.18.4/node_modules/effect/dist/cjs/MetricKey.js                                                                                                       976b     0.0%
   ├ ../../node_modules/.pnpm/effect@3.18.4/node_modules/effect/dist/cjs/MergeStrategy.js                                                                                                   967b     0.0%
   ├ ../../node_modules/.pnpm/fast-check@3.23.2/node_modules/fast-check/lib/random/generator/Random.js                                                                                      963b     0.0%
   ├ ../../node_modules/.pnpm/vscode-jsonrpc@8.1.0/node_modules/vscode-jsonrpc/lib/common/semaphore.js                                                                                      961b     0.0%
   ├ ../../node_modules/.pnpm/effect@3.18.4/node_modules/effect/dist/cjs/internal/schedule/decision.js                                                                                      956b     0.0%
   ├ ../../node_modules/.pnpm/effect@3.18.4/node_modules/effect/dist/cjs/UpstreamPullRequest.js                                                                                             950b     0.0%
   ├ ../../node_modules/.pnpm/fast-check@3.23.2/node_modules/fast-check/lib/arbitrary/_internals/LimitedShrinkArbitrary.js                                                                  948b     0.0%
   ├ ../../node_modules/.pnpm/fast-check@3.23.2/node_modules/fast-check/lib/check/property/IgnoreEqualValuesProperty.js                                                                     941b     0.0%
   ├ ../../node_modules/.pnpm/effect@3.18.4/node_modules/effect/dist/cjs/MetricHook.js                                                                                                      940b     0.0%
   ├ ../../node_modules/.pnpm/fast-check@3.23.2/node_modules/fast-check/lib/arbitrary/record.js                                                                                             940b     0.0%
   ├ ../../node_modules/.pnpm/effect@3.18.4/node_modules/effect/dist/cjs/TRandom.js                                                                                                         937b     0.0%
   ├ ../../node_modules/.pnpm/effect@3.18.4/node_modules/effect/dist/cjs/FiberStatus.js                                                                                                     932b     0.0%
   ├ ../../node_modules/.pnpm/fast-check@3.23.2/node_modules/fast-check/lib/arbitrary/emailAddress.js                                                                                       932b     0.0%
   ├ ../../node_modules/.pnpm/jsonfile@6.2.0/node_modules/jsonfile/index.js                                                                                                                 929b     0.0%
   ├ ../../node_modules/.pnpm/vscode-languageserver-protocol@3.17.3/node_modules/vscode-languageserver-protocol/lib/common/protocol.callHierarchy.js                                        929b     0.0%
   ├ ../../node_modules/.pnpm/effect@3.18.4/node_modules/effect/dist/cjs/TestLive.js                                                                                                        922b     0.0%
   ├ ../../node_modules/.pnpm/fast-check@3.23.2/node_modules/fast-check/lib/check/runner/RunnerIterator.js                                                                                  922b     0.0%
   ├ ../../node_modules/.pnpm/klona@2.0.6/node_modules/klona/dist/index.js                                                                                                                  922b     0.0%
   ├ ../../node_modules/.pnpm/effect@3.18.4/node_modules/effect/dist/cjs/Tracer.js                                                                                                          919b     0.0%
   ├ ../../node_modules/.pnpm/effect@3.18.4/node_modules/effect/dist/cjs/StreamHaltStrategy.js                                                                                              917b     0.0%
   ├ ../../node_modules/.pnpm/fast-check@3.23.2/node_modules/fast-check/lib/arbitrary/_internals/StreamArbitrary.js                                                                         910b     0.0%
   ├ ../../node_modules/.pnpm/effect@3.18.4/node_modules/effect/dist/cjs/Clock.js                                                                                                           908b     0.0%
   ├ ../../node_modules/.pnpm/vscode-languageserver-protocol@3.17.3/node_modules/vscode-languageserver-protocol/lib/common/messages.js                                                      907b     0.0%
   ├ ../../node_modules/.pnpm/effect@3.18.4/node_modules/effect/dist/cjs/Reloadable.js                                                                                                      901b     0.0%
   ├ ../../node_modules/.pnpm/effect@3.18.4/node_modules/effect/dist/cjs/MetricPolling.js                                                                                                   897b     0.0%
   ├ ../../node_modules/.pnpm/vscode-languageserver-protocol@3.17.3/node_modules/vscode-languageserver-protocol/lib/common/protocol.typeHierarchy.js                                        897b     0.0%
   ├ ../../node_modules/.pnpm/effect@3.18.4/node_modules/effect/dist/cjs/Cache.js                                                                                                           882b     0.0%
   ├ ../../node_modules/.pnpm/effect@3.18.4/node_modules/effect/dist/cjs/ExecutionStrategy.js                                                                                               882b     0.0%
   ├ ../../node_modules/.pnpm/effect@3.18.4/node_modules/effect/dist/cjs/KeyedPool.js                                                                                                       881b     0.0%
   ├ ../../node_modules/.pnpm/fast-check@3.23.2/node_modules/fast-check/lib/arbitrary/_internals/helpers/ToggleFlags.js                                                                     881b     0.0%
   ├ ../../node_modules/.pnpm/effect@3.18.4/node_modules/effect/dist/cjs/Redacted.js                                                                                                        880b     0.0%
   ├ ../../node_modules/.pnpm/fast-check@3.23.2/node_modules/fast-check/lib/arbitrary/base64String.js                                                                                       875b     0.0%
   ├ ../../node_modules/.pnpm/effect@3.18.4/node_modules/effect/dist/cjs/Pipeable.js                                                                                                        874b     0.0%
   ├ ../../node_modules/.pnpm/effect@3.18.4/node_modules/effect/dist/cjs/Secret.js                                                                                                          872b     0.0%
   ├ ../../node_modules/.pnpm/fast-check@3.23.2/node_modules/fast-check/lib/arbitrary/_internals/StringUnitArbitrary.js                                                                     866b     0.0%
   ├ ../../node_modules/.pnpm/effect@3.18.4/node_modules/effect/dist/cjs/MetricBoundaries.js                                                                                                863b     0.0%
   ├ ../../node_modules/.pnpm/fs-extra@11.3.0/node_modules/fs-extra/lib/ensure/symlink-paths.js                                                                                             860b     0.0%
   ├ ../../node_modules/.pnpm/fs-extra@11.3.0/node_modules/fs-extra/lib/ensure/symlink.js                                                                                                   860b     0.0%
   ├ ../../node_modules/.pnpm/effect@3.18.4/node_modules/effect/dist/cjs/internal/deferred.js                                                                                               858b     0.0%
   ├ ../../node_modules/.pnpm/effect@3.18.4/node_modules/effect/dist/cjs/MergeDecision.js                                                                                                   846b     0.0%
   ├ ../../node_modules/.pnpm/effect@3.18.4/node_modules/effect/dist/cjs/internal/logger-circular.js                                                                                        845b     0.0%
   ├ ../../node_modules/.pnpm/effect@3.18.4/node_modules/effect/dist/cjs/internal/encoding/common.js                                                                                        844b     0.0%
   ├ ../../node_modules/.pnpm/fast-check@3.23.2/node_modules/fast-check/lib/arbitrary/ipV4Extended.js                                                                                       835b     0.0%
   ├ ../../node_modules/.pnpm/vscode-languageserver-protocol@3.17.3/node_modules/vscode-languageserver-protocol/lib/common/protocol.progress.js                                             831b     0.0%
   ├ ../../node_modules/.pnpm/fast-check@3.23.2/node_modules/fast-check/lib/arbitrary/_internals/GeneratorArbitrary.js                                                                      828b     0.0%
   ├ ../../node_modules/.pnpm/pure-rand@6.1.0/node_modules/pure-rand/lib/generator/LinearCongruential.js                                                                                    825b     0.0%
   ├ ../../node_modules/.pnpm/fast-check@3.23.2/node_modules/fast-check/lib/arbitrary/webUrl.js                                                                                             824b     0.0%
   ├ ../../node_modules/.pnpm/effect@3.18.4/node_modules/effect/dist/cjs/RequestBlock.js                                                                                                    822b     0.0%
   ├ ../../node_modules/.pnpm/js-levenshtein@1.1.6/node_modules/js-levenshtein/index.js                                                                                                     822b     0.0%
   ├ ../../node_modules/.pnpm/effect@3.18.4/node_modules/effect/dist/cjs/TDeferred.js                                                                                                       819b     0.0%
   ├ ../../node_modules/.pnpm/vscode-languageserver-protocol@3.17.3/node_modules/vscode-languageserver-protocol/lib/common/protocol.inlayHint.js                                            816b     0.0%
   ├ ../../node_modules/.pnpm/effect@3.18.4/node_modules/effect/dist/cjs/Pool.js                                                                                                            805b     0.0%
   ├ ../../node_modules/.pnpm/effect@3.18.4/node_modules/effect/dist/cjs/internal/opCodes/effect.js                                                                                         804b     0.0%
   ├ ../../node_modules/.pnpm/fast-check@3.23.2/node_modules/fast-check/lib/arbitrary/_internals/helpers/DoubleOnlyHelpers.js                                                               795b     0.0%
   ├ ../../node_modules/.pnpm/effect@3.18.4/node_modules/effect/dist/cjs/RcMap.js                                                                                                           794b     0.0%
   ├ ../../node_modules/.pnpm/fast-check@3.23.2/node_modules/fast-check/lib/arbitrary/_internals/builders/GeneratorValueBuilder.js                                                          794b     0.0%
   ├ ../../node_modules/.pnpm/vscode-languageserver@8.1.0/node_modules/vscode-languageserver/lib/common/fileOperations.js                                                                   790b     0.0%
   ├ ../../node_modules/.pnpm/fast-check@3.23.2/node_modules/fast-check/lib/arbitrary/_internals/helpers/FloatOnlyHelpers.js                                                                784b     0.0%
   ├ ../../node_modules/.pnpm/fast-check@3.23.2/node_modules/fast-check/lib/stream/StreamHelpers.js                                                                                         781b     0.0%
   ├ ../../node_modules/.pnpm/fs-extra@11.3.0/node_modules/fs-extra/lib/move/move-sync.js                                                                                                   781b     0.0%
   ├ ../../node_modules/.pnpm/effect@3.18.4/node_modules/effect/dist/cjs/ScheduleDecision.js                                                                                                777b     0.0%
   ├ ../../node_modules/.pnpm/@prisma+language-server@6.19.0-hotfix.1_magicast@0.3.5/node_modules/@prisma/language-server/dist/lib/ast/configBlock.js                                       776b     0.0%
   ├ ../../node_modules/.pnpm/effect@3.18.4/node_modules/effect/dist/cjs/Streamable.js                                                                                                      776b     0.0%
   ├ ../../node_modules/.pnpm/vscode-languageserver-protocol@3.17.3/node_modules/vscode-languageserver-protocol/lib/common/utils/is.js                                                      774b     0.0%
   ├ ../../node_modules/.pnpm/fast-check@3.23.2/node_modules/fast-check/lib/check/model/ModelRunner.js                                                                                      768b     0.0%
   ├ ../../node_modules/.pnpm/effect@3.18.4/node_modules/effect/dist/cjs/GroupBy.js                                                                                                         765b     0.0%
   ├ ../../node_modules/.pnpm/fast-check@3.23.2/node_modules/fast-check/lib/arbitrary/_internals/AdapterArbitrary.js                                                                        765b     0.0%
   ├ ../../node_modules/.pnpm/effect@3.18.4/node_modules/effect/dist/cjs/ScopedRef.js                                                                                                       764b     0.0%
   ├ ../../node_modules/.pnpm/fast-check@3.23.2/node_modules/fast-check/lib/arbitrary/string.js                                                                                             764b     0.0%
   ├ ../../node_modules/.pnpm/fast-check@3.23.2/node_modules/fast-check/lib/arbitrary/_internals/builders/StableArbitraryGeneratorCache.js                                                  760b     0.0%
   ├ ../../node_modules/.pnpm/effect@3.18.4/node_modules/effect/dist/cjs/Resource.js                                                                                                        759b     0.0%
   ├ ../../node_modules/.pnpm/effect@3.18.4/node_modules/effect/dist/cjs/ConfigProviderPathPatch.js                                                                                         756b     0.0%
   ├ ../../node_modules/.pnpm/@prisma+language-server@6.19.0-hotfix.1_magicast@0.3.5/node_modules/@prisma/language-server/dist/lib/ast/index.js                                             752b     0.0%
   ├ ../../node_modules/.pnpm/vscode-languageserver@8.1.0/node_modules/vscode-languageserver/lib/common/utils/is.js                                                                         750b     0.0%
   ├ ../../node_modules/.pnpm/@prisma+language-server@6.19.0-hotfix.1_magicast@0.3.5/node_modules/@prisma/language-server/dist/lib/prisma-schema-wasm/format.js                             747b     0.0%
   ├ ../../node_modules/.pnpm/effect@3.18.4/node_modules/effect/dist/cjs/internal/executionStrategy.js                                                                                      741b     0.0%
   ├ ../../node_modules/.pnpm/fast-check@3.23.2/node_modules/fast-check/lib/arbitrary/date.js                                                                                               741b     0.0%
   ├ ../../node_modules/.pnpm/pure-rand@6.1.0/node_modules/pure-rand/lib/distribution/UnsafeUniformIntDistribution.js                                                                       741b     0.0%
   ├ ../../node_modules/.pnpm/effect@3.18.4/node_modules/effect/dist/cjs/MetricLabel.js                                                                                                     730b     0.0%
   ├ ../../node_modules/.pnpm/fast-check@3.23.2/node_modules/fast-check/lib/arbitrary/_internals/LazyArbitrary.js                                                                           730b     0.0%
   ├ ../../node_modules/.pnpm/fast-check@3.23.2/node_modules/fast-check/lib/arbitrary/_internals/helpers/GraphemeRangesHelpers.js                                                           727b     0.0%
   ├ ../../node_modules/.pnpm/pathe@2.0.3/node_modules/pathe/dist/index.cjs                                                                                                                 725b     0.0%
   ├ ../../node_modules/.pnpm/effect@3.18.4/node_modules/effect/dist/cjs/ManagedRuntime.js                                                                                                  721b     0.0%
   ├ ../../node_modules/.pnpm/effect@3.18.4/node_modules/effect/dist/cjs/MetricPair.js                                                                                                      719b     0.0%
   ├ ../../node_modules/.pnpm/fs-extra@11.3.0/node_modules/fs-extra/lib/move/move.js                                                                                                        718b     0.0%
   ├ ../../node_modules/.pnpm/effect@3.18.4/node_modules/effect/dist/cjs/ScopedCache.js                                                                                                     716b     0.0%
   ├ ../../node_modules/.pnpm/effect@3.18.4/node_modules/effect/dist/cjs/ModuleVersion.js                                                                                                   713b     0.0%
   ├ ../../node_modules/.pnpm/vscode-languageserver@8.1.0/node_modules/vscode-languageserver/lib/common/callHierarchy.js                                                                    712b     0.0%
   ├ ../../node_modules/.pnpm/fast-check@3.23.2/node_modules/fast-check/lib/arbitrary/_internals/mappers/NatToStringifiedNat.js                                                             709b     0.0%
   ├ ../../node_modules/.pnpm/fast-check@3.23.2/node_modules/fast-check/lib/arbitrary/ulid.js                                                                                               707b     0.0%
   ├ ../../node_modules/.pnpm/effect@3.18.4/node_modules/effect/dist/cjs/internal/stm/tryCommit.js                                                                                          704b     0.0%
   ├ ../../node_modules/.pnpm/effect@3.18.4/node_modules/effect/dist/cjs/FiberRefsPatch.js                                                                                                  703b     0.0%
   ├ ../../node_modules/.pnpm/fs-extra@11.3.0/node_modules/fs-extra/lib/ensure/link.js                                                                                                      701b     0.0%
   ├ ../../node_modules/.pnpm/fast-check@3.23.2/node_modules/fast-check/lib/check/model/commands/ScheduledCommand.js                                                                        698b     0.0%
   ├ ../../node_modules/.pnpm/vscode-languageserver-protocol@3.17.3/node_modules/vscode-languageserver-protocol/lib/node/main.js                                                            698b     0.0%
   ├ ../../node_modules/.pnpm/vscode-languageserver@8.1.0/node_modules/vscode-languageserver/lib/common/typeHierarchy.js                                                                    696b     0.0%
   ├ ../../node_modules/.pnpm/fast-check@3.23.2/node_modules/fast-check/lib/check/runner/DecorateProperty.js                                                                                693b     0.0%
   ├ ../../node_modules/.pnpm/effect@3.18.4/node_modules/effect/dist/cjs/DefaultServices.js                                                                                                 692b     0.0%
   ├ ../../node_modules/.pnpm/fast-check@3.23.2/node_modules/fast-check/lib/arbitrary/_internals/mappers/PatternsToString.js                                                                692b     0.0%
   ├ ../../node_modules/.pnpm/effect@3.18.4/node_modules/effect/dist/cjs/RegExp.js                                                                                                          689b     0.0%
   ├ ../../node_modules/.pnpm/effect@3.18.4/node_modules/effect/dist/cjs/MetricRegistry.js                                                                                                  684b     0.0%
   ├ ../../node_modules/.pnpm/effect@3.18.4/node_modules/effect/dist/cjs/internal/opCodes/channel.js                                                                                        683b     0.0%
   ├ ../../node_modules/.pnpm/effect@3.18.4/node_modules/effect/dist/cjs/Symbol.js                                                                                                          677b     0.0%
   ├ ../../node_modules/.pnpm/fs-extra@11.3.0/node_modules/fs-extra/lib/ensure/file.js                                                                                                      676b     0.0%
   ├ ../../node_modules/.pnpm/effect@3.18.4/node_modules/effect/dist/cjs/TestConfig.js                                                                                                      674b     0.0%
   ├ ../../node_modules/.pnpm/effect@3.18.4/node_modules/effect/dist/cjs/RcRef.js                                                                                                           668b     0.0%
   ├ ../../node_modules/.pnpm/fast-check@3.23.2/node_modules/fast-check/lib/arbitrary/_internals/mappers/PartsToUrl.js                                                                      667b     0.0%
   ├ ../../node_modules/.pnpm/fast-check@3.23.2/node_modules/fast-check/lib/arbitrary/mapToConstant.js                                                                                      665b     0.0%
   ├ ../../node_modules/.pnpm/vscode-languageserver@8.1.0/node_modules/vscode-languageserver/lib/common/diagnostic.js                                                                       663b     0.0%
   ├ ../../node_modules/.pnpm/fast-check@3.23.2/node_modules/fast-check/lib/check/model/commands/CommandWrapper.js                                                                          662b     0.0%
   ├ ../../node_modules/.pnpm/fast-check@3.23.2/node_modules/fast-check/lib/arbitrary/_internals/helpers/TokenizeString.js                                                                  657b     0.0%
   ├ ../../node_modules/.pnpm/fast-check@3.23.2/node_modules/fast-check/lib/arbitrary/bigInt.js                                                                                             657b     0.0%
   ├ ../../node_modules/.pnpm/vscode-languageserver-protocol@3.17.3/node_modules/vscode-languageserver-protocol/lib/common/protocol.workspaceFolder.js                                      654b     0.0%
   ├ ../../node_modules/.pnpm/effect@3.18.4/node_modules/effect/dist/cjs/RateLimiter.js                                                                                                     648b     0.0%
   ├ ../../node_modules/.pnpm/effect@3.18.4/node_modules/effect/dist/cjs/LogSpan.js                                                                                                         642b     0.0%
   ├ ../../node_modules/.pnpm/fast-check@3.23.2/node_modules/fast-check/lib/arbitrary/_internals/helpers/SameValueSet.js                                                                    641b     0.0%
   ├ ../../node_modules/.pnpm/fast-check@3.23.2/node_modules/fast-check/lib/arbitrary/_internals/mappers/PaddedEightsToUuid.js                                                              641b     0.0%
   ├ ../../node_modules/.pnpm/fast-check@3.23.2/node_modules/fast-check/lib/arbitrary/_internals/builders/PartialRecordArbitraryBuilder.js                                                  634b     0.0%
   ├ ../../node_modules/.pnpm/vscode-languageserver-protocol@3.17.3/node_modules/vscode-languageserver-protocol/lib/common/protocol.moniker.js                                              634b     0.0%
   ├ ../../node_modules/.pnpm/fast-check@3.23.2/node_modules/fast-check/lib/arbitrary/_internals/helpers/FloatingOnlyHelpers.js                                                             616b     0.0%
   ├ ../../node_modules/.pnpm/effect@3.18.4/node_modules/effect/dist/cjs/internal/testing/suspendedWarningData.js                                                                           610b     0.0%
   ├ ../../node_modules/.pnpm/effect@3.18.4/node_modules/effect/dist/cjs/SingleProducerAsyncInput.js                                                                                        607b     0.0%
   ├ ../../node_modules/.pnpm/fast-check@3.23.2/node_modules/fast-check/lib/arbitrary/_internals/mappers/VersionsApplierForUuid.js                                                          607b     0.0%
   ├ ../../node_modules/.pnpm/effect@3.18.4/node_modules/effect/dist/cjs/internal/stm/opCodes/stm.js                                                                                        605b     0.0%
   ├ ../../node_modules/.pnpm/fast-check@3.23.2/node_modules/fast-check/lib/arbitrary/_internals/mappers/IndexToCharString.js                                                               605b     0.0%
   ├ ../../node_modules/.pnpm/vscode-jsonrpc@8.1.0/node_modules/vscode-jsonrpc/lib/common/is.js                                                                                             598b     0.0%
   ├ ../../node_modules/.pnpm/vscode-languageserver-protocol@3.17.3/node_modules/vscode-languageserver-protocol/lib/common/protocol.colorProvider.js                                        595b     0.0%
   ├ ../../node_modules/.pnpm/effect@3.18.4/node_modules/effect/dist/cjs/internal/hashMap/array.js                                                                                          594b     0.0%
   ├ ../../node_modules/.pnpm/empathic@2.0.0/node_modules/empathic/find.js                                                                                                                  594b     0.0%
   ├ ../../node_modules/.pnpm/fast-check@3.23.2/node_modules/fast-check/lib/arbitrary/_internals/builders/UriPathArbitraryBuilder.js                                                        592b     0.0%
   ├ ../../node_modules/.pnpm/vscode-languageserver-protocol@3.17.3/node_modules/vscode-languageserver-protocol/lib/common/protocol.inlineValue.js                                          590b     0.0%
   ├ ../../node_modules/.pnpm/effect@3.18.4/node_modules/effect/dist/cjs/internal/redBlackTree/node.js                                                                                      589b     0.0%
   ├ ../../node_modules/.pnpm/effect@3.18.4/node_modules/effect/dist/cjs/internal/stream/zipAllState.js                                                                                     588b     0.0%
   ├ ../../node_modules/.pnpm/perfect-debounce@1.0.0/node_modules/perfect-debounce/dist/index.cjs                                                                                           588b     0.0%
   ├ ../../node_modules/.pnpm/fast-check@3.23.2/node_modules/fast-check/lib/arbitrary/integer.js                                                                                            585b     0.0%
   ├ ../../node_modules/.pnpm/@prisma+language-server@6.19.0-hotfix.1_magicast@0.3.5/node_modules/@prisma/language-server/dist/lib/prisma-schema-wasm/textDocumentCompletion.js             569b     0.0%
   ├ ../../node_modules/.pnpm/fast-check@3.23.2/node_modules/fast-check/lib/check/runner/Tosser.js                                                                                          568b     0.0%
   ├ ../../node_modules/.pnpm/effect@3.18.4/node_modules/effect/dist/cjs/internal/opCodes/config.js                                                                                         565b     0.0%
   ├ ../../node_modules/.pnpm/fast-check@3.23.2/node_modules/fast-check/lib/fast-check.js                                                                                                   564b     0.0%
   ├ ../../node_modules/.pnpm/fast-check@3.23.2/node_modules/fast-check/lib/arbitrary/_internals/AlwaysShrinkableArbitrary.js                                                               562b     0.0%
   ├ ../../node_modules/.pnpm/fast-check@3.23.2/node_modules/fast-check/lib/arbitrary/_internals/helpers/StrictlyEqualSet.js                                                                559b     0.0%
   ├ ../../node_modules/.pnpm/effect@3.18.4/node_modules/effect/dist/cjs/internal/testing/warningData.js                                                                                    550b     0.0%
   ├ ../../node_modules/.pnpm/fast-check@3.23.2/node_modules/fast-check/lib/arbitrary/_internals/mappers/TimeToDate.js                                                                      546b     0.0%
   ├ ../../node_modules/.pnpm/fast-check@3.23.2/node_modules/fast-check/lib/arbitrary/_internals/helpers/BiasNumericRange.js                                                                540b     0.0%
   ├ ../../node_modules/.pnpm/@prisma+language-server@6.19.0-hotfix.1_magicast@0.3.5/node_modules/@prisma/language-server/dist/index.js                                                     535b     0.0%
   ├ ../../node_modules/.pnpm/fast-check@3.23.2/node_modules/fast-check/lib/arbitrary/_internals/helpers/ShrinkInteger.js                                                                   535b     0.0%
   ├ ../../node_modules/.pnpm/fast-check@3.23.2/node_modules/fast-check/lib/check/property/UnbiasedProperty.js                                                                              534b     0.0%
   ├ ../../node_modules/.pnpm/effect@3.18.4/node_modules/effect/dist/cjs/internal/fiberMessage.js                                                                                           532b     0.0%
   ├ ../../node_modules/.pnpm/pure-rand@6.1.0/node_modules/pure-rand/lib/pure-rand.js                                                                                                       530b     0.0%
   ├ ../../node_modules/.pnpm/fast-check@3.23.2/node_modules/fast-check/lib/arbitrary/oneof.js                                                                                              528b     0.0%
   ├ ../../node_modules/.pnpm/fast-check@3.23.2/node_modules/fast-check/lib/arbitrary/_internals/mappers/StringToBase64.js                                                                  525b     0.0%
   ├ ../../node_modules/.pnpm/vscode-languageserver@8.1.0/node_modules/vscode-languageserver/lib/common/configuration.js                                                                    519b     0.0%
   ├ ../../node_modules/.pnpm/fast-check@3.23.2/node_modules/fast-check/lib/check/model/commands/CommandsIterable.js                                                                        512b     0.0%
   ├ ../../node_modules/.pnpm/fast-check@3.23.2/node_modules/fast-check/lib/arbitrary/_internals/SchedulerArbitrary.js                                                                      510b     0.0%
   ├ ../../node_modules/.pnpm/fast-check@3.23.2/node_modules/fast-check/lib/check/runner/SourceValuesIterator.js                                                                            510b     0.0%
   ├ ../../node_modules/.pnpm/empathic@2.0.0/node_modules/empathic/package.js                                                                                                               509b     0.0%
   ├ ../../node_modules/.pnpm/@prisma+language-server@6.19.0-hotfix.1_magicast@0.3.5/node_modules/@prisma/language-server/dist/lib/prisma-schema-wasm/listAllAvailablePreviewFeatures.js    506b     0.0%
   ├ ../../node_modules/.pnpm/fast-check@3.23.2/node_modules/fast-check/lib/arbitrary/dictionary.js                                                                                         505b     0.0%
   ├ ../../node_modules/.pnpm/effect@3.18.4/node_modules/effect/dist/cjs/Ordering.js                                                                                                        496b     0.0%
   ├ ../../node_modules/.pnpm/fast-check@3.23.2/node_modules/fast-check/lib/check/arbitrary/definition/Value.js                                                                             496b     0.0%
   ├ ../../node_modules/.pnpm/effect@3.18.4/node_modules/effect/dist/cjs/internal/opCodes/layer.js                                                                                          495b     0.0%
   ├ ../../node_modules/.pnpm/fast-check@3.23.2/node_modules/fast-check/lib/arbitrary/_internals/mappers/NumberToPaddedEight.js                                                             486b     0.0%
   ├ ../../node_modules/.pnpm/fast-check@3.23.2/node_modules/fast-check/lib/arbitrary/_internals/mappers/UnboxedToBoxed.js                                                                  486b     0.0%
   ├ ../../node_modules/.pnpm/@prisma+language-server@6.19.0-hotfix.1_magicast@0.3.5/node_modules/@prisma/language-server/dist/lib/prisma-schema-wasm/lint.js                               483b     0.0%
   ├ ../../node_modules/.pnpm/fast-check@3.23.2/node_modules/fast-check/lib/arbitrary/_internals/helpers/BuildSchedulerFor.js                                                               483b     0.0%
   ├ ../../node_modules/.pnpm/fast-check@3.23.2/node_modules/fast-check/lib/check/property/AsyncProperty.js                                                                                 481b     0.0%
   ├ ../../node_modules/.pnpm/fast-check@3.23.2/node_modules/fast-check/lib/check/runner/utils/PathWalker.js                                                                                477b     0.0%
   ├ ../../node_modules/.pnpm/fast-check@3.23.2/node_modules/fast-check/lib/arbitrary/_internals/helpers/ShrinkBigInt.js                                                                    472b     0.0%
   ├ ../../node_modules/.pnpm/fast-check@3.23.2/node_modules/fast-check/lib/arbitrary/option.js                                                                                             472b     0.0%
   ├ ../../node_modules/.pnpm/universalify@2.0.1/node_modules/universalify/index.js                                                                                                         472b     0.0%
   ├ ../../node_modules/.pnpm/fast-check@3.23.2/node_modules/fast-check/lib/check/property/Property.js                                                                                      466b     0.0%
   ├ ../../node_modules/.pnpm/effect@3.18.4/node_modules/effect/dist/cjs/internal/metric/pair.js                                                                                            463b     0.0%
   ├ ../../node_modules/.pnpm/@prisma+language-server@6.19.0-hotfix.1_magicast@0.3.5/node_modules/@prisma/language-server/dist/lib/prisma-schema-wasm/references.js                         459b     0.0%
   ├ ../../node_modules/.pnpm/fast-check@3.23.2/node_modules/fast-check/lib/arbitrary/_internals/helpers/SameValueZeroSet.js                                                                458b     0.0%
   ├ ../../node_modules/.pnpm/fast-check@3.23.2/node_modules/fast-check/lib/arbitrary/_internals/helpers/IsSubarrayOf.js                                                                    456b     0.0%
   ├ ../../node_modules/.pnpm/vscode-languageserver@8.1.0/node_modules/vscode-languageserver/lib/common/inlayHint.js                                                                        456b     0.0%
   ├ ../../node_modules/.pnpm/fs-extra@11.3.0/node_modules/fs-extra/lib/empty/index.js                                                                                                      455b     0.0%
   ├ ../../node_modules/.pnpm/empathic@2.0.0/node_modules/empathic/resolve.js                                                                                                               454b     0.0%
   ├ ../../node_modules/.pnpm/fast-check@3.23.2/node_modules/fast-check/lib/arbitrary/ipV4.js                                                                                               452b     0.0%
   ├ ../../node_modules/.pnpm/@prisma+language-server@6.19.0-hotfix.1_magicast@0.3.5/node_modules/@prisma/language-server/dist/lib/prisma-schema-wasm/hover.js                              451b     0.0%
   ├ ../../node_modules/.pnpm/@prisma+language-server@6.19.0-hotfix.1_magicast@0.3.5/node_modules/@prisma/language-server/dist/lib/prisma-schema-wasm/nativeTypes.js                        451b     0.0%
   ├ ../../node_modules/.pnpm/fast-check@3.23.2/node_modules/fast-check/lib/arbitrary/_internals/mappers/SegmentsToPath.js                                                                  446b     0.0%
   ├ ../../node_modules/.pnpm/fast-check@3.23.2/node_modules/fast-check/lib/arbitrary/_internals/mappers/ArrayToMap.js                                                                      437b     0.0%
   ├ ../../node_modules/.pnpm/fast-check@3.23.2/node_modules/fast-check/lib/arbitrary/_internals/mappers/ArrayToSet.js                                                                      437b     0.0%
   ├ ../../node_modules/.pnpm/pure-rand@6.1.0/node_modules/pure-rand/lib/distribution/UnsafeUniformArrayIntDistribution.js                                                                  436b     0.0%
   ├ ../../node_modules/.pnpm/@prisma+language-server@6.19.0-hotfix.1_magicast@0.3.5/node_modules/@prisma/language-server/dist/lib/prisma-schema-wasm/codeActions.js                        433b     0.0%
   ├ ../../node_modules/.pnpm/fast-check@3.23.2/node_modules/fast-check/lib/arbitrary/fullUnicodeString.js                                                                                  421b     0.0%
   ├ ../../node_modules/.pnpm/fast-check@3.23.2/node_modules/fast-check/lib/arbitrary/uuidV.js                                                                                              421b     0.0%
   ├ ../../node_modules/.pnpm/pure-rand@6.1.0/node_modules/pure-rand/lib/generator/RandomGenerator.js                                                                                       421b     0.0%
   ├ ../../node_modules/.pnpm/fast-check@3.23.2/node_modules/fast-check/lib/arbitrary/unicodeString.js                                                                                      415b     0.0%
   ├ ../../node_modules/.pnpm/fast-check@3.23.2/node_modules/fast-check/lib/arbitrary/_internals/helpers/ZipIterableIterators.js                                                            414b     0.0%
   ├ ../../node_modules/.pnpm/node-fetch-native@1.6.7/node_modules/node-fetch-native/dist/shared/node-fetch-native.DhEqb06g.cjs                                                             414b     0.0%
   ├ ../../node_modules/.pnpm/fast-check@3.23.2/node_modules/fast-check/lib/arbitrary/asciiString.js                                                                                        411b     0.0%
   ├ ../../node_modules/.pnpm/fast-check@3.23.2/node_modules/fast-check/lib/arbitrary/_internals/helpers/NoUndefinedAsContext.js                                                            410b     0.0%
   ├ ../../node_modules/.pnpm/fast-check@3.23.2/node_modules/fast-check/lib/arbitrary/hexaString.js                                                                                         409b     0.0%
   ├ ../../node_modules/.pnpm/fast-check@3.23.2/node_modules/fast-check/lib/arbitrary/letrec.js                                                                                             405b     0.0%
   ├ ../../node_modules/.pnpm/fast-check@3.23.2/node_modules/fast-check/lib/arbitrary/bigUint.js                                                                                            403b     0.0%
   ├ ../../node_modules/.pnpm/fast-check@3.23.2/node_modules/fast-check/lib/arbitrary/string16bits.js                                                                                       403b     0.0%
   ├ ../../node_modules/.pnpm/fs-extra@11.3.0/node_modules/fs-extra/lib/ensure/index.js                                                                                                     402b     0.0%
   ├ ../../node_modules/.pnpm/effect@3.18.4/node_modules/effect/dist/cjs/internal/stream/zipChunksState.js                                                                                  400b     0.0%
   ├ ../../node_modules/.pnpm/fast-check@3.23.2/node_modules/fast-check/lib/arbitrary/array.js                                                                                              397b     0.0%
   ├ ../../node_modules/.pnpm/fast-check@3.23.2/node_modules/fast-check/lib/arbitrary/mixedCase.js                                                                                          397b     0.0%
   ├ ../../node_modules/.pnpm/fast-check@3.23.2/node_modules/fast-check/lib/arbitrary/scheduler.js                                                                                          394b     0.0%
   ├ ../../node_modules/.pnpm/fs-extra@11.3.0/node_modules/fs-extra/lib/output-file/index.js                                                                                                394b     0.0%
   ├ ../../node_modules/.pnpm/fast-check@3.23.2/node_modules/fast-check/lib/arbitrary/nat.js                                                                                                391b     0.0%
   ├ ../../node_modules/.pnpm/effect@3.18.4/node_modules/effect/dist/cjs/internal/opCodes/configError.js                                                                                    388b     0.0%
   ├ ../../node_modules/.pnpm/effect@3.18.4/node_modules/effect/dist/cjs/internal/stream/debounceState.js                                                                                   388b     0.0%
   ├ ../../node_modules/.pnpm/pure-rand@6.1.0/node_modules/pure-rand/lib/distribution/internals/UnsafeUniformArrayIntDistributionInternal.js                                                388b     0.0%
   ├ ../../node_modules/.pnpm/effect@3.18.4/node_modules/effect/dist/cjs/internal/hashMap/bitwise.js                                                                                        387b     0.0%
   ├ ../../node_modules/.pnpm/fast-check@3.23.2/node_modules/fast-check/lib/check/symbols.js                                                                                                384b     0.0%
   ├ ../../node_modules/.pnpm/fast-check@3.23.2/node_modules/fast-check/lib/check/precondition/PreconditionFailure.js                                                                       383b     0.0%
   ├ ../../node_modules/.pnpm/pure-rand@6.1.0/node_modules/pure-rand/lib/distribution/UnsafeUniformBigIntDistribution.js                                                                    382b     0.0%
   ├ ../../node_modules/.pnpm/fast-check@3.23.2/node_modules/fast-check/lib/arbitrary/context.js                                                                                            381b     0.0%
   ├ ../../node_modules/.pnpm/vscode-languageserver@8.1.0/node_modules/vscode-languageserver/lib/common/inlineValue.js                                                                      381b     0.0%
   ├ ../../node_modules/.pnpm/fast-check@3.23.2/node_modules/fast-check/lib/arbitrary/_internals/helpers/CustomEqualSet.js                                                                  380b     0.0%
   ├ ../../node_modules/.pnpm/fast-check@3.23.2/node_modules/fast-check/lib/arbitrary/jsonValue.js                                                                                          380b     0.0%
   ├ ../../node_modules/.pnpm/graceful-fs@4.2.11/node_modules/graceful-fs/clone.js                                                                                                          378b     0.0%
   ├ ../../node_modules/.pnpm/fast-check@3.23.2/node_modules/fast-check/lib/arbitrary/_internals/helpers/DepthContext.js                                                                    375b     0.0%
   ├ ../../node_modules/.pnpm/fast-check@3.23.2/node_modules/fast-check/lib/arbitrary/fullUnicode.js                                                                                        375b     0.0%
   ├ ../../node_modules/.pnpm/fast-check@3.23.2/node_modules/fast-check/lib/arbitrary/bigIntN.js                                                                                            373b     0.0%
   ├ ../../node_modules/.pnpm/fs-extra@11.3.0/node_modules/fs-extra/lib/ensure/symlink-type.js                                                                                              372b     0.0%
   ├ ../../node_modules/.pnpm/fast-check@3.23.2/node_modules/fast-check/lib/arbitrary/unicode.js                                                                                            370b     0.0%
   ├ ../../node_modules/.pnpm/effect@3.18.4/node_modules/effect/dist/cjs/internal/singleShotGen.js                                                                                          368b     0.0%
   ├ ../../node_modules/.pnpm/fast-check@3.23.2/node_modules/fast-check/lib/arbitrary/stringOf.js                                                                                           365b     0.0%
   ├ ../../node_modules/.pnpm/fs-extra@11.3.0/node_modules/fs-extra/lib/util/utimes.js                                                                                                      364b     0.0%
   ├ ../../node_modules/.pnpm/fast-check@3.23.2/node_modules/fast-check/lib/arbitrary/commands.js                                                                                           363b     0.0%
   ├ ../../node_modules/.pnpm/vscode-languageserver-protocol@3.17.3/node_modules/vscode-languageserver-protocol/lib/common/protocol.linkedEditingRange.js                                   360b     0.0%
   ├ ../../node_modules/.pnpm/fast-check@3.23.2/node_modules/fast-check/lib/arbitrary/base64.js                                                                                             357b     0.0%
   ├ ../../node_modules/.pnpm/fast-check@3.23.2/node_modules/fast-check/lib/arbitrary/float32Array.js                                                                                       356b     0.0%
   ├ ../../node_modules/.pnpm/fast-check@3.23.2/node_modules/fast-check/lib/arbitrary/float64Array.js                                                                                       356b     0.0%
   ├ ../../node_modules/.pnpm/fast-check@3.23.2/node_modules/fast-check/lib/arbitrary/bigUintN.js                                                                                           352b     0.0%
   ├ ../../node_modules/.pnpm/@prisma+language-server@6.19.0-hotfix.1_magicast@0.3.5/node_modules/@prisma/language-server/dist/lib/DiagnosticMap.js                                         350b     0.0%
   ├ ../../node_modules/.pnpm/jiti@2.6.1/node_modules/jiti/lib/jiti.cjs                                                                                                                     349b     0.0%
   ├ ../../node_modules/.pnpm/effect@3.18.4/node_modules/effect/dist/cjs/internal/doNotation.js                                                                                             347b     0.0%
   ├ ../../node_modules/.pnpm/fast-check@3.23.2/node_modules/fast-check/lib/arbitrary/object.js                                                                                             347b     0.0%
   ├ ../../node_modules/.pnpm/fast-check@3.23.2/node_modules/fast-check/lib/utils/apply.js                                                                                                  347b     0.0%
   ├ ../../node_modules/.pnpm/vscode-languageserver-protocol@3.17.3/node_modules/vscode-languageserver-protocol/lib/common/protocol.implementation.js                                       344b     0.0%
   ├ ../../node_modules/.pnpm/vscode-languageserver-protocol@3.17.3/node_modules/vscode-languageserver-protocol/lib/common/protocol.selectionRange.js                                       344b     0.0%
   ├ ../../node_modules/.pnpm/vscode-languageserver-protocol@3.17.3/node_modules/vscode-languageserver-protocol/lib/common/protocol.typeDefinition.js                                       344b     0.0%
   ├ ../../node_modules/.pnpm/vscode-languageserver@8.1.0/node_modules/vscode-languageserver/lib/common/moniker.js                                                                          344b     0.0%
   ├ ../../node_modules/.pnpm/@prisma+language-server@6.19.0-hotfix.1_magicast@0.3.5/node_modules/@prisma/language-server/dist/lib/constants.js                                             342b     0.0%
   ├ ../../node_modules/.pnpm/effect@3.18.4/node_modules/effect/dist/cjs/internal/stream/handoffSignal.js                                                                                   341b     0.0%
   ├ ../../node_modules/.pnpm/fast-check@3.23.2/node_modules/fast-check/lib/arbitrary/_internals/helpers/JsonConstraintsBuilder.js                                                          338b     0.0%
   ├ ../../node_modules/.pnpm/vscode-jsonrpc@8.1.0/node_modules/vscode-jsonrpc/lib/common/ral.js                                                                                            338b     0.0%
   ├ ../../node_modules/.pnpm/vscode-languageserver-protocol@3.17.3/node_modules/vscode-languageserver-protocol/lib/common/protocol.configuration.js                                        337b     0.0%
   ├ ../../node_modules/.pnpm/pure-rand@6.1.0/node_modules/pure-rand/lib/distribution/UniformArrayIntDistribution.js                                                                        336b     0.0%
   ├ ../../node_modules/.pnpm/vscode-languageserver-protocol@3.17.3/node_modules/vscode-languageserver-protocol/lib/common/protocol.foldingRange.js                                         336b     0.0%
   ├ ../../node_modules/.pnpm/effect@3.18.4/node_modules/effect/dist/cjs/internal/opCodes/cause.js                                                                                          334b     0.0%
   ├ ../../node_modules/.pnpm/fast-check@3.23.2/node_modules/fast-check/lib/stream/LazyIterableIterator.js                                                                                  332b     0.0%
   ├ ../../node_modules/.pnpm/vscode-languageserver-protocol@3.17.3/node_modules/vscode-languageserver-protocol/lib/common/protocol.declaration.js                                          332b     0.0%
   ├ ../../node_modules/.pnpm/vscode-languageserver@8.1.0/node_modules/vscode-languageserver/lib/common/linkedEditingRange.js                                                               332b     0.0%
   ├ ../../node_modules/.pnpm/fast-check@3.23.2/node_modules/fast-check/lib/arbitrary/boolean.js                                                                                            330b     0.0%
   ├ ../../node_modules/.pnpm/vscode-languageserver-protocol@3.17.3/node_modules/vscode-languageserver-protocol/lib/common/protocol.showDocument.js                                         330b     0.0%
   ├ ../../node_modules/.pnpm/effect@3.18.4/node_modules/effect/dist/cjs/NonEmptyIterable.js                                                                                                328b     0.0%
   ├ ../../node_modules/.pnpm/fast-check@3.23.2/node_modules/fast-check/lib/arbitrary/_internals/helpers/EnumerableKeysExtractor.js                                                         328b     0.0%
   ├ ../../node_modules/.pnpm/pure-rand@6.1.0/node_modules/pure-rand/lib/distribution/UniformBigIntDistribution.js                                                                          328b     0.0%
   ├ ../../node_modules/.pnpm/@prisma+language-server@6.19.0-hotfix.1_magicast@0.3.5/node_modules/@prisma/language-server/dist/lib/prisma-schema-wasm/error/panic.js                        324b     0.0%
   ├ ../../node_modules/.pnpm/ohash@2.0.11/node_modules/ohash/dist/crypto/node/index.mjs                                                                                                    323b     0.0%
   ├ ../../node_modules/.pnpm/fast-check@3.23.2/node_modules/fast-check/lib/arbitrary/_internals/builders/StringifiedNatArbitraryBuilder.js                                                 320b     0.0%
   ├ ../../node_modules/.pnpm/fast-check@3.23.2/node_modules/fast-check/lib/arbitrary/bigInt64Array.js                                                                                      317b     0.0%
   ├ ../../node_modules/.pnpm/pure-rand@6.1.0/node_modules/pure-rand/lib/distribution/UniformIntDistribution.js                                                                             316b     0.0%
   ├ ../../node_modules/.pnpm/fs-extra@11.3.0/node_modules/fs-extra/lib/json/index.js                                                                                                       315b     0.0%
   ├ ../../node_modules/.pnpm/fast-check@3.23.2/node_modules/fast-check/lib/arbitrary/_internals/mappers/CharsToString.js                                                                   312b     0.0%
   ├ ../../node_modules/.pnpm/fast-check@3.23.2/node_modules/fast-check/lib/arbitrary/_internals/builders/RestrictedIntegerArbitraryBuilder.js                                              309b     0.0%
   ├ ../../node_modules/.pnpm/fs-extra@11.3.0/node_modules/fs-extra/lib/mkdirs/make-dir.js                                                                                                  308b     0.0%
   ├ ../../node_modules/.pnpm/fast-check@3.23.2/node_modules/fast-check/lib/arbitrary/_internals/mappers/CodePointsToString.js                                                              304b     0.0%
   ├ ../../node_modules/.pnpm/empathic@2.0.0/node_modules/empathic/access.js                                                                                                                299b     0.0%
   ├ ../../node_modules/.pnpm/fast-check@3.23.2/node_modules/fast-check/lib/arbitrary/bigUint64Array.js                                                                                     299b     0.0%
   ├ ../../node_modules/.pnpm/effect@3.18.4/node_modules/effect/dist/cjs/internal/stream/sinkEndReason.js                                                                                   293b     0.0%
   ├ ../../node_modules/.pnpm/effect@3.18.4/node_modules/effect/dist/cjs/internal/logSpan.js                                                                                                291b     0.0%
   ├ ../../node_modules/.pnpm/effect@3.18.4/node_modules/effect/dist/cjs/internal/stm/opCodes/strategy.js                                                                                   289b     0.0%
   ├ ../../node_modules/.pnpm/fast-check@3.23.2/node_modules/fast-check/lib/arbitrary/_internals/implementations/NoopSlicedGenerator.js                                                     288b     0.0%
   ├ ../../node_modules/.pnpm/vscode-languageserver-protocol@3.17.3/node_modules/vscode-languageserver-protocol/lib/common/connection.js                                                    287b     0.0%
   ├ ../../node_modules/.pnpm/fast-check@3.23.2/node_modules/fast-check/lib/arbitrary/_internals/builders/CharacterArbitraryBuilder.js                                                      285b     0.0%
   ├ ../../node_modules/.pnpm/jsonfile@6.2.0/node_modules/jsonfile/utils.js                                                                                                                 285b     0.0%
   ├ ../../node_modules/.pnpm/fast-check@3.23.2/node_modules/fast-check/lib/arbitrary/_internals/helpers/BuildSlicedGenerator.js                                                            283b     0.0%
   ├ ../../node_modules/.pnpm/effect@3.18.4/node_modules/effect/dist/cjs/internal/hashMap/config.js                                                                                         280b     0.0%
   ├ ../../node_modules/.pnpm/effect@3.18.4/node_modules/effect/dist/cjs/internal/stm/opCodes/tExit.js                                                                                      279b     0.0%
   ├ ../../node_modules/.pnpm/@prisma+language-server@6.19.0-hotfix.1_magicast@0.3.5/node_modules/@prisma/language-server/dist/lib/ast/nativeTypes.js                                       276b     0.0%
   ├ ../../node_modules/.pnpm/fast-check@3.23.2/node_modules/fast-check/lib/arbitrary/hexa.js                                                                                               274b     0.0%
   ├ ../../node_modules/.pnpm/pure-rand@6.1.0/node_modules/pure-rand/lib/distribution/internals/UnsafeUniformIntDistributionInternal.js                                                     273b     0.0%
   ├ ../../node_modules/.pnpm/fast-check@3.23.2/node_modules/fast-check/lib/arbitrary/_internals/builders/UriQueryOrFragmentArbitraryBuilder.js                                             269b     0.0%
   ├ ../../node_modules/.pnpm/fast-check@3.23.2/node_modules/fast-check/lib/arbitrary/falsy.js                                                                                              269b     0.0%
   ├ ../../node_modules/.pnpm/fast-check@3.23.2/node_modules/fast-check/lib/arbitrary/_internals/helpers/TextEscaper.js                                                                     268b     0.0%
   ├ ../../node_modules/.pnpm/effect@3.18.4/node_modules/effect/dist/cjs/FastCheck.js                                                                                                       264b     0.0%
   ├ ../../node_modules/.pnpm/effect@3.18.4/node_modules/effect/dist/cjs/internal/completedRequestMap.js                                                                                    264b     0.0%
   ├ ../../node_modules/.pnpm/fast-check@3.23.2/node_modules/fast-check/lib/arbitrary/_internals/builders/PaddedNumberArbitraryBuilder.js                                                   263b     0.0%
   ├ ../../node_modules/.pnpm/fs-extra@11.3.0/node_modules/fs-extra/lib/mkdirs/utils.js                                                                                                     261b     0.0%
   ├ ../../node_modules/.pnpm/fast-check@3.23.2/node_modules/fast-check/lib/arbitrary/_internals/mappers/IndexToPrintableIndex.js                                                           260b     0.0%
   ├ ../../node_modules/.pnpm/fast-check@3.23.2/node_modules/fast-check/lib/arbitrary/compareBooleanFunc.js                                                                                 260b     0.0%
   ├ ../../node_modules/.pnpm/fast-check@3.23.2/node_modules/fast-check/lib/arbitrary/int32Array.js                                                                                         258b     0.0%
   ├ ../../node_modules/.pnpm/vscode-languageserver@8.1.0/node_modules/vscode-languageserver/lib/common/showDocument.js                                                                     258b     0.0%
   ├ ../../node_modules/.pnpm/fast-check@3.23.2/node_modules/fast-check/lib/arbitrary/memo.js                                                                                               255b     0.0%
   ├ ../../node_modules/.pnpm/fast-check@3.23.2/node_modules/fast-check/lib/arbitrary/uint8ClampedArray.js                                                                                  255b     0.0%
   ├ ../../node_modules/.pnpm/fast-check@3.23.2/node_modules/fast-check/lib/arbitrary/constantFrom.js                                                                                       254b     0.0%
   ├ ../../node_modules/.pnpm/fast-check@3.23.2/node_modules/fast-check/lib/arbitrary/compareFunc.js                                                                                        253b     0.0%
   ├ ../../node_modules/.pnpm/fast-check@3.23.2/node_modules/fast-check/lib/arbitrary/webSegment.js                                                                                         253b     0.0%
   ├ ../../node_modules/.pnpm/fast-check@3.23.2/node_modules/fast-check/lib/arbitrary/char16bits.js                                                                                         252b     0.0%
   ├ ../../node_modules/.pnpm/effect@3.18.4/node_modules/effect/dist/cjs/GlobalValue.js                                                                                                     251b     0.0%
   ├ ../../node_modules/.pnpm/fast-check@3.23.2/node_modules/fast-check/lib/arbitrary/uint32Array.js                                                                                        250b     0.0%
   ├ ../../node_modules/.pnpm/fast-check@3.23.2/node_modules/fast-check/lib/arbitrary/int16Array.js                                                                                         248b     0.0%
   ├ ../../node_modules/.pnpm/fast-check@3.23.2/node_modules/fast-check/lib/arbitrary/ascii.js                                                                                              245b     0.0%
   ├ ../../node_modules/.pnpm/fast-check@3.23.2/node_modules/fast-check/lib/arbitrary/uint16Array.js                                                                                        245b     0.0%
   ├ ../../node_modules/.pnpm/effect@3.18.4/node_modules/effect/dist/cjs/internal/opCodes/channelMergeState.js                                                                              244b     0.0%
   ├ ../../node_modules/.pnpm/effect@3.18.4/node_modules/effect/dist/cjs/internal/opCodes/channelState.js                                                                                   242b     0.0%
   ├ ../../node_modules/.pnpm/effect@3.18.4/node_modules/effect/dist/cjs/internal/opCodes/channelUpstreamPullStrategy.js                                                                    242b     0.0%
   ├ ../../node_modules/.pnpm/fast-check@3.23.2/node_modules/fast-check/lib/arbitrary/int8Array.js                                                                                          242b     0.0%
   ├ ../../node_modules/.pnpm/fast-check@3.23.2/node_modules/fast-check/lib/arbitrary/unicodeJsonValue.js                                                                                   242b     0.0%
   ├ ../../node_modules/.pnpm/fast-check@3.23.2/node_modules/fast-check/lib/arbitrary/uint8Array.js                                                                                         241b     0.0%
   ├ ../../node_modules/.pnpm/@prisma+language-server@6.19.0-hotfix.1_magicast@0.3.5/node_modules/@prisma/language-server/dist/lib/prisma-schema-wasm/index.js                              239b     0.0%
   ├ ../../node_modules/.pnpm/effect@3.18.4/node_modules/effect/dist/cjs/internal/opCodes/continuation.js                                                                                   239b     0.0%
   ├ ../../node_modules/.pnpm/fast-check@3.23.2/node_modules/fast-check/lib/check/runner/configuration/GlobalParameters.js                                                                  239b     0.0%
   ├ ../../node_modules/.pnpm/fast-check@3.23.2/node_modules/fast-check/lib/check/runner/reporter/ExecutionStatus.js                                                                        238b     0.0%
   ├ ../../node_modules/.pnpm/fast-check@3.23.2/node_modules/fast-check/lib/check/runner/configuration/VerbosityLevel.js                                                                    237b     0.0%
   ├ ../../node_modules/.pnpm/effect@3.18.4/node_modules/effect/dist/cjs/internal/opCodes/streamHaltStrategy.js                                                                             232b     0.0%
   ├ ../../node_modules/.pnpm/fast-check@3.23.2/node_modules/fast-check/lib/arbitrary/maxSafeInteger.js                                                                                     231b     0.0%
   ├ ../../node_modules/.pnpm/effect@3.18.4/node_modules/effect/dist/cjs/internal/errors.js                                                                                                 228b     0.0%
   ├ ../../node_modules/.pnpm/fast-check@3.23.2/node_modules/fast-check/lib/arbitrary/shuffledSubarray.js                                                                                   228b     0.0%
   ├ ../../node_modules/.pnpm/effect@3.18.4/node_modules/effect/dist/cjs/internal/version.js                                                                                                226b     0.0%
   ├ ../../node_modules/.pnpm/fs-extra@11.3.0/node_modules/fs-extra/lib/remove/index.js                                                                                                     224b     0.0%
   ├ ../../node_modules/.pnpm/effect@3.18.4/node_modules/effect/dist/cjs/internal/stm/opCodes/stmState.js                                                                                   220b     0.0%
   ├ ../../node_modules/.pnpm/fast-check@3.23.2/node_modules/fast-check/lib/arbitrary/subarray.js                                                                                           220b     0.0%
   ├ ../../node_modules/.pnpm/fast-check@3.23.2/node_modules/fast-check/lib/arbitrary/webPath.js                                                                                            219b     0.0%
   ├ ../../node_modules/.pnpm/@prisma+language-server@6.19.0-hotfix.1_magicast@0.3.5/node_modules/@prisma/language-server/dist/lib/ast/relations.js                                         218b     0.0%
   ├ ../../node_modules/.pnpm/defu@6.1.4/node_modules/defu/lib/defu.cjs                                                                                                                     217b     0.0%
   ├ ../../node_modules/.pnpm/empathic@2.0.0/node_modules/empathic/walk.js                                                                                                                  216b     0.0%
   ├ ../../node_modules/.pnpm/fast-check@3.23.2/node_modules/fast-check/lib/arbitrary/_internals/helpers/InvalidSubdomainLabelFiIter.js                                                     216b     0.0%
   ├ ../../node_modules/.pnpm/fast-check@3.23.2/node_modules/fast-check/lib/arbitrary/anything.js                                                                                           214b     0.0%
   ├ ../../node_modules/.pnpm/effect@3.18.4/node_modules/effect/dist/cjs/internal/opCodes/channelMergeStrategy.js                                                                           212b     0.0%
   ├ ../../node_modules/.pnpm/fast-check@3.23.2/node_modules/fast-check/lib/arbitrary/_internals/builders/BoxedArbitraryBuilder.js                                                          209b     0.0%
   ├ ../../node_modules/.pnpm/effect@3.18.4/node_modules/effect/dist/cjs/internal/opCodes/channelChildExecutorDecision.js                                                                   208b     0.0%
   ├ ../../node_modules/.pnpm/fs-extra@11.3.0/node_modules/fs-extra/lib/mkdirs/index.js                                                                                                     208b     0.0%
   ├ ../../node_modules/.pnpm/vscode-jsonrpc@8.1.0/node_modules/vscode-jsonrpc/lib/common/disposable.js                                                                                     206b     0.0%
   ├ ../../node_modules/.pnpm/fast-check@3.23.2/node_modules/fast-check/lib/arbitrary/char.js                                                                                               203b     0.0%
   ├ ../../node_modules/.pnpm/@prisma+language-server@6.19.0-hotfix.1_magicast@0.3.5/node_modules/@prisma/language-server/dist/lib/ast/fields.js                                            198b     0.0%
   ├ ../../node_modules/.pnpm/fast-check@3.23.2/node_modules/fast-check/lib/arbitrary/webQueryParameters.js                                                                                 198b     0.0%
   ├ ../../node_modules/.pnpm/fs-extra@11.3.0/node_modules/fs-extra/lib/path-exists/index.js                                                                                                198b     0.0%
   ├ ../../node_modules/.pnpm/fast-check@3.23.2/node_modules/fast-check/lib/arbitrary/maxSafeNat.js                                                                                         197b     0.0%
   ├ ../../node_modules/.pnpm/fast-check@3.23.2/node_modules/fast-check/lib/arbitrary/webFragments.js                                                                                       192b     0.0%
   ├ ../../node_modules/.pnpm/effect@3.18.4/node_modules/effect/dist/cjs/internal/opCodes/deferred.js                                                                                       190b     0.0%
   ├ ../../node_modules/.pnpm/fast-check@3.23.2/node_modules/fast-check/lib/arbitrary/unicodeJson.js                                                                                        190b     0.0%
   ├ ../../node_modules/.pnpm/effect@3.18.4/node_modules/effect/dist/cjs/PrimaryKey.js                                                                                                      185b     0.0%
   ├ ../../node_modules/.pnpm/effect@3.18.4/node_modules/effect/dist/cjs/internal/opCodes/channelUpstreamPullRequest.js                                                                     183b     0.0%
   ├ ../../node_modules/.pnpm/fast-check@3.23.2/node_modules/fast-check/lib/check/property/IRawProperty.js                                                                                  181b     0.0%
   ├ ../../node_modules/.pnpm/fast-check@3.23.2/node_modules/fast-check/lib/arbitrary/limitShrink.js                                                                                        178b     0.0%
   ├ ../../node_modules/.pnpm/giget@2.0.0/node_modules/giget/dist/index.mjs                                                                                                                 178b     0.0%
   ├ ../../node_modules/.pnpm/fast-check@3.23.2/node_modules/fast-check/lib/arbitrary/json.js                                                                                               176b     0.0%
   ├ ../../node_modules/.pnpm/fast-check@3.23.2/node_modules/fast-check/lib/arbitrary/infiniteStream.js                                                                                     170b     0.0%
   ├ ../../node_modules/.pnpm/effect@3.18.4/node_modules/effect/dist/cjs/internal/stm/txnId.js                                                                                              168b     0.0%
   ├ ../../node_modules/.pnpm/fs-extra@11.3.0/node_modules/fs-extra/lib/json/jsonfile.js                                                                                                    168b     0.0%
   ├ ../../node_modules/.pnpm/effect@3.18.4/node_modules/effect/dist/cjs/internal/stm/versioned.js                                                                                          167b     0.0%
   ├ ../../node_modules/.pnpm/fast-check@3.23.2/node_modules/fast-check/lib/arbitrary/constant.js                                                                                           167b     0.0%
   ├ ../../node_modules/.pnpm/effect@3.18.4/node_modules/effect/dist/cjs/internal/stm/opCodes/tryCommit.js                                                                                  166b     0.0%
   ├ ../../node_modules/.pnpm/fast-check@3.23.2/node_modules/fast-check/lib/arbitrary/clone.js                                                                                              164b     0.0%
   ├ ../../node_modules/.pnpm/fast-check@3.23.2/node_modules/fast-check/lib/check/precondition/Pre.js                                                                                       164b     0.0%
   ├ ../../node_modules/.pnpm/fast-check@3.23.2/node_modules/fast-check/lib/arbitrary/tuple.js                                                                                              162b     0.0%
   ├ ../../node_modules/.pnpm/effect@3.18.4/node_modules/effect/dist/cjs/internal/opCodes/channelMergeDecision.js                                                                           160b     0.0%
   ├ ../../node_modules/.pnpm/fs-extra@11.3.0/node_modules/fs-extra/lib/json/output-json.js                                                                                                 160b     0.0%
   ├ ../../node_modules/.pnpm/fast-check@3.23.2/node_modules/fast-check/lib/arbitrary/gen.js                                                                                                158b     0.0%
   ├ ../../node_modules/.pnpm/ohash@2.0.11/node_modules/ohash/dist/index.mjs                                                                                                                156b     0.0%
   ├ ../../node_modules/.pnpm/effect@3.18.4/node_modules/effect/dist/cjs/internal/hashMap/keySet.js                                                                                         154b     0.0%
   ├ ../../node_modules/.pnpm/effect@3.18.4/node_modules/effect/dist/cjs/internal/array.js                                                                                                  151b     0.0%
   ├ ../../node_modules/.pnpm/effect@3.18.4/node_modules/effect/dist/cjs/internal/managedRuntime/circular.js                                                                                150b     0.0%
   ├ ../../node_modules/.pnpm/fs-extra@11.3.0/node_modules/fs-extra/lib/json/output-json-sync.js                                                                                            149b     0.0%
   ├ ../../node_modules/.pnpm/effect@3.18.4/node_modules/effect/dist/cjs/internal/stack.js                                                                                                  145b     0.0%
   ├ ../../node_modules/.pnpm/effect@3.18.4/node_modules/effect/dist/cjs/Unify.js                                                                                                           135b     0.0%
   ├ ../../node_modules/.pnpm/fast-check@3.23.2/node_modules/fast-check/lib/arbitrary/noShrink.js                                                                                           135b     0.0%
   ├ ../../node_modules/.pnpm/fs-extra@11.3.0/node_modules/fs-extra/lib/index.js                                                                                                            135b     0.0%
   ├ ../../node_modules/.pnpm/fast-check@3.23.2/node_modules/fast-check/lib/arbitrary/noBias.js                                                                                             132b     0.0%
   ├ ../../node_modules/.pnpm/node-fetch-native@1.6.7/node_modules/node-fetch-native/lib/index.cjs                                                                                          125b     0.0%
   ├ ../../node_modules/.pnpm/fs-extra@11.3.0/node_modules/fs-extra/lib/move/index.js                                                                                                       107b     0.0%
   ├ ../../node_modules/.pnpm/fs-extra@11.3.0/node_modules/fs-extra/lib/copy/index.js                                                                                                       106b     0.0%
   ├ ../../node_modules/.pnpm/destr@2.0.5/node_modules/destr/lib/index.cjs                                                                                                                  102b     0.0%
   ├ ../../node_modules/.pnpm/confbox@0.2.2/node_modules/confbox/dist/jsonc.mjs                                                                                                              85b     0.0%
   ├ ../../node_modules/.pnpm/effect@3.18.4/node_modules/effect/dist/cjs/HKT.js                                                                                                              82b     0.0%
   ├ ../../node_modules/.pnpm/effect@3.18.4/node_modules/effect/dist/cjs/StreamEmit.js                                                                                                       82b     0.0%
   ├ ../../node_modules/.pnpm/effect@3.18.4/node_modules/effect/dist/cjs/Types.js                                                                                                            82b     0.0%
   ├ ../../node_modules/.pnpm/nypm@0.6.2/node_modules/nypm/dist/index.mjs                                                                                                                    55b     0.0%
   ├ ../../node_modules/.pnpm/vscode-jsonrpc@8.1.0/node_modules/vscode-jsonrpc/node.js                                                                                                       54b     0.0%
   ├ ../../node_modules/.pnpm/vscode-languageserver-protocol@3.17.3/node_modules/vscode-languageserver-protocol/node.js                                                                      54b     0.0%
   ├ ../../node_modules/.pnpm/vscode-languageserver@8.1.0/node_modules/vscode-languageserver/node.js                                                                                         54b     0.0%
   ├ ../../node_modules/.pnpm/pkg-types@2.3.0/node_modules/pkg-types/dist/index.mjs                                                                                                          51b     0.0%
   ├ ../../node_modules/.pnpm/confbox@0.2.2/node_modules/confbox/dist/index.mjs                                                                                                              29b     0.0%
   └ src/workers/prisma6-language-server.ts                                                                                                                                                  20b     0.0%


Building PPG Dev Server worker...

  dist/workers/ppgDevServer.js  1.3mb ⚠️

⚡ Done in 190ms
PPG Dev Server worker bundle analysis:

  dist/workers/ppgDevServer.js                                                                                                                                1.3mb  100.0%
   ├ ../../node_modules/.pnpm/@electric-sql+pglite@0.3.2/node_modules/@electric-sql/pglite/dist/index.cjs                                                   577.2kb   41.9%
   ├ ../../node_modules/.pnpm/@prisma+get-platform@6.8.2/node_modules/@prisma/get-platform/dist/chunk-4CHMSIXA.js                                           218.0kb   15.8%
   ├ ../../node_modules/.pnpm/valibot@1.1.0_typescript@5.7.3/node_modules/valibot/dist/index.cjs                                                             77.2kb    5.6%
   ├ ../../node_modules/.pnpm/@prisma+dev@0.11.1_typescript@5.7.3/node_modules/@prisma/dev/dist/index.cjs                                                    30.7kb    2.2%
   ├ ../../node_modules/.pnpm/@mrleebo+prisma-ast@0.12.1/node_modules/@mrleebo/prisma-ast/dist/prisma-ast.cjs.development.js                                 24.2kb    1.8%
   ├ ../../node_modules/.pnpm/@mrleebo+prisma-ast@0.12.1/node_modules/@mrleebo/prisma-ast/dist/prisma-ast.cjs.production.min.js                              23.8kb    1.7%
   ├ ../../node_modules/.pnpm/@electric-sql+pglite-tools@0.2.7_@electric-sql+pglite@0.3.2/node_modules/@electric-sql/pglite-tools/dist/pg_dump.cjs           18.8kb    1.4%
   ├ ../../node_modules/.pnpm/chevrotain@10.5.0/node_modules/chevrotain/lib/src/scan/lexer.js                                                                16.0kb    1.2%
   ├ ../../node_modules/.pnpm/@prisma+get-platform@6.8.2/node_modules/@prisma/get-platform/dist/chunk-7PMGXL6S.js                                            12.4kb    0.9%
   ├ ../../node_modules/.pnpm/chevrotain@10.5.0/node_modules/chevrotain/lib/src/scan/lexer_public.js                                                         11.8kb    0.9%
   ├ ../../node_modules/.pnpm/regexp-to-ast@0.5.0/node_modules/regexp-to-ast/lib/regexp-to-ast.js                                                            11.5kb    0.8%
   ├ ../../node_modules/.pnpm/chevrotain@10.5.0/node_modules/chevrotain/lib/src/parse/parser/traits/recognizer_engine.js                                     10.2kb    0.7%
   ├ ../../node_modules/.pnpm/chevrotain@10.5.0/node_modules/chevrotain/lib/src/parse/grammar/checks.js                                                       9.3kb    0.7%
   ├ ../../node_modules/.pnpm/chevrotain@10.5.0/node_modules/chevrotain/lib/src/parse/grammar/interpreter.js                                                  9.0kb    0.7%
   ├ ../../node_modules/.pnpm/pathe@2.0.3/node_modules/pathe/dist/shared/pathe.BSlhyZSM.cjs                                                                   8.8kb    0.6%
   ├ ../../node_modules/.pnpm/@electric-sql+pglite-socket@0.0.6_@electric-sql+pglite@0.3.2/node_modules/@electric-sql/pglite-socket/dist/chunk-ZIJ7SYOQ.js    8.6kb    0.6%
   ├ ../../node_modules/.pnpm/chevrotain@10.5.0/node_modules/chevrotain/lib/src/parse/grammar/lookahead.js                                                    8.1kb    0.6%
   ├ ../../node_modules/.pnpm/@prisma+get-platform@6.8.2/node_modules/@prisma/get-platform/dist/chunk-M5T7GI2R.js                                             7.8kb    0.6%
   ├ ../../node_modules/.pnpm/@hono+node-server@1.14.2_hono@4.7.10/node_modules/@hono/node-server/dist/index.js                                               7.3kb    0.5%
   ├ ../../node_modules/.pnpm/chevrotain@10.5.0/node_modules/chevrotain/lib/src/parse/parser/traits/recognizer_api.js                                         7.1kb    0.5%
   ├ ../../node_modules/.pnpm/chevrotain@10.5.0/node_modules/chevrotain/lib/src/parse/parser/traits/gast_recorder.js                                          6.2kb    0.4%
   ├ ../../node_modules/.pnpm/chevrotain@10.5.0/node_modules/chevrotain/lib/src/parse/parser/traits/recoverable.js                                            5.9kb    0.4%
   ├ ../../node_modules/.pnpm/chevrotain@10.5.0/node_modules/chevrotain/lib/src/parse/errors_public.js                                                        5.8kb    0.4%
   ├ ../../node_modules/.pnpm/chevrotain@10.5.0/node_modules/chevrotain/lib/src/parse/parser/parser.js                                                        5.7kb    0.4%
   ├ ../../node_modules/.pnpm/chevrotain@10.5.0/node_modules/chevrotain/lib/src/api.js                                                                        5.2kb    0.4%
   ├ ../../node_modules/.pnpm/@chevrotain+gast@10.5.0/node_modules/@chevrotain/gast/lib/src/model.js                                                          5.1kb    0.4%
   ├ ../../node_modules/.pnpm/graceful-fs@4.2.11/node_modules/graceful-fs/graceful-fs.js                                                                      5.1kb    0.4%
   ├ ../../node_modules/.pnpm/chevrotain@10.5.0/node_modules/chevrotain/lib/src/scan/reg_exp.js                                                               4.5kb    0.3%
   ├ ../../node_modules/.pnpm/std-env@3.9.0/node_modules/std-env/dist/index.cjs                                                                               4.5kb    0.3%
   ├ ../../node_modules/.pnpm/chevrotain@10.5.0/node_modules/chevrotain/lib/src/parse/parser/traits/looksahead.js                                             4.4kb    0.3%
   ├ ../../node_modules/.pnpm/chevrotain@10.5.0/node_modules/chevrotain/lib/src/parse/parser/traits/tree_builder.js                                           4.4kb    0.3%
   ├ ../../node_modules/.pnpm/http-status-codes@2.3.0/node_modules/http-status-codes/build/cjs/legacy.js                                                      4.3kb    0.3%
   ├ ../../node_modules/.pnpm/remeda@2.21.3/node_modules/remeda/dist/index.cjs                                                                                4.3kb    0.3%
   ├ ../../node_modules/.pnpm/graceful-fs@4.2.11/node_modules/graceful-fs/polyfills.js                                                                        3.8kb    0.3%
   ├ ../../node_modules/.pnpm/lilconfig@2.1.0/node_modules/lilconfig/dist/index.js                                                                            3.8kb    0.3%
   ├ ../../node_modules/.pnpm/hono@4.7.10/node_modules/hono/dist/cjs/context.js                                                                               3.7kb    0.3%
   ├ ../../node_modules/.pnpm/hono@4.7.10/node_modules/hono/dist/cjs/hono-base.js                                                                             3.6kb    0.3%
   ├ ../../node_modules/.pnpm/get-port-please@3.1.2/node_modules/get-port-please/dist/index.cjs                                                               3.3kb    0.2%
   ├ ../../node_modules/.pnpm/@prisma+debug@6.8.2/node_modules/@prisma/debug/dist/index.js                                                                    3.3kb    0.2%
   ├ ../../node_modules/.pnpm/proper-lockfile@4.1.2/node_modules/proper-lockfile/lib/lockfile.js                                                              3.2kb    0.2%
   ├ ../../node_modules/.pnpm/hono@4.7.10/node_modules/hono/dist/cjs/utils/url.js                                                                             3.2kb    0.2%
   ├ ../../node_modules/.pnpm/grammex@3.1.12/node_modules/grammex/dist/index.js                                                                               3.1kb    0.2%
   ├ ../../node_modules/.pnpm/hono@4.7.10/node_modules/hono/dist/cjs/utils/cookie.js                                                                          3.1kb    0.2%
   ├ ../../node_modules/.pnpm/http-status-codes@2.3.0/node_modules/http-status-codes/build/cjs/utils.js                                                       2.8kb    0.2%
   ├ ../../node_modules/.pnpm/@chevrotain+cst-dts-gen@10.5.0/node_modules/@chevrotain/cst-dts-gen/lib/src/model.js                                            2.8kb    0.2%
   ├ ../../node_modules/.pnpm/http-status-codes@2.3.0/node_modules/http-status-codes/build/cjs/status-codes.js                                                2.7kb    0.2%
   ├ ../../node_modules/.pnpm/hono@4.7.10/node_modules/hono/dist/cjs/client/client.js                                                                         2.7kb    0.2%
   ├ ../../node_modules/.pnpm/chevrotain@10.5.0/node_modules/chevrotain/lib/src/scan/tokens.js                                                                2.6kb    0.2%
   ├ ../../node_modules/.pnpm/http-status-codes@2.3.0/node_modules/http-status-codes/build/cjs/reason-phrases.js                                              2.3kb    0.2%
   ├ ../../node_modules/.pnpm/retry@0.12.0/node_modules/retry/lib/retry_operation.js                                                                          2.2kb    0.2%
   ├ ../../node_modules/.pnpm/@chevrotain+gast@10.5.0/node_modules/@chevrotain/gast/lib/src/api.js                                                            2.1kb    0.2%
   ├ ../../node_modules/.pnpm/chevrotain@10.5.0/node_modules/chevrotain/lib/src/parse/grammar/llk_lookahead.js                                                2.1kb    0.2%
   ├ ../../node_modules/.pnpm/signal-exit@3.0.7/node_modules/signal-exit/index.js                                                                             2.1kb    0.1%
   ├ ../../node_modules/.pnpm/chevrotain@10.5.0/node_modules/chevrotain/lib/src/parse/cst/cst_visitor.js                                                      2.0kb    0.1%
   ├ ../../node_modules/.pnpm/hono@4.7.10/node_modules/hono/dist/cjs/request.js                                                                               1.9kb    0.1%
   ├ ../../node_modules/.pnpm/chevrotain@10.5.0/node_modules/chevrotain/lib/src/parse/grammar/rest.js                                                         1.9kb    0.1%
   ├ ../../node_modules/.pnpm/hono@4.7.10/node_modules/hono/dist/cjs/utils/html.js                                                                            1.9kb    0.1%
   ├ ../../node_modules/.pnpm/chevrotain@10.5.0/node_modules/chevrotain/lib/src/parse/exceptions_public.js                                                    1.9kb    0.1%
   ├ ../../node_modules/.pnpm/chevrotain@10.5.0/node_modules/chevrotain/lib/src/parse/parser/traits/error_handler.js                                          1.8kb    0.1%
   ├ ../../node_modules/.pnpm/hono@4.7.10/node_modules/hono/dist/cjs/validator/validator.js                                                                   1.8kb    0.1%
   ├ ../../node_modules/.pnpm/lodash@4.17.21/node_modules/lodash/_baseClone.js                                                                                1.7kb    0.1%
   ├ ../../node_modules/.pnpm/hono@4.7.10/node_modules/hono/dist/cjs/helper/cookie/index.js                                                                   1.7kb    0.1%
   ├ ../../node_modules/.pnpm/chevrotain@10.5.0/node_modules/chevrotain/lib/src/scan/tokens_public.js                                                         1.6kb    0.1%
   ├ ../../node_modules/.pnpm/@chevrotain+cst-dts-gen@10.5.0/node_modules/@chevrotain/cst-dts-gen/lib/src/generate.js                                         1.6kb    0.1%
   ├ ../../node_modules/.pnpm/@chevrotain+gast@10.5.0/node_modules/@chevrotain/gast/lib/src/helpers.js                                                        1.6kb    0.1%
   ├ ../../node_modules/.pnpm/chevrotain@10.5.0/node_modules/chevrotain/lib/src/parse/grammar/follow.js                                                       1.6kb    0.1%
   ├ ../../node_modules/.pnpm/@prisma+get-platform@6.8.2/node_modules/@prisma/get-platform/dist/chunk-2ESYSVXG.js                                             1.5kb    0.1%
   ├ ../../node_modules/.pnpm/graceful-fs@4.2.11/node_modules/graceful-fs/legacy-streams.js                                                                   1.5kb    0.1%
   ├ ../../node_modules/.pnpm/chevrotain@10.5.0/node_modules/chevrotain/lib/src/parse/grammar/resolver.js                                                     1.5kb    0.1%
   ├ ../../node_modules/.pnpm/hono@4.7.10/node_modules/hono/dist/cjs/client/utils.js                                                                          1.4kb    0.1%
   ├ ../../node_modules/.pnpm/http-status-codes@2.3.0/node_modules/http-status-codes/build/cjs/index.js                                                       1.3kb    0.1%
   ├ ../../node_modules/.pnpm/zeptomatch@2.0.2/node_modules/zeptomatch/dist/convert/grammar.js                                                                1.3kb    0.1%
   ├ ../../node_modules/.pnpm/hono@4.7.10/node_modules/hono/dist/cjs/utils/body.js                                                                            1.3kb    0.1%
   ├ ../../node_modules/.pnpm/@chevrotain+gast@10.5.0/node_modules/@chevrotain/gast/lib/src/visitor.js                                                        1.3kb    0.1%
   ├ ../../node_modules/.pnpm/@prisma+get-platform@6.8.2/node_modules/@prisma/get-platform/dist/chunk-YVXCXD3A.js                                             1.3kb    0.1%
   ├ ../../node_modules/.pnpm/chevrotain@10.5.0/node_modules/chevrotain/lib/src/parse/parser/traits/lexer_adapter.js                                          1.2kb    0.1%
   ├ ../../node_modules/.pnpm/pathe@2.0.3/node_modules/pathe/dist/utils.cjs                                                                                   1.2kb    0.1%
   ├ ../../node_modules/.pnpm/hono@4.7.10/node_modules/hono/dist/cjs/router/pattern-router/router.js                                                          1.2kb    0.1%
   ├ ../../node_modules/.pnpm/@prisma+get-platform@6.8.2/node_modules/@prisma/get-platform/dist/chunk-7MLUNQIZ.js                                             1.1kb    0.1%
   ├ ../../node_modules/.pnpm/hono@4.7.10/node_modules/hono/dist/cjs/middleware/logger/index.js                                                               1.1kb    0.1%
   ├ ../../node_modules/.pnpm/chevrotain@10.5.0/node_modules/chevrotain/lib/src/diagrams/render_public.js                                                     1.1kb    0.1%
   ├ ../../node_modules/.pnpm/retry@0.12.0/node_modules/retry/lib/retry.js                                                                                    1.1kb    0.1%
   ├ ../../node_modules/.pnpm/@prisma+get-platform@6.8.2/node_modules/@prisma/get-platform/dist/chunk-O5EOXX3N.js                                             1.1kb    0.1%
   ├ ../../node_modules/.pnpm/remeda@2.21.3/node_modules/remeda/dist/chunk-PKGCBR7D.cjs                                                                       1.1kb    0.1%
   ├ ../../node_modules/.pnpm/remeda@2.21.3/node_modules/remeda/dist/chunk-X6ZUI5VV.cjs                                                                       1.1kb    0.1%
   ├ ../../node_modules/.pnpm/chevrotain@10.5.0/node_modules/chevrotain/lib/src/parse/parser/traits/perf_tracer.js                                            1.0kb    0.1%
   ├ ../../node_modules/.pnpm/hono@4.7.10/node_modules/hono/dist/cjs/utils/crypto.js                                                                          1.0kb    0.1%
   ├ ../../node_modules/.pnpm/remeda@2.21.3/node_modules/remeda/dist/chunk-D5PQ5W4L.cjs                                                                      1022b     0.1%
   ├ ../../node_modules/.pnpm/hono@4.7.10/node_modules/hono/dist/cjs/utils/buffer.js                                                                         1015b     0.1%
   ├ ../../node_modules/.pnpm/@prisma+get-platform@6.8.2/node_modules/@prisma/get-platform/dist/index.js                                                     1004b     0.1%
   ├ ../../node_modules/.pnpm/remeda@2.21.3/node_modules/remeda/dist/chunk-S2RLV6Q3.cjs                                                                      1004b     0.1%
   ├ src/workers/ppgDevServer.ts                                                                                                                              959b     0.1%
   ├ ../../node_modules/.pnpm/chevrotain@10.5.0/node_modules/chevrotain/lib/src/parse/grammar/first.js                                                        935b     0.1%
   ├ ../../node_modules/.pnpm/lodash@4.17.21/node_modules/lodash/_equalByTag.js                                                                               933b     0.1%
   ├ ../../node_modules/.pnpm/lodash@4.17.21/node_modules/lodash/_initCloneByTag.js                                                                           907b     0.1%
   ├ ../../node_modules/.pnpm/hono@4.7.10/node_modules/hono/dist/cjs/compose.js                                                                               904b     0.1%
   ├ ../../node_modules/.pnpm/chevrotain@10.5.0/node_modules/chevrotain/lib/src/parse/cst/cst.js                                                              898b     0.1%
   ├ ../../node_modules/.pnpm/remeda@2.21.3/node_modules/remeda/dist/chunk-5IKF76SM.cjs                                                                       870b     0.1%
   ├ ../../node_modules/.pnpm/lodash@4.17.21/node_modules/lodash/_baseIsTypedArray.js                                                                         855b     0.1%
   ├ ../../node_modules/.pnpm/remeda@2.21.3/node_modules/remeda/dist/chunk-UU7GYPY2.cjs                                                                       855b     0.1%
   ├ ../../node_modules/.pnpm/hono@4.7.10/node_modules/hono/dist/cjs/router.js                                                                                792b     0.1%
   ├ ../../node_modules/.pnpm/chevrotain@10.5.0/node_modules/chevrotain/lib/src/parse/grammar/keys.js                                                         781b     0.1%
   ├ ../../node_modules/.pnpm/remeda@2.21.3/node_modules/remeda/dist/chunk-T5ZJWHFN.cjs                                                                       779b     0.1%
   ├ ../../node_modules/.pnpm/hono@4.7.10/node_modules/hono/dist/cjs/http-exception.js                                                                        773b     0.1%
   ├ ../../node_modules/.pnpm/chevrotain@10.5.0/node_modules/chevrotain/lib/src/parse/parser/traits/context_assist.js                                         764b     0.1%
   ├ ../../node_modules/.pnpm/@prisma+get-platform@6.8.2/node_modules/@prisma/get-platform/dist/chunk-2U36ISZO.js                                             758b     0.1%
   ├ ../../node_modules/.pnpm/@prisma+get-platform@6.8.2/node_modules/@prisma/get-platform/dist/chunk-FWMN4WME.js                                             748b     0.1%
   ├ ../../node_modules/.pnpm/proper-lockfile@4.1.2/node_modules/proper-lockfile/lib/adapter.js                                                               728b     0.1%
   ├ ../../node_modules/.pnpm/pathe@2.0.3/node_modules/pathe/dist/index.cjs                                                                                   711b     0.1%
   ├ ../../node_modules/.pnpm/lodash@4.17.21/node_modules/lodash/_equalObjects.js                                                                             710b     0.1%
   ├ ../../node_modules/.pnpm/grammex@3.1.12/node_modules/grammex/dist/utils.js                                                                               707b     0.1%
   ├ ../../node_modules/.pnpm/chevrotain@10.5.0/node_modules/chevrotain/lib/src/parse/grammar/gast/gast_resolver_public.js                                    681b     0.0%
   ├ ../../node_modules/.pnpm/lodash@4.17.21/node_modules/lodash/_baseIsEqualDeep.js                                                                          654b     0.0%
   ├ ../../node_modules/.pnpm/hono@4.7.10/node_modules/hono/dist/cjs/utils/color.js                                                                           641b     0.0%
   ├ ../../node_modules/.pnpm/remeda@2.21.3/node_modules/remeda/dist/chunk-NA3WZ7D3.cjs                                                                       639b     0.0%
   ├ ../../node_modules/.pnpm/remeda@2.21.3/node_modules/remeda/dist/chunk-V7ZPCN44.cjs                                                                       633b     0.0%
   ├ ../../node_modules/.pnpm/hono@4.7.10/node_modules/hono/dist/cjs/preset/tiny.js                                                                           613b     0.0%
   ├ ../../node_modules/.pnpm/lodash@4.17.21/node_modules/lodash/_getTag.js                                                                                   590b     0.0%
   ├ ../../node_modules/.pnpm/lodash@4.17.21/node_modules/lodash/_unicodeToArray.js                                                                           582b     0.0%
   ├ ../../node_modules/.pnpm/remeda@2.21.3/node_modules/remeda/dist/chunk-MPU7HW5R.cjs                                                                       582b     0.0%
   ├ ../../node_modules/.pnpm/remeda@2.21.3/node_modules/remeda/dist/chunk-75BBMK4S.cjs                                                                       567b     0.0%
   ├ ../../node_modules/.pnpm/remeda@2.21.3/node_modules/remeda/dist/chunk-HGUAQQNV.cjs                                                                       567b     0.0%
   ├ ../../node_modules/.pnpm/@chevrotain+utils@10.5.0/node_modules/@chevrotain/utils/lib/src/api.js                                                          565b     0.0%
   ├ ../../node_modules/.pnpm/remeda@2.21.3/node_modules/remeda/dist/chunk-6HYXG26Y.cjs                                                                       558b     0.0%
   ├ ../../node_modules/.pnpm/lodash@4.17.21/node_modules/lodash/_equalArrays.js                                                                              555b     0.0%
   ├ ../../node_modules/.pnpm/remeda@2.21.3/node_modules/remeda/dist/chunk-G5SRK664.cjs                                                                       552b     0.0%
   ├ ../../node_modules/.pnpm/proper-lockfile@4.1.2/node_modules/proper-lockfile/index.js                                                                     550b     0.0%
   ├ ../../node_modules/.pnpm/@chevrotain+cst-dts-gen@10.5.0/node_modules/@chevrotain/cst-dts-gen/lib/src/api.js                                              546b     0.0%
   ├ ../../node_modules/.pnpm/hono@4.7.10/node_modules/hono/dist/cjs/utils/constants.js                                                                       540b     0.0%
   ├ ../../node_modules/.pnpm/remeda@2.21.3/node_modules/remeda/dist/chunk-JQ3GECEZ.cjs                                                                       536b     0.0%
   ├ ../../node_modules/.pnpm/hono@4.7.10/node_modules/hono/dist/cjs/router/pattern-router/index.js                                                           535b     0.0%
   ├ ../../node_modules/.pnpm/hono@4.7.10/node_modules/hono/dist/cjs/validator/index.js                                                                       527b     0.0%
   ├ ../../node_modules/.pnpm/remeda@2.21.3/node_modules/remeda/dist/chunk-ZWNBJWUK.cjs                                                                       514b     0.0%
   ├ ../../node_modules/.pnpm/hono@4.7.10/node_modules/hono/dist/cjs/client/index.js                                                                          513b     0.0%
   ├ ../../node_modules/.pnpm/proper-lockfile@4.1.2/node_modules/proper-lockfile/lib/mtime-precision.js                                                       499b     0.0%
   ├ ../../node_modules/.pnpm/remeda@2.21.3/node_modules/remeda/dist/chunk-D6RGFPIY.cjs                                                                       485b     0.0%
   ├ ../../node_modules/.pnpm/remeda@2.21.3/node_modules/remeda/dist/chunk-PUTECPK2.cjs                                                                       478b     0.0%
   ├ ../../node_modules/.pnpm/chevrotain@10.5.0/node_modules/chevrotain/lib/src/scan/lexer_errors_public.js                                                   473b     0.0%
   ├ ../../node_modules/.pnpm/remeda@2.21.3/node_modules/remeda/dist/chunk-S27VPZ5W.cjs                                                                       464b     0.0%
   ├ ../../node_modules/.pnpm/http-status-codes@2.3.0/node_modules/http-status-codes/build/cjs/utils-functions.js                                             462b     0.0%
   ├ ../../node_modules/.pnpm/lodash@4.17.21/node_modules/lodash/_baseUniq.js                                                                                 457b     0.0%
   ├ ../../node_modules/.pnpm/lodash@4.17.21/node_modules/lodash/isEmpty.js                                                                                   440b     0.0%
   ├ ../../node_modules/.pnpm/@chevrotain+utils@10.5.0/node_modules/@chevrotain/utils/lib/src/to-fast-properties.js                                           434b     0.0%
   ├ ../../node_modules/.pnpm/lodash@4.17.21/node_modules/lodash/_arrayLikeKeys.js                                                                            423b     0.0%
   ├ ../../node_modules/.pnpm/remeda@2.21.3/node_modules/remeda/dist/chunk-SW75WWHG.cjs                                                                       422b     0.0%
   ├ ../../node_modules/.pnpm/remeda@2.21.3/node_modules/remeda/dist/chunk-TU6MSHCK.cjs                                                                       422b     0.0%
   ├ ../../node_modules/.pnpm/lodash@4.17.21/node_modules/lodash/_baseDifference.js                                                                           419b     0.0%
   ├ ../../node_modules/.pnpm/lodash@4.17.21/node_modules/lodash/toNumber.js                                                                                  417b     0.0%
   ├ ../../node_modules/.pnpm/lodash@4.17.21/node_modules/lodash/_baseIsNative.js                                                                             412b     0.0%
   ├ ../../node_modules/.pnpm/remeda@2.21.3/node_modules/remeda/dist/chunk-XDKRAYSB.cjs                                                                       406b     0.0%
   ├ ../../node_modules/.pnpm/lodash@4.17.21/node_modules/lodash/_baseIsMatch.js                                                                              402b     0.0%
   ├ ../../node_modules/.pnpm/remeda@2.21.3/node_modules/remeda/dist/chunk-MS64TI7P.cjs                                                                       397b     0.0%
   ├ ../../node_modules/.pnpm/zeptomatch@2.0.2/node_modules/zeptomatch/dist/range.js                                                                          397b     0.0%
   ├ ../../node_modules/.pnpm/remeda@2.21.3/node_modules/remeda/dist/chunk-7UMON52X.cjs                                                                       396b     0.0%
   ├ ../../node_modules/.pnpm/remeda@2.21.3/node_modules/remeda/dist/chunk-AT5TIXX7.cjs                                                                       396b     0.0%
   ├ ../../node_modules/.pnpm/chevrotain@10.5.0/node_modules/chevrotain/lib/src/parse/parser/utils/apply_mixins.js                                            385b     0.0%
   ├ ../../node_modules/.pnpm/lodash@4.17.21/node_modules/lodash/_baseSet.js                                                                                  381b     0.0%
   ├ ../../node_modules/.pnpm/graceful-fs@4.2.11/node_modules/graceful-fs/clone.js                                                                            375b     0.0%
   ├ ../../node_modules/.pnpm/lodash@4.17.21/node_modules/lodash/memoize.js                                                                                   366b     0.0%
   ├ ../../node_modules/.pnpm/lodash@4.17.21/node_modules/lodash/defaults.js                                                                                  362b     0.0%
   ├ ../../node_modules/.pnpm/chevrotain@10.5.0/node_modules/chevrotain/lib/src/scan/reg_exp_parser.js                                                        353b     0.0%
   ├ ../../node_modules/.pnpm/lodash@4.17.21/node_modules/lodash/negate.js                                                                                    345b     0.0%
   ├ ../../node_modules/.pnpm/remeda@2.21.3/node_modules/remeda/dist/chunk-ZUF6ZE7Y.cjs                                                                       343b     0.0%
   ├ ../../node_modules/.pnpm/remeda@2.21.3/node_modules/remeda/dist/chunk-GXKVKQM5.cjs                                                                       340b     0.0%
   ├ ../../node_modules/.pnpm/foreground-child@3.3.1/node_modules/foreground-child/dist/commonjs/proxy-signals.js                                             337b     0.0%
   ├ ../../node_modules/.pnpm/remeda@2.21.3/node_modules/remeda/dist/chunk-M3L4UK5T.cjs                                                                       337b     0.0%
   ├ ../../node_modules/.pnpm/remeda@2.21.3/node_modules/remeda/dist/chunk-QI5QULXZ.cjs                                                                       336b     0.0%
   ├ ../../node_modules/.pnpm/remeda@2.21.3/node_modules/remeda/dist/chunk-5GCNM4TP.cjs                                                                       331b     0.0%
   ├ ../../node_modules/.pnpm/remeda@2.21.3/node_modules/remeda/dist/chunk-PMK67E5C.cjs                                                                       326b     0.0%
   ├ ../../node_modules/.pnpm/remeda@2.21.3/node_modules/remeda/dist/chunk-TC3VTSJG.cjs                                                                       323b     0.0%
   ├ ../../node_modules/.pnpm/remeda@2.21.3/node_modules/remeda/dist/chunk-SLOORCZQ.cjs                                                                       321b     0.0%
   ├ ../../node_modules/.pnpm/lodash@4.17.21/node_modules/lodash/_cloneBuffer.js                                                                              320b     0.0%
   ├ ../../node_modules/.pnpm/remeda@2.21.3/node_modules/remeda/dist/chunk-AVEYWMCA.cjs                                                                       319b     0.0%
   ├ ../../node_modules/.pnpm/foreground-child@3.3.1/node_modules/foreground-child/dist/commonjs/all-signals.js                                               317b     0.0%
   ├ ../../node_modules/.pnpm/remeda@2.21.3/node_modules/remeda/dist/chunk-QQMER7RH.cjs                                                                       315b     0.0%
   ├ ../../node_modules/.pnpm/remeda@2.21.3/node_modules/remeda/dist/chunk-NWHBKSHO.cjs                                                                       313b     0.0%
   ├ ../../node_modules/.pnpm/lodash@4.17.21/node_modules/lodash/_createAssigner.js                                                                           310b     0.0%
   ├ ../../node_modules/.pnpm/@chevrotain+utils@10.5.0/node_modules/@chevrotain/utils/lib/src/print.js                                                        308b     0.0%
   ├ ../../node_modules/.pnpm/remeda@2.21.3/node_modules/remeda/dist/chunk-IL2RUYYC.cjs                                                                       308b     0.0%
   ├ ../../node_modules/.pnpm/lodash@4.17.21/node_modules/lodash/_nodeUtil.js                                                                                 305b     0.0%
   ├ ../../node_modules/.pnpm/signal-exit@3.0.7/node_modules/signal-exit/signals.js                                                                           304b     0.0%
   ├ ../../node_modules/.pnpm/lodash@4.17.21/node_modules/lodash/_stringToPath.js                                                                             302b     0.0%
   ├ ../../node_modules/.pnpm/remeda@2.21.3/node_modules/remeda/dist/chunk-34GN6B7T.cjs                                                                       299b     0.0%
   ├ ../../node_modules/.pnpm/remeda@2.21.3/node_modules/remeda/dist/chunk-3P4UBBB3.cjs                                                                       297b     0.0%
   ├ ../../node_modules/.pnpm/remeda@2.21.3/node_modules/remeda/dist/chunk-4RYR4IWG.cjs                                                                       294b     0.0%
   ├ ../../node_modules/.pnpm/remeda@2.21.3/node_modules/remeda/dist/chunk-REQVD4AZ.cjs                                                                       292b     0.0%
   ├ ../../node_modules/.pnpm/remeda@2.21.3/node_modules/remeda/dist/chunk-4ZTNVSXT.cjs                                                                       289b     0.0%
   ├ ../../node_modules/.pnpm/remeda@2.21.3/node_modules/remeda/dist/chunk-3KRG5UMC.cjs                                                                       288b     0.0%
   ├ ../../node_modules/.pnpm/lodash@4.17.21/node_modules/lodash/_Hash.js                                                                                     287b     0.0%
   ├ ../../node_modules/.pnpm/lodash@4.17.21/node_modules/lodash/_ListCache.js                                                                                287b     0.0%
   ├ ../../node_modules/.pnpm/lodash@4.17.21/node_modules/lodash/_MapCache.js                                                                                 287b     0.0%
   ├ ../../node_modules/.pnpm/lodash@4.17.21/node_modules/lodash/_isKey.js                                                                                    285b     0.0%
   ├ ../../node_modules/.pnpm/lodash@4.17.21/node_modules/lodash/_hasPath.js                                                                                  284b     0.0%
   ├ ../../node_modules/.pnpm/remeda@2.21.3/node_modules/remeda/dist/chunk-JGID4GKC.cjs                                                                       282b     0.0%
   ├ ../../node_modules/.pnpm/remeda@2.21.3/node_modules/remeda/dist/chunk-Q73CVJTE.cjs                                                                       282b     0.0%
   ├ ../../node_modules/.pnpm/lodash@4.17.21/node_modules/lodash/_overRest.js                                                                                 281b     0.0%
   ├ ../../node_modules/.pnpm/remeda@2.21.3/node_modules/remeda/dist/chunk-LWCQ4FPF.cjs                                                                       281b     0.0%
   ├ ../../node_modules/.pnpm/lodash@4.17.21/node_modules/lodash/_baseToString.js                                                                             279b     0.0%
   ├ ../../node_modules/.pnpm/lodash@4.17.21/node_modules/lodash/_stackSet.js                                                                                 278b     0.0%
   ├ ../../node_modules/.pnpm/remeda@2.21.3/node_modules/remeda/dist/chunk-W4VRKAAE.cjs                                                                       277b     0.0%
   ├ ../../node_modules/.pnpm/remeda@2.21.3/node_modules/remeda/dist/chunk-Y57634DZ.cjs                                                                       277b     0.0%
   ├ ../../node_modules/.pnpm/remeda@2.21.3/node_modules/remeda/dist/chunk-QW3EAVEA.cjs                                                                       272b     0.0%
   ├ ../../node_modules/.pnpm/remeda@2.21.3/node_modules/remeda/dist/chunk-I2ERW5YG.cjs                                                                       268b     0.0%
   ├ ../../node_modules/.pnpm/lodash@4.17.21/node_modules/lodash/_getRawTag.js                                                                                262b     0.0%
   ├ ../../node_modules/.pnpm/remeda@2.21.3/node_modules/remeda/dist/chunk-BZYOHWWL.cjs                                                                       256b     0.0%
   ├ ../../node_modules/.pnpm/lodash@4.17.21/node_modules/lodash/_Stack.js                                                                                    255b     0.0%
   ├ ../../node_modules/.pnpm/remeda@2.21.3/node_modules/remeda/dist/chunk-S5DQCGKC.cjs                                                                       255b     0.0%
   ├ ../../node_modules/.pnpm/remeda@2.21.3/node_modules/remeda/dist/chunk-YC27MA32.cjs                                                                       255b     0.0%
   ├ ../../node_modules/.pnpm/remeda@2.21.3/node_modules/remeda/dist/chunk-LMJNK5LK.cjs                                                                       254b     0.0%
   ├ ../../node_modules/.pnpm/remeda@2.21.3/node_modules/remeda/dist/chunk-NWRHIARR.cjs                                                                       254b     0.0%
   ├ ../../node_modules/.pnpm/remeda@2.21.3/node_modules/remeda/dist/chunk-ELFDWEMP.cjs                                                                       253b     0.0%
   ├ ../../node_modules/.pnpm/lodash@4.17.21/node_modules/lodash/_hasUnicode.js                                                                               251b     0.0%
   ├ ../../node_modules/.pnpm/remeda@2.21.3/node_modules/remeda/dist/chunk-NMUYSTVE.cjs                                                                       251b     0.0%
   ├ ../../node_modules/.pnpm/remeda@2.21.3/node_modules/remeda/dist/chunk-VWDVR6US.cjs                                                                       251b     0.0%
   ├ ../../node_modules/.pnpm/remeda@2.21.3/node_modules/remeda/dist/chunk-ZCC7WYCP.cjs                                                                       250b     0.0%
   ├ ../../node_modules/.pnpm/lodash@4.17.21/node_modules/lodash/assign.js                                                                                    249b     0.0%
   ├ ../../node_modules/.pnpm/remeda@2.21.3/node_modules/remeda/dist/chunk-DAYTD43R.cjs                                                                       249b     0.0%
   ├ ../../node_modules/.pnpm/lodash@4.17.21/node_modules/lodash/includes.js                                                                                  248b     0.0%
   ├ ../../node_modules/.pnpm/remeda@2.21.3/node_modules/remeda/dist/chunk-UFTJUNC6.cjs                                                                       248b     0.0%
   ├ ../../node_modules/.pnpm/remeda@2.21.3/node_modules/remeda/dist/chunk-2XXIQJTR.cjs                                                                       247b     0.0%
   ├ ../../node_modules/.pnpm/remeda@2.21.3/node_modules/remeda/dist/chunk-4VC3MPGE.cjs                                                                       247b     0.0%
   ├ ../../node_modules/.pnpm/remeda@2.21.3/node_modules/remeda/dist/chunk-DJB2I5PQ.cjs                                                                       247b     0.0%
   ├ ../../node_modules/.pnpm/remeda@2.21.3/node_modules/remeda/dist/chunk-GLIRDO34.cjs                                                                       245b     0.0%
   ├ ../../node_modules/.pnpm/remeda@2.21.3/node_modules/remeda/dist/chunk-IHCR2VP6.cjs                                                                       244b     0.0%
   ├ ../../node_modules/.pnpm/remeda@2.21.3/node_modules/remeda/dist/chunk-VLG4DYAM.cjs                                                                       244b     0.0%
   ├ ../../node_modules/.pnpm/remeda@2.21.3/node_modules/remeda/dist/chunk-O65NE3GF.cjs                                                                       243b     0.0%
   ├ ../../node_modules/.pnpm/remeda@2.21.3/node_modules/remeda/dist/chunk-2AIJNCMM.cjs                                                                       241b     0.0%
   ├ ../../node_modules/.pnpm/chevrotain@10.5.0/node_modules/chevrotain/lib/src/lang/lang_extensions.js                                                       240b     0.0%
   ├ ../../node_modules/.pnpm/lodash@4.17.21/node_modules/lodash/_createFind.js                                                                               240b     0.0%
   ├ ../../node_modules/.pnpm/remeda@2.21.3/node_modules/remeda/dist/chunk-AAZFKWGU.cjs                                                                       240b     0.0%
   ├ ../../node_modules/.pnpm/lodash@4.17.21/node_modules/lodash/isFunction.js                                                                                239b     0.0%
   ├ ../../node_modules/.pnpm/remeda@2.21.3/node_modules/remeda/dist/chunk-BM6SI2YX.cjs                                                                       238b     0.0%
   ├ ../../node_modules/.pnpm/remeda@2.21.3/node_modules/remeda/dist/chunk-FLTTBUCJ.cjs                                                                       237b     0.0%
   ├ ../../node_modules/.pnpm/lodash@4.17.21/node_modules/lodash/isArguments.js                                                                               236b     0.0%
   ├ ../../node_modules/.pnpm/remeda@2.21.3/node_modules/remeda/dist/chunk-NXZVXNHW.cjs                                                                       235b     0.0%
   ├ ../../node_modules/.pnpm/remeda@2.21.3/node_modules/remeda/dist/chunk-BEDWAHNW.cjs                                                                       233b     0.0%
   ├ ../../node_modules/.pnpm/remeda@2.21.3/node_modules/remeda/dist/chunk-W63E7QOP.cjs                                                                       233b     0.0%
   ├ ../../node_modules/.pnpm/remeda@2.21.3/node_modules/remeda/dist/chunk-ZO625H7X.cjs                                                                       233b     0.0%
   ├ ../../node_modules/.pnpm/lodash@4.17.21/node_modules/lodash/_baseKeysIn.js                                                                               232b     0.0%
   ├ ../../node_modules/.pnpm/lodash@4.17.21/node_modules/lodash/_getSymbols.js                                                                               232b     0.0%
   ├ ../../node_modules/.pnpm/remeda@2.21.3/node_modules/remeda/dist/chunk-Q22Q5SA4.cjs                                                                       232b     0.0%
   ├ ../../node_modules/.pnpm/remeda@2.21.3/node_modules/remeda/dist/chunk-4VTDZAPE.cjs                                                                       231b     0.0%
   ├ ../../node_modules/.pnpm/lodash@4.17.21/node_modules/lodash/isBuffer.js                                                                                  230b     0.0%
   ├ ../../node_modules/.pnpm/remeda@2.21.3/node_modules/remeda/dist/chunk-6KOQ7JDR.cjs                                                                       230b     0.0%
   ├ ../../node_modules/.pnpm/remeda@2.21.3/node_modules/remeda/dist/chunk-ECAJZUL7.cjs                                                                       230b     0.0%
   ├ ../../node_modules/.pnpm/remeda@2.21.3/node_modules/remeda/dist/chunk-J6HTDNZE.cjs                                                                       230b     0.0%
   ├ ../../node_modules/.pnpm/lodash@4.17.21/node_modules/lodash/_baseMatchesProperty.js                                                                      229b     0.0%
   ├ ../../node_modules/.pnpm/lodash@4.17.21/node_modules/lodash/_initCloneArray.js                                                                           229b     0.0%
   ├ ../../node_modules/.pnpm/remeda@2.21.3/node_modules/remeda/dist/chunk-HM6HSJEM.cjs                                                                       229b     0.0%
   ├ ../../node_modules/.pnpm/lodash@4.17.21/node_modules/lodash/_hashGet.js                                                                                  228b     0.0%
   ├ ../../node_modules/.pnpm/lodash@4.17.21/node_modules/lodash/_shortOut.js                                                                                 226b     0.0%
   ├ ../../node_modules/.pnpm/remeda@2.21.3/node_modules/remeda/dist/chunk-YAJVPEZM.cjs                                                                       226b     0.0%
   ├ ../../node_modules/.pnpm/remeda@2.21.3/node_modules/remeda/dist/chunk-7GN7FGBW.cjs                                                                       224b     0.0%
   ├ ../../node_modules/.pnpm/remeda@2.21.3/node_modules/remeda/dist/chunk-MPBCLIQU.cjs                                                                       223b     0.0%
   ├ ../../node_modules/.pnpm/zeptomatch@2.0.2/node_modules/zeptomatch/dist/index.js                                                                          223b     0.0%
   ├ ../../node_modules/.pnpm/lodash@4.17.21/node_modules/lodash/_copyObject.js                                                                               221b     0.0%
   ├ ../../node_modules/.pnpm/remeda@2.21.3/node_modules/remeda/dist/chunk-HQL5XYE7.cjs                                                                       221b     0.0%
   ├ ../../node_modules/.pnpm/remeda@2.21.3/node_modules/remeda/dist/chunk-KFHB6A6I.cjs                                                                       221b     0.0%
   ├ ../../node_modules/.pnpm/lodash@4.17.21/node_modules/lodash/_apply.js                                                                                    220b     0.0%
   ├ ../../node_modules/.pnpm/lodash@4.17.21/node_modules/lodash/_createCaseFirst.js                                                                          219b     0.0%
   ├ ../../node_modules/.pnpm/zeptomatch@2.0.2/node_modules/zeptomatch/dist/normalize/grammar.js                                                              219b     0.0%
   ├ ../../node_modules/.pnpm/lodash@4.17.21/node_modules/lodash/_baseKeys.js                                                                                 218b     0.0%
   ├ ../../node_modules/.pnpm/remeda@2.21.3/node_modules/remeda/dist/chunk-JD7CAUJN.cjs                                                                       218b     0.0%
   ├ ../../node_modules/.pnpm/remeda@2.21.3/node_modules/remeda/dist/chunk-A7IM4EB6.cjs                                                                       217b     0.0%
   ├ ../../node_modules/.pnpm/remeda@2.21.3/node_modules/remeda/dist/chunk-KAE62FYN.cjs                                                                       217b     0.0%
   ├ ../../node_modules/.pnpm/remeda@2.21.3/node_modules/remeda/dist/chunk-WSJ5LCAC.cjs                                                                       217b     0.0%
   ├ ../../node_modules/.pnpm/remeda@2.21.3/node_modules/remeda/dist/chunk-FIQZQNX2.cjs                                                                       216b     0.0%
   ├ ../../node_modules/.pnpm/remeda@2.21.3/node_modules/remeda/dist/chunk-GZH7C6SQ.cjs                                                                       215b     0.0%
   ├ ../../node_modules/.pnpm/lodash@4.17.21/node_modules/lodash/_SetCache.js                                                                                 214b     0.0%
   ├ ../../node_modules/.pnpm/lodash@4.17.21/node_modules/lodash/_baseCreate.js                                                                               214b     0.0%
   ├ ../../node_modules/.pnpm/lodash@4.17.21/node_modules/lodash/_baseGetTag.js                                                                               214b     0.0%
   ├ ../../node_modules/.pnpm/lodash@4.17.21/node_modules/lodash/_createBaseEach.js                                                                           214b     0.0%
   ├ ../../node_modules/.pnpm/remeda@2.21.3/node_modules/remeda/dist/chunk-YGIDST3P.cjs                                                                       214b     0.0%
   ├ ../../node_modules/.pnpm/lodash@4.17.21/node_modules/lodash/pickBy.js                                                                                    213b     0.0%
   ├ ../../node_modules/.pnpm/lodash@4.17.21/node_modules/lodash/_baseFlatten.js                                                                              212b     0.0%
   ├ ../../node_modules/.pnpm/remeda@2.21.3/node_modules/remeda/dist/chunk-PPE6B4RB.cjs                                                                       212b     0.0%
   ├ ../../node_modules/.pnpm/lodash@4.17.21/node_modules/lodash/_isIterateeCall.js                                                                           211b     0.0%
   ├ ../../node_modules/.pnpm/@chevrotain+utils@10.5.0/node_modules/@chevrotain/utils/lib/src/timer.js                                                        209b     0.0%
   ├ ../../node_modules/.pnpm/lodash@4.17.21/node_modules/lodash/findIndex.js                                                                                 209b     0.0%
   ├ ../../node_modules/.pnpm/lodash@4.17.21/node_modules/lodash/_listCacheDelete.js                                                                          208b     0.0%
   ├ ../../node_modules/.pnpm/remeda@2.21.3/node_modules/remeda/dist/chunk-DZVP2H4Z.cjs                                                                       206b     0.0%
   ├ ../../node_modules/.pnpm/remeda@2.21.3/node_modules/remeda/dist/chunk-FWBEA4KI.cjs                                                                       205b     0.0%
   ├ ../../node_modules/.pnpm/remeda@2.21.3/node_modules/remeda/dist/chunk-B5SN45ZR.cjs                                                                       204b     0.0%
   ├ ../../node_modules/.pnpm/remeda@2.21.3/node_modules/remeda/dist/chunk-3KEUHLXU.cjs                                                                       202b     0.0%
   ├ ../../node_modules/.pnpm/remeda@2.21.3/node_modules/remeda/dist/chunk-RTR4MU4F.cjs                                                                       201b     0.0%
   ├ ../../node_modules/.pnpm/remeda@2.21.3/node_modules/remeda/dist/chunk-EF63VB6A.cjs                                                                       199b     0.0%
   ├ ../../node_modules/.pnpm/lodash@4.17.21/node_modules/lodash/toFinite.js                                                                                  196b     0.0%
   ├ ../../node_modules/.pnpm/lodash@4.17.21/node_modules/lodash/indexOf.js                                                                                   193b     0.0%
   ├ ../../node_modules/.pnpm/lodash@4.17.21/node_modules/lodash/_isIndex.js                                                                                  192b     0.0%
   ├ ../../node_modules/.pnpm/remeda@2.21.3/node_modules/remeda/dist/chunk-SWRXQTAP.cjs                                                                       191b     0.0%
   ├ ../../node_modules/.pnpm/lodash@4.17.21/node_modules/lodash/_baseSlice.js                                                                                189b     0.0%
   ├ ../../node_modules/.pnpm/remeda@2.21.3/node_modules/remeda/dist/chunk-75PBP5WG.cjs                                                                       189b     0.0%
   ├ ../../node_modules/.pnpm/lodash@4.17.21/node_modules/lodash/_assignValue.js                                                                              188b     0.0%
   ├ ../../node_modules/.pnpm/lodash@4.17.21/node_modules/lodash/_isMasked.js                                                                                 188b     0.0%
   ├ ../../node_modules/.pnpm/remeda@2.21.3/node_modules/remeda/dist/chunk-2ZT6ZUHA.cjs                                                                       188b     0.0%
   ├ ../../node_modules/.pnpm/lodash@4.17.21/node_modules/lodash/_baseIteratee.js                                                                             187b     0.0%
   ├ ../../node_modules/.pnpm/remeda@2.21.3/node_modules/remeda/dist/chunk-PJ3QR7X6.cjs                                                                       187b     0.0%
   ├ ../../node_modules/.pnpm/remeda@2.21.3/node_modules/remeda/dist/chunk-YH245BNS.cjs                                                                       187b     0.0%
   ├ ../../node_modules/.pnpm/remeda@2.21.3/node_modules/remeda/dist/chunk-AXOG5YEI.cjs                                                                       186b     0.0%
   ├ ../../node_modules/.pnpm/remeda@2.21.3/node_modules/remeda/dist/chunk-FRWAFJKG.cjs                                                                       185b     0.0%
   ├ ../../node_modules/.pnpm/remeda@2.21.3/node_modules/remeda/dist/chunk-BZO7MYMJ.cjs                                                                       184b     0.0%
   ├ ../../node_modules/.pnpm/remeda@2.21.3/node_modules/remeda/dist/chunk-CC5N3CBN.cjs                                                                       184b     0.0%
   ├ ../../node_modules/.pnpm/remeda@2.21.3/node_modules/remeda/dist/chunk-PY6OB64J.cjs                                                                       184b     0.0%
   ├ ../../node_modules/.pnpm/remeda@2.21.3/node_modules/remeda/dist/chunk-XXKZEFZR.cjs                                                                       184b     0.0%
   ├ ../../node_modules/.pnpm/remeda@2.21.3/node_modules/remeda/dist/chunk-ZLH62437.cjs                                                                       184b     0.0%
   ├ ../../node_modules/.pnpm/lodash@4.17.21/node_modules/lodash/_getSymbolsIn.js                                                                             183b     0.0%
   ├ ../../node_modules/.pnpm/remeda@2.21.3/node_modules/remeda/dist/chunk-MBXCQU5L.cjs                                                                       183b     0.0%
   ├ ../../node_modules/.pnpm/remeda@2.21.3/node_modules/remeda/dist/chunk-RVX2TFUE.cjs                                                                       183b     0.0%
   ├ ../../node_modules/.pnpm/remeda@2.21.3/node_modules/remeda/dist/chunk-WYUQLEQD.cjs                                                                       183b     0.0%
   ├ ../../node_modules/.pnpm/lodash@4.17.21/node_modules/lodash/_basePickBy.js                                                                               182b     0.0%
   ├ ../../node_modules/.pnpm/remeda@2.21.3/node_modules/remeda/dist/chunk-MJIQNGEH.cjs                                                                       182b     0.0%
   ├ ../../node_modules/.pnpm/remeda@2.21.3/node_modules/remeda/dist/chunk-W2QFDLUD.cjs                                                                       182b     0.0%
   ├ ../../node_modules/.pnpm/remeda@2.21.3/node_modules/remeda/dist/chunk-YU24FKMC.cjs                                                                       181b     0.0%
   ├ ../../node_modules/.pnpm/remeda@2.21.3/node_modules/remeda/dist/chunk-YXZFAXXN.cjs                                                                       181b     0.0%
   ├ ../../node_modules/.pnpm/lodash@4.17.21/node_modules/lodash/_hashSet.js                                                                                  180b     0.0%
   ├ ../../node_modules/.pnpm/remeda@2.21.3/node_modules/remeda/dist/chunk-ASMZKAYC.cjs                                                                       179b     0.0%
   ├ ../../node_modules/.pnpm/remeda@2.21.3/node_modules/remeda/dist/chunk-F4ZUXSJV.cjs                                                                       179b     0.0%
   ├ ../../node_modules/.pnpm/remeda@2.21.3/node_modules/remeda/dist/chunk-GNIWPLB4.cjs                                                                       179b     0.0%
   ├ ../../node_modules/.pnpm/remeda@2.21.3/node_modules/remeda/dist/chunk-PXWJIMRU.cjs                                                                       179b     0.0%
   ├ ../../node_modules/.pnpm/remeda@2.21.3/node_modules/remeda/dist/chunk-QN6JCLUE.cjs                                                                       178b     0.0%
   ├ ../../node_modules/.pnpm/lodash@4.17.21/node_modules/lodash/reduce.js                                                                                    177b     0.0%
   ├ ../../node_modules/.pnpm/remeda@2.21.3/node_modules/remeda/dist/chunk-JGMA3PLA.cjs                                                                       177b     0.0%
   ├ ../../node_modules/.pnpm/remeda@2.21.3/node_modules/remeda/dist/chunk-JIW25GCL.cjs                                                                       177b     0.0%
   ├ ../../node_modules/.pnpm/lodash@4.17.21/node_modules/lodash/_baseMatches.js                                                                              176b     0.0%
   ├ ../../node_modules/.pnpm/lodash@4.17.21/node_modules/lodash/_createBaseFor.js                                                                            176b     0.0%
   ├ ../../node_modules/.pnpm/remeda@2.21.3/node_modules/remeda/dist/chunk-TFN3JWPS.cjs                                                                       175b     0.0%
   ├ ../../node_modules/.pnpm/lodash@4.17.21/node_modules/lodash/_baseSetToString.js                                                                          174b     0.0%
   ├ ../../node_modules/.pnpm/lodash@4.17.21/node_modules/lodash/_createAggregator.js                                                                         174b     0.0%
   ├ ../../node_modules/.pnpm/lodash@4.17.21/node_modules/lodash/every.js                                                                                     174b     0.0%
   ├ ../../node_modules/.pnpm/lodash@4.17.21/node_modules/lodash/some.js                                                                                      174b     0.0%
   ├ ../../node_modules/.pnpm/remeda@2.21.3/node_modules/remeda/dist/chunk-PLI6NTFG.cjs                                                                       172b     0.0%
   ├ ../../node_modules/.pnpm/remeda@2.21.3/node_modules/remeda/dist/chunk-RGCQFGZY.cjs                                                                       172b     0.0%
   ├ ../../node_modules/.pnpm/remeda@2.21.3/node_modules/remeda/dist/chunk-IZG62LS3.cjs                                                                       171b     0.0%
   ├ ../../node_modules/.pnpm/remeda@2.21.3/node_modules/remeda/dist/chunk-NWOOYPRM.cjs                                                                       171b     0.0%
   ├ ../../node_modules/.pnpm/remeda@2.21.3/node_modules/remeda/dist/chunk-T7LMEFSB.cjs                                                                       171b     0.0%
   ├ ../../node_modules/.pnpm/remeda@2.21.3/node_modules/remeda/dist/chunk-V7HWXUIZ.cjs                                                                       171b     0.0%
   ├ ../../node_modules/.pnpm/lodash@4.17.21/node_modules/lodash/groupBy.js                                                                                   169b     0.0%
   ├ ../../node_modules/.pnpm/remeda@2.21.3/node_modules/remeda/dist/chunk-5CCICUPX.cjs                                                                       167b     0.0%
   ├ ../../node_modules/.pnpm/lodash@4.17.21/node_modules/lodash/_toSource.js                                                                                 166b     0.0%
   ├ ../../node_modules/.pnpm/lodash@4.17.21/node_modules/lodash/dropRight.js                                                                                 166b     0.0%
   ├ ../../node_modules/.pnpm/remeda@2.21.3/node_modules/remeda/dist/chunk-D76GQP37.cjs                                                                       163b     0.0%
   ├ ../../node_modules/.pnpm/remeda@2.21.3/node_modules/remeda/dist/chunk-GN2V224U.cjs                                                                       163b     0.0%
   ├ ../../node_modules/.pnpm/remeda@2.21.3/node_modules/remeda/dist/chunk-OPZFYGKS.cjs                                                                       163b     0.0%
   ├ ../../node_modules/.pnpm/lodash@4.17.21/node_modules/lodash/isString.js                                                                                  162b     0.0%
   ├ ../../node_modules/.pnpm/remeda@2.21.3/node_modules/remeda/dist/chunk-UJACFZCD.cjs                                                                       162b     0.0%
   ├ ../../node_modules/.pnpm/lodash@4.17.21/node_modules/lodash/_hashHas.js                                                                                  161b     0.0%
   ├ ../../node_modules/.pnpm/lodash@4.17.21/node_modules/lodash/_baseGet.js                                                                                  160b     0.0%
   ├ ../../node_modules/.pnpm/lodash@4.17.21/node_modules/lodash/drop.js                                                                                      160b     0.0%
   ├ ../../node_modules/.pnpm/remeda@2.21.3/node_modules/remeda/dist/chunk-JD5SR4UU.cjs                                                                       160b     0.0%
   ├ ../../node_modules/.pnpm/lodash@4.17.21/node_modules/lodash/_baseIsEqual.js                                                                              158b     0.0%
   ├ ../../node_modules/.pnpm/lodash@4.17.21/node_modules/lodash/_isFlattenable.js                                                                            158b     0.0%
   ├ ../../node_modules/.pnpm/lodash@4.17.21/node_modules/lodash/_baseMap.js                                                                                  157b     0.0%
   ├ ../../node_modules/.pnpm/remeda@2.21.3/node_modules/remeda/dist/chunk-BPTQUXG2.cjs                                                                       156b     0.0%
   ├ ../../node_modules/.pnpm/lodash@4.17.21/node_modules/lodash/_baseAssignValue.js                                                                          153b     0.0%
   ├ ../../node_modules/.pnpm/lodash@4.17.21/node_modules/lodash/_cloneDataView.js                                                                            153b     0.0%
   ├ ../../node_modules/.pnpm/lodash@4.17.21/node_modules/lodash/_isPrototype.js                                                                              151b     0.0%
   ├ ../../node_modules/.pnpm/lodash@4.17.21/node_modules/lodash/reject.js                                                                                    151b     0.0%
   ├ ../../node_modules/.pnpm/remeda@2.21.3/node_modules/remeda/dist/chunk-3YTXDOFH.cjs                                                                       151b     0.0%
   ├ ../../node_modules/.pnpm/lodash@4.17.21/node_modules/lodash/_isKeyable.js                                                                                150b     0.0%
   ├ ../../node_modules/.pnpm/lodash@4.17.21/node_modules/lodash/_toKey.js                                                                                    150b     0.0%
   ├ ../../node_modules/.pnpm/lodash@4.17.21/node_modules/lodash/_cloneTypedArray.js                                                                          149b     0.0%
   ├ ../../node_modules/.pnpm/lodash@4.17.21/node_modules/lodash/_listCacheSet.js                                                                             149b     0.0%
   ├ ../../node_modules/.pnpm/lodash@4.17.21/node_modules/lodash/_getMatchData.js                                                                             148b     0.0%
   ├ ../../node_modules/.pnpm/lodash@4.17.21/node_modules/lodash/_initCloneObject.js                                                                          148b     0.0%
   ├ ../../node_modules/.pnpm/lodash@4.17.21/node_modules/lodash/_mapCacheClear.js                                                                            148b     0.0%
   ├ ../../node_modules/.pnpm/remeda@2.21.3/node_modules/remeda/dist/chunk-J4ZIXB5A.cjs                                                                       148b     0.0%
   ├ ../../node_modules/.pnpm/lodash@4.17.21/node_modules/lodash/_cloneRegExp.js                                                                              147b     0.0%
   ├ ../../node_modules/.pnpm/lodash@4.17.21/node_modules/lodash/_cloneSymbol.js                                                                              147b     0.0%
   ├ ../../node_modules/.pnpm/lodash@4.17.21/node_modules/lodash/_createSet.js                                                                                146b     0.0%
   ├ ../../node_modules/.pnpm/lodash@4.17.21/node_modules/lodash/_memoizeCapped.js                                                                            146b     0.0%
   ├ ../../node_modules/.pnpm/lodash@4.17.21/node_modules/lodash/_arrayFilter.js                                                                              145b     0.0%
   ├ ../../node_modules/.pnpm/remeda@2.21.3/node_modules/remeda/dist/chunk-JRDQRETR.cjs                                                                       145b     0.0%
   ├ ../../node_modules/.pnpm/lodash@4.17.21/node_modules/lodash/_root.js                                                                                     144b     0.0%
   ├ ../../node_modules/.pnpm/lodash@4.17.21/node_modules/lodash/_arrayReduce.js                                                                              142b     0.0%
   ├ ../../node_modules/.pnpm/remeda@2.21.3/node_modules/remeda/dist/chunk-P2BF7KOL.cjs                                                                       140b     0.0%
   ├ ../../node_modules/.pnpm/lodash@4.17.21/node_modules/lodash/_getMapData.js                                                                               139b     0.0%
   ├ ../../node_modules/.pnpm/lodash@4.17.21/node_modules/lodash/_mapCacheSet.js                                                                              139b     0.0%
   ├ ../../node_modules/.pnpm/lodash@4.17.21/node_modules/lodash/compact.js                                                                                   138b     0.0%
   ├ ../../node_modules/.pnpm/lodash@4.17.21/node_modules/lodash/difference.js                                                                                138b     0.0%
   ├ ../../node_modules/.pnpm/lodash@4.17.21/node_modules/lodash/_baseFindIndex.js                                                                            137b     0.0%
   ├ ../../node_modules/.pnpm/lodash@4.17.21/node_modules/lodash/_cloneArrayBuffer.js                                                                         137b     0.0%
   ├ ../../node_modules/.pnpm/lodash@4.17.21/node_modules/lodash/filter.js                                                                                    137b     0.0%
   ├ ../../node_modules/.pnpm/lodash@4.17.21/node_modules/lodash/isSymbol.js                                                                                  136b     0.0%
   ├ ../../node_modules/.pnpm/remeda@2.21.3/node_modules/remeda/dist/chunk-FM7VCYVX.cjs                                                                       136b     0.0%
   ├ ../../node_modules/.pnpm/remeda@2.21.3/node_modules/remeda/dist/chunk-J5SXZSYJ.cjs                                                                       136b     0.0%
   ├ ../../node_modules/.pnpm/lodash@4.17.21/node_modules/lodash/_arrayAggregator.js                                                                          135b     0.0%
   ├ ../../node_modules/.pnpm/lodash@4.17.21/node_modules/lodash/_defineProperty.js                                                                           134b     0.0%
   ├ ../../node_modules/.pnpm/remeda@2.21.3/node_modules/remeda/dist/chunk-MRW27Y3D.cjs                                                                       134b     0.0%
   ├ ../../node_modules/.pnpm/lodash@4.17.21/node_modules/lodash/_baseEvery.js                                                                                132b     0.0%
   ├ ../../node_modules/.pnpm/remeda@2.21.3/node_modules/remeda/dist/chunk-GU7N664V.cjs                                                                       132b     0.0%
   ├ ../../node_modules/.pnpm/remeda@2.21.3/node_modules/remeda/dist/chunk-VKNW54FW.cjs                                                                       132b     0.0%
   ├ ../../node_modules/.pnpm/remeda@2.21.3/node_modules/remeda/dist/chunk-WLQDZSR7.cjs                                                                       132b     0.0%
   ├ ../../node_modules/.pnpm/lodash@4.17.21/node_modules/lodash/_arrayMap.js                                                                                 131b     0.0%
   ├ ../../node_modules/.pnpm/lodash@4.17.21/node_modules/lodash/_castSlice.js                                                                                131b     0.0%
   ├ ../../node_modules/.pnpm/remeda@2.21.3/node_modules/remeda/dist/chunk-EJDHVFCL.cjs                                                                       131b     0.0%
   ├ ../../node_modules/.pnpm/lodash@4.17.21/node_modules/lodash/_arrayEvery.js                                                                               130b     0.0%
   ├ ../../node_modules/.pnpm/lodash@4.17.21/node_modules/lodash/_baseFilter.js                                                                               130b     0.0%
   ├ ../../node_modules/.pnpm/lodash@4.17.21/node_modules/lodash/_baseSome.js                                                                                 130b     0.0%
   ├ ../../node_modules/.pnpm/lodash@4.17.21/node_modules/lodash/_matchesStrictComparable.js                                                                  130b     0.0%
   ├ ../../node_modules/.pnpm/remeda@2.21.3/node_modules/remeda/dist/chunk-BDCOMBJE.cjs                                                                       130b     0.0%
   ├ ../../node_modules/.pnpm/remeda@2.21.3/node_modules/remeda/dist/chunk-BH5YMMU4.cjs                                                                       130b     0.0%
   ├ ../../node_modules/.pnpm/remeda@2.21.3/node_modules/remeda/dist/chunk-GSBVKOHS.cjs                                                                       130b     0.0%
   ├ ../../node_modules/.pnpm/remeda@2.21.3/node_modules/remeda/dist/chunk-IBIWGBTG.cjs                                                                       130b     0.0%
   ├ ../../node_modules/.pnpm/lodash@4.17.21/node_modules/lodash/_arrayIncludesWith.js                                                                        129b     0.0%
   ├ ../../node_modules/.pnpm/remeda@2.21.3/node_modules/remeda/dist/chunk-MJXROIL4.cjs                                                                       129b     0.0%
   ├ ../../node_modules/.pnpm/remeda@2.21.3/node_modules/remeda/dist/chunk-WIB7TSTB.cjs                                                                       128b     0.0%
   ├ ../../node_modules/.pnpm/remeda@2.21.3/node_modules/remeda/dist/chunk-YVDAPTFC.cjs                                                                       128b     0.0%
   ├ ../../node_modules/.pnpm/lodash@4.17.21/node_modules/lodash/_arraySome.js                                                                                127b     0.0%
   ├ ../../node_modules/.pnpm/lodash@4.17.21/node_modules/lodash/_baseHas.js                                                                                  127b     0.0%
   ├ ../../node_modules/.pnpm/lodash@4.17.21/node_modules/lodash/map.js                                                                                       127b     0.0%
   ├ ../../node_modules/.pnpm/remeda@2.21.3/node_modules/remeda/dist/chunk-4JOSX7CP.cjs                                                                       127b     0.0%
   ├ ../../node_modules/.pnpm/zeptomatch@2.0.2/node_modules/zeptomatch/dist/utils.js                                                                          127b     0.0%
   ├ ../../node_modules/.pnpm/@electric-sql+pglite-socket@0.0.6_@electric-sql+pglite@0.3.2/node_modules/@electric-sql/pglite-socket/dist/index.js             126b     0.0%
   ├ ../../node_modules/.pnpm/lodash@4.17.21/node_modules/lodash/_castPath.js                                                                                 126b     0.0%
   ├ ../../node_modules/.pnpm/lodash@4.17.21/node_modules/lodash/_baseIndexOf.js                                                                              125b     0.0%
   ├ ../../node_modules/.pnpm/lodash@4.17.21/node_modules/lodash/forEach.js                                                                                   125b     0.0%
   ├ ../../node_modules/.pnpm/lodash@4.17.21/node_modules/lodash/_assocIndexOf.js                                                                             124b     0.0%
   ├ ../../node_modules/.pnpm/lodash@4.17.21/node_modules/lodash/_baseIsRegExp.js                                                                             124b     0.0%
   ├ ../../node_modules/.pnpm/lodash@4.17.21/node_modules/lodash/_mapToArray.js                                                                               124b     0.0%
   ├ ../../node_modules/.pnpm/lodash@4.17.21/node_modules/lodash/_baseTrim.js                                                                                 123b     0.0%
   ├ ../../node_modules/.pnpm/lodash@4.17.21/node_modules/lodash/_trimmedEndIndex.js                                                                          123b     0.0%
   ├ ../../node_modules/.pnpm/lodash@4.17.21/node_modules/lodash/_arrayEach.js                                                                                122b     0.0%
   ├ ../../node_modules/.pnpm/lodash@4.17.21/node_modules/lodash/_setCacheAdd.js                                                                              122b     0.0%
   ├ ../../node_modules/.pnpm/lodash@4.17.21/node_modules/lodash/isLength.js                                                                                  122b     0.0%
   ├ ../../node_modules/.pnpm/remeda@2.21.3/node_modules/remeda/dist/chunk-R33HN455.cjs                                                                       122b     0.0%
   ├ ../../node_modules/.pnpm/lodash@4.17.21/node_modules/lodash/_baseIsMap.js                                                                                121b     0.0%
   ├ ../../node_modules/.pnpm/lodash@4.17.21/node_modules/lodash/_baseIsSet.js                                                                                121b     0.0%
   ├ ../../node_modules/.pnpm/lodash@4.17.21/node_modules/lodash/_hashDelete.js                                                                               120b     0.0%
   ├ ../../node_modules/.pnpm/remeda@2.21.3/node_modules/remeda/dist/chunk-4ENLFZNP.cjs                                                                       120b     0.0%
   ├ ../../node_modules/.pnpm/remeda@2.21.3/node_modules/remeda/dist/chunk-S3XAXSFN.cjs                                                                       120b     0.0%
   ├ ../../node_modules/.pnpm/lodash@4.17.21/node_modules/lodash/_baseAggregator.js                                                                           119b     0.0%
   ├ ../../node_modules/.pnpm/lodash@4.17.21/node_modules/lodash/_baseIsArguments.js                                                                          119b     0.0%
   ├ ../../node_modules/.pnpm/lodash@4.17.21/node_modules/lodash/_copyArray.js                                                                                119b     0.0%
   ├ ../../node_modules/.pnpm/lodash@4.17.21/node_modules/lodash/_listCacheGet.js                                                                             119b     0.0%
   ├ ../../node_modules/.pnpm/lodash@4.17.21/node_modules/lodash/_strictIndexOf.js                                                                            119b     0.0%
   ├ ../../node_modules/.pnpm/remeda@2.21.3/node_modules/remeda/dist/chunk-MN45XGTO.cjs                                                                       119b     0.0%
   ├ ../../node_modules/.pnpm/remeda@2.21.3/node_modules/remeda/dist/chunk-RGVDJIAT.cjs                                                                       119b     0.0%
   ├ ../../node_modules/.pnpm/lodash@4.17.21/node_modules/lodash/_arrayIncludes.js                                                                            118b     0.0%
   ├ ../../node_modules/.pnpm/lodash@4.17.21/node_modules/lodash/_setToArray.js                                                                               118b     0.0%
   ├ ../../node_modules/.pnpm/lodash@4.17.21/node_modules/lodash/get.js                                                                                       118b     0.0%
   ├ ../../node_modules/.pnpm/chevrotain@10.5.0/node_modules/chevrotain/lib/src/version.js                                                                    117b     0.0%
   ├ ../../node_modules/.pnpm/lodash@4.17.21/node_modules/lodash/_arrayPush.js                                                                                116b     0.0%
   ├ ../../node_modules/.pnpm/lodash@4.17.21/node_modules/lodash/_baseReduce.js                                                                               116b     0.0%
   ├ ../../node_modules/.pnpm/lodash@4.17.21/node_modules/lodash/_baseRest.js                                                                                 116b     0.0%
   ├ ../../node_modules/.pnpm/lodash@4.17.21/node_modules/lodash/_mapCacheDelete.js                                                                           116b     0.0%
   ├ ../../node_modules/.pnpm/lodash@4.17.21/node_modules/lodash/property.js                                                                                  116b     0.0%
   ├ ../../node_modules/.pnpm/remeda@2.21.3/node_modules/remeda/dist/chunk-WLNQOMKL.cjs                                                                       116b     0.0%
   ├ ../../node_modules/.pnpm/remeda@2.21.3/node_modules/remeda/dist/chunk-LUBEYBXD.cjs                                                                       114b     0.0%
   ├ ../../node_modules/.pnpm/lodash@4.17.21/node_modules/lodash/_nativeKeysIn.js                                                                             113b     0.0%
   ├ ../../node_modules/.pnpm/lodash@4.17.21/node_modules/lodash/_baseGetAllKeys.js                                                                           112b     0.0%
   ├ ../../node_modules/.pnpm/lodash@4.17.21/node_modules/lodash/_stringToArray.js                                                                            112b     0.0%
   ├ ../../node_modules/.pnpm/lodash@4.17.21/node_modules/lodash/flatten.js                                                                                   112b     0.0%
   ├ ../../node_modules/.pnpm/lodash@4.17.21/node_modules/lodash/_stackDelete.js                                                                              111b     0.0%
   ├ ../../node_modules/.pnpm/lodash@4.17.21/node_modules/lodash/isObject.js                                                                                  111b     0.0%
   ├ ../../node_modules/.pnpm/lodash@4.17.21/node_modules/lodash/_getNative.js                                                                                109b     0.0%
   ├ ../../node_modules/.pnpm/lodash@4.17.21/node_modules/lodash/_objectToString.js                                                                           108b     0.0%
   ├ ../../node_modules/.pnpm/lodash@4.17.21/node_modules/lodash/isArrayLike.js                                                                               108b     0.0%
   ├ ../../node_modules/.pnpm/lodash@4.17.21/node_modules/lodash/toInteger.js                                                                                 108b     0.0%
   ├ ../../node_modules/.pnpm/chevrotain@10.5.0/node_modules/chevrotain/lib/src/parse/constants.js                                                            107b     0.0%
   ├ ../../node_modules/.pnpm/lodash@4.17.21/node_modules/lodash/_freeGlobal.js                                                                               107b     0.0%
   ├ ../../node_modules/.pnpm/lodash@4.17.21/node_modules/lodash/keysIn.js                                                                                    107b     0.0%
   ├ ../../node_modules/.pnpm/lodash@4.17.21/node_modules/lodash/_getAllKeysIn.js                                                                             106b     0.0%
   ├ ../../node_modules/.pnpm/lodash@4.17.21/node_modules/lodash/isRegExp.js                                                                                  105b     0.0%
   ├ ../../node_modules/.pnpm/lodash@4.17.21/node_modules/lodash/keys.js                                                                                      104b     0.0%
   ├ ../../node_modules/.pnpm/@mrleebo+prisma-ast@0.12.1/node_modules/@mrleebo/prisma-ast/dist/index.js                                                       103b     0.0%
   ├ ../../node_modules/.pnpm/lodash@4.17.21/node_modules/lodash/_baseTimes.js                                                                                103b     0.0%
   ├ ../../node_modules/.pnpm/lodash@4.17.21/node_modules/lodash/_baseValues.js                                                                               103b     0.0%
   ├ ../../node_modules/.pnpm/lodash@4.17.21/node_modules/lodash/_hashClear.js                                                                                103b     0.0%
   ├ ../../node_modules/.pnpm/lodash@4.17.21/node_modules/lodash/isTypedArray.js                                                                              103b     0.0%
   ├ ../../node_modules/.pnpm/lodash@4.17.21/node_modules/lodash/isMap.js                                                                                     102b     0.0%
   ├ ../../node_modules/.pnpm/lodash@4.17.21/node_modules/lodash/isSet.js                                                                                     102b     0.0%
   ├ ../../node_modules/.pnpm/lodash@4.17.21/node_modules/lodash/last.js                                                                                      101b     0.0%
   ├ ../../node_modules/.pnpm/lodash@4.17.21/node_modules/lodash/values.js                                                                                    101b     0.0%
   ├ ../../node_modules/.pnpm/lodash@4.17.21/node_modules/lodash/_copySymbolsIn.js                                                                            100b     0.0%
   ├ ../../node_modules/.pnpm/lodash@4.17.21/node_modules/lodash/flatMap.js                                                                                   100b     0.0%
   ├ ../../node_modules/.pnpm/lodash@4.17.21/node_modules/lodash/has.js                                                                                       100b     0.0%
   ├ ../../node_modules/.pnpm/lodash@4.17.21/node_modules/lodash/hasIn.js                                                                                     100b     0.0%
   ├ ../../node_modules/.pnpm/lodash@4.17.21/node_modules/lodash/_basePropertyDeep.js                                                                          98b     0.0%
   ├ ../../node_modules/.pnpm/lodash@4.17.21/node_modules/lodash/_copySymbols.js                                                                               98b     0.0%
   ├ ../../node_modules/.pnpm/lodash@4.17.21/node_modules/lodash/_getAllKeys.js                                                                                98b     0.0%
   ├ ../../node_modules/.pnpm/lodash@4.17.21/node_modules/lodash/_baseAssign.js                                                                                97b     0.0%
   ├ ../../node_modules/.pnpm/lodash@4.17.21/node_modules/lodash/_baseAssignIn.js                                                                              97b     0.0%
   ├ ../../node_modules/.pnpm/lodash@4.17.21/node_modules/lodash/isArrayLikeObject.js                                                                          97b     0.0%
   ├ ../../node_modules/.pnpm/lodash@4.17.21/node_modules/lodash/_castFunction.js                                                                              96b     0.0%
   ├ ../../node_modules/.pnpm/lodash@4.17.21/node_modules/lodash/_stackClear.js                                                                                95b     0.0%
   ├ ../../node_modules/.pnpm/lodash@4.17.21/node_modules/lodash/uniq.js                                                                                       95b     0.0%
   ├ ../../node_modules/.pnpm/lodash@4.17.21/node_modules/lodash/_baseForOwn.js                                                                                94b     0.0%
   ├ ../../node_modules/.pnpm/lodash@4.17.21/node_modules/lodash/_listCacheHas.js                                                                              93b     0.0%
   ├ ../../node_modules/.pnpm/lodash@4.17.21/node_modules/lodash/clone.js                                                                                      90b     0.0%
   ├ ../../node_modules/.pnpm/lodash@4.17.21/node_modules/lodash/_getPrototype.js                                                                              88b     0.0%
   ├ ../../node_modules/.pnpm/lodash@4.17.21/node_modules/lodash/_mapCacheGet.js                                                                               88b     0.0%
   ├ ../../node_modules/.pnpm/lodash@4.17.21/node_modules/lodash/_mapCacheHas.js                                                                               88b     0.0%
   ├ ../../node_modules/.pnpm/lodash@4.17.21/node_modules/lodash/_overArg.js                                                                                   88b     0.0%
   ├ ../../node_modules/.pnpm/lodash@4.17.21/node_modules/lodash/toString.js                                                                                   87b     0.0%
   ├ ../../node_modules/.pnpm/lodash@4.17.21/node_modules/lodash/isObjectLike.js                                                                               86b     0.0%
   ├ ../../node_modules/.pnpm/lodash@4.17.21/node_modules/lodash/_baseProperty.js                                                                              85b     0.0%
   ├ ../../node_modules/.pnpm/lodash@4.17.21/node_modules/lodash/_baseHasIn.js                                                                                 84b     0.0%
   ├ ../../node_modules/.pnpm/lodash@4.17.21/node_modules/lodash/_isStrictComparable.js                                                                        84b     0.0%
   ├ ../../node_modules/.pnpm/lodash@4.17.21/node_modules/lodash/head.js                                                                                       84b     0.0%
   ├ ../../node_modules/.pnpm/lodash@4.17.21/node_modules/lodash/_baseUnary.js                                                                                 83b     0.0%
   ├ ../../node_modules/.pnpm/lodash@4.17.21/node_modules/lodash/constant.js                                                                                   81b     0.0%
   ├ ../../node_modules/.pnpm/lodash@4.17.21/node_modules/lodash/eq.js                                                                                         80b     0.0%
   ├ ../../node_modules/.pnpm/lodash@4.17.21/node_modules/lodash/_listCacheClear.js                                                                            79b     0.0%
   ├ ../../node_modules/.pnpm/lodash@4.17.21/node_modules/lodash/_setCacheHas.js                                                                               79b     0.0%
   ├ ../../node_modules/.pnpm/lodash@4.17.21/node_modules/lodash/_stackGet.js                                                                                  79b     0.0%
   ├ ../../node_modules/.pnpm/lodash@4.17.21/node_modules/lodash/_stackHas.js                                                                                  79b     0.0%
   ├ ../../node_modules/.pnpm/lodash@4.17.21/node_modules/lodash/_DataView.js                                                                                  77b     0.0%
   ├ ../../node_modules/.pnpm/lodash@4.17.21/node_modules/lodash/_Promise.js                                                                                   76b     0.0%
   ├ ../../node_modules/.pnpm/lodash@4.17.21/node_modules/lodash/_WeakMap.js                                                                                   76b     0.0%
   ├ ../../node_modules/.pnpm/lodash@4.17.21/node_modules/lodash/_coreJsData.js                                                                                76b     0.0%
   ├ ../../node_modules/.pnpm/lodash@4.17.21/node_modules/lodash/_nativeKeys.js                                                                                74b     0.0%
   ├ ../../node_modules/.pnpm/lodash@4.17.21/node_modules/lodash/upperFirst.js                                                                                 73b     0.0%
   ├ ../../node_modules/.pnpm/lodash@4.17.21/node_modules/lodash/_Map.js                                                                                       72b     0.0%
   ├ ../../node_modules/.pnpm/lodash@4.17.21/node_modules/lodash/_Set.js                                                                                       72b     0.0%
   ├ ../../node_modules/.pnpm/lodash@4.17.21/node_modules/lodash/_asciiToArray.js                                                                              72b     0.0%
   ├ ../../node_modules/.pnpm/lodash@4.17.21/node_modules/lodash/_setToString.js                                                                               72b     0.0%
   ├ ../../node_modules/.pnpm/lodash@4.17.21/node_modules/lodash/find.js                                                                                       72b     0.0%
   ├ ../../node_modules/.pnpm/lodash@4.17.21/node_modules/lodash/_nativeCreate.js                                                                              71b     0.0%
   ├ ../../node_modules/.pnpm/lodash@4.17.21/node_modules/lodash/isUndefined.js                                                                                71b     0.0%
   ├ ../../node_modules/.pnpm/lodash@4.17.21/node_modules/lodash/_cacheHas.js                                                                                  69b     0.0%
   ├ ../../node_modules/.pnpm/lodash@4.17.21/node_modules/lodash/_getValue.js                                                                                  67b     0.0%
   ├ ../../node_modules/.pnpm/lodash@4.17.21/node_modules/lodash/_baseEach.js                                                                                  66b     0.0%
   ├ ../../node_modules/.pnpm/lodash@4.17.21/node_modules/lodash/_baseIsNaN.js                                                                                 66b     0.0%
   ├ ../../node_modules/.pnpm/lodash@4.17.21/node_modules/lodash/_Uint8Array.js                                                                                65b     0.0%
   ├ ../../node_modules/.pnpm/lodash@4.17.21/node_modules/lodash/_Symbol.js                                                                                    61b     0.0%
   ├ ../../node_modules/.pnpm/lodash@4.17.21/node_modules/lodash/identity.js                                                                                   60b     0.0%
   ├ ../../node_modules/.pnpm/lodash@4.17.21/node_modules/lodash/stubArray.js                                                                                  59b     0.0%
   ├ ../../node_modules/.pnpm/lodash@4.17.21/node_modules/lodash/stubFalse.js                                                                                  59b     0.0%
   ├ ../../node_modules/.pnpm/lodash@4.17.21/node_modules/lodash/isArray.js                                                                                    57b     0.0%
   ├ ../../node_modules/.pnpm/lodash@4.17.21/node_modules/lodash/_baseFor.js                                                                                   56b     0.0%
   ├ ../../node_modules/.pnpm/lodash@4.17.21/node_modules/lodash/noop.js                                                                                       53b     0.0%
   ├ ../../node_modules/.pnpm/zeptomatch@2.0.2/node_modules/zeptomatch/dist/convert/parser.js                                                                  49b     0.0%
   ├ ../../node_modules/.pnpm/zeptomatch@2.0.2/node_modules/zeptomatch/dist/normalize/parser.js                                                                49b     0.0%
   ├ ../../node_modules/.pnpm/lodash@4.17.21/node_modules/lodash/first.js                                                                                      38b     0.0%
   ├ ../../node_modules/.pnpm/retry@0.12.0/node_modules/retry/index.js                                                                                         38b     0.0%
   └ ../../node_modules/.pnpm/@prisma+get-platform@6.8.2/node_modules/@prisma/get-platform/dist/chunk-6HZWON4S.js                                              29b     0.0%

Copying @prisma/studio-core-licensed static assets...
Copying prisma-schema-wasm WASM file for Prisma 6 Language Server...
Copying prisma-schema-wasm WASM file...
Copying pglite pglite.data...
Copying pglite pglite.wasm...

Build complete!
